Timestamp(ms),isGoodSignal,filteredIntensity,rrIntervals_count,medianRrMs,rawBpm,filteredBpm
19,true,-0.27115015652088914,3,766.6666666666667,78.26086956521738,0.0
49,true,-0.2594171780200156,3,766.6666666666667,78.26086956521738,0.0
81,true,-0.2470941750529505,3,766.6666666666667,78.26086956521738,0.0
116,true,-0.23435641118348371,3,766.6666666666667,78.26086956521738,0.0
150,true,-0.22519929542224304,3,766.6666666666667,78.26086956521738,0.0
184,true,-0.20879780656346725,3,766.6666666666667,78.26086956521738,0.0
216,true,-0.19893561264652249,3,766.6666666666667,78.26086956521738,0.0
249,true,-0.18535516252924822,3,766.6666666666667,78.26086956521738,0.0
283,true,-0.1691887239012999,3,766.6666666666667,78.26086956521738,0.0
320,true,-0.1501208959110727,3,766.6666666666667,78.26086956521738,0.0
348,true,-0.1338476076788595,3,766.6666666666667,78.26086956521738,0.0
383,true,-0.13606759223986842,3,766.6666666666667,78.26086956521738,0.0
415,true,-0.17126577359144335,3,766.6666666666667,78.26086956521738,0.0
452,true,-0.24439234889135264,3,766.6666666666667,78.26086956521738,0.0
482,true,-0.33429057166563325,4,766.6666666666667,78.26086956521738,0.0
516,true,-0.4275940184142826,4,766.6666666666667,78.26086956521738,0.0
551,true,-0.48993647490610215,4,766.6666666666667,78.26086956521738,0.0
587,true,-0.5035712674540775,4,766.6666666666667,78.26086956521738,0.0
617,true,-0.448170949493516,4,766.6666666666667,78.26086956521738,0.0
652,true,-0.3530798063342502,4,766.6666666666667,78.26086956521738,0.0
687,true,-0.22244735487529965,4,766.6666666666667,78.26086956521738,0.0
714,true,-0.057153292748381546,4,766.6666666666667,78.26086956521738,0.0
752,true,0.13294890351212985,4,766.6666666666667,78.26086956521738,0.0
787,true,0.34975728813876117,4,766.6666666666667,78.26086956521738,0.0
817,true,0.5975144141050919,4,766.6666666666667,78.26086956521738,78.26086956521738
847,true,0.8460127279856522,4,766.6666666666667,78.26086956521738,78.26086956521738
886,true,1.070654988839891,4,766.6666666666667,78.26086956521738,78.26086956521738
917,true,1.279128897060417,4,766.6666666666667,78.26086956521738,78.26086956521738
954,true,1.5128420834330427,4,766.6666666666667,78.26086956521738,78.26086956521738
990,true,1.7283252901183914,4,766.6666666666667,78.26086956521738,78.26086956521738
1026,true,1.9243891916391647,2,1500.0,40.0,78.26086956521738
1053,true,2.088715807927656,2,1500.0,40.0,78.26086956521738
1087,true,2.222968444116276,2,1500.0,40.0,78.26086956521738
1121,true,2.2773273964048144,2,1500.0,40.0,78.26086956521738
1154,true,2.3009316870875693,0,0.0,0.0,78.26086956521738
1187,true,2.280139701666485,0,0.0,0.0,78.26086956521738
1214,true,2.2161878656545753,0,0.0,0.0,78.26086956521738
1247,true,2.1179583231159995,0,0.0,0.0,78.26086956521738
1282,true,1.9899352742053225,0,0.0,0.0,78.26086956521738
1323,true,1.8298283337577743,0,0.0,0.0,78.26086956521738
1353,true,1.6804973335988507,0,0.0,0.0,78.26086956521738
1387,true,1.577111027481891,0,0.0,0.0,78.26086956521738
1417,true,1.497805933852419,0,0.0,0.0,78.26086956521738
1452,true,1.435485967808546,0,0.0,0.0,78.26086956521738
1491,true,1.3879030171903537,0,0.0,0.0,78.26086956521738
1528,true,1.3346716495509554,0,0.0,0.0,78.26086956521738
1574,true,1.2618240892406618,0,0.0,0.0,78.26086956521738
1597,true,1.1971074487619262,0,0.0,0.0,78.26086956521738
1619,true,1.139994514930379,0,0.0,0.0,78.26086956521738
1648,true,1.076097342783811,0,0.0,0.0,78.26086956521738
1691,true,1.0131176970642741,0,0.0,0.0,78.26086956521738
1715,true,0.9653609762495137,0,0.0,0.0,78.26086956521738
1751,true,0.9177101786071091,0,0.0,0.0,78.26086956521738
1786,true,0.8621745540501706,0,0.0,0.0,78.26086956521738
1817,true,0.8263042662918565,0,0.0,0.0,78.26086956521738
1851,true,0.7881052168293365,0,0.0,0.0,78.26086956521738
1883,true,0.7330471557676788,0,0.0,0.0,78.26086956521738
1916,true,0.6480113224615991,0,0.0,0.0,78.26086956521738
1950,true,0.4973624711096818,0,0.0,0.0,78.26086956521738
1981,true,0.230893044889541,0,0.0,0.0,78.26086956521738
2019,true,-0.0725281691390478,0,0.0,0.0,78.26086956521738
2057,true,-0.3551596775035648,0,0.0,0.0,78.26086956521738
2084,true,-0.573050608602415,0,0.0,0.0,78.26086956521738
2122,true,-0.6636990095774422,0,0.0,0.0,78.26086956521738
2149,true,-0.615498443379721,0,0.0,0.0,78.26086956521738
2189,true,-0.47408485558256075,0,0.0,0.0,78.26086956521738
2215,true,-0.3497659264115782,0,0.0,0.0,78.26086956521738
2252,true,-0.27451643954668725,0,0.0,0.0,78.26086956521738
2282,true,-0.2522258789524301,0,0.0,0.0,78.26086956521738
2321,true,-0.2485596533279022,0,0.0,0.0,78.26086956521738
2349,true,-0.27116971675138757,0,0.0,0.0,78.26086956521738
2388,true,-0.2592093747940396,0,0.0,0.0,78.26086956521738
2425,true,-0.22205663655753938,0,0.0,0.0,78.26086956521738
2454,true,-0.17541440524300356,0,0.0,0.0,78.26086956521738
2487,true,-0.08891917842009889,0,0.0,0.0,78.26086956521738
2524,true,0.028743400497830862,0,0.0,0.0,78.26086956521738
2557,true,0.16934891821239262,0,0.0,0.0,78.26086956521738
2590,true,0.3870509737386385,0,0.0,0.0,78.26086956521738
2614,true,0.650809264329979,0,0.0,0.0,78.26086956521738
2655,true,0.9442667811032663,0,0.0,0.0,78.26086956521738
2687,true,1.2109481110860258,0,0.0,0.0,78.26086956521738
2722,true,1.3757337218736154,0,0.0,0.0,78.26086956521738
2754,true,1.365291890383304,1,1566.6666666666667,38.29787234042553,78.26086956521738
2787,true,1.2598826368314349,1,1566.6666666666667,38.29787234042553,78.26086956521738
2819,true,1.0576314713763963,1,1566.6666666666667,38.29787234042553,78.26086956521738
2853,true,0.8478773165684572,1,1566.6666666666667,38.29787234042553,78.26086956521738
2886,true,0.7167556726128339,1,1566.6666666666667,38.29787234042553,78.26086956521738
2916,true,0.6800786353192905,1,1566.6666666666667,38.29787234042553,78.26086956521738
2953,true,0.671923099803081,1,1566.6666666666667,38.29787234042553,78.26086956521738
2989,true,0.6876985766774908,1,1566.6666666666667,38.29787234042553,78.26086956521738
3016,true,0.7179240455643026,1,1566.6666666666667,38.29787234042553,78.26086956521738
3052,true,0.7203135596266463,1,1566.6666666666667,38.29787234042553,78.26086956521738
3086,true,0.6729663535804207,1,1566.6666666666667,38.29787234042553,78.26086956521738
3124,true,0.5610507469174308,1,1166.6666666666667,51.42857142857142,78.26086956521738
3153,true,0.34275513690124626,1,1166.6666666666667,51.42857142857142,78.26086956521738
3189,true,0.001225884511455888,1,1166.6666666666667,51.42857142857142,78.26086956521738
3218,true,-0.4198893689231227,1,1166.6666666666667,51.42857142857142,78.26086956521738
3254,true,-0.831916603845599,1,1166.6666666666667,51.42857142857142,78.26086956521738
3283,true,-1.1968676229123218,1,1166.6666666666667,51.42857142857142,78.26086956521738
3317,true,-1.4749665762705888,1,1166.6666666666667,51.42857142857142,78.26086956521738
3351,true,-1.630235655397513,1,1166.6666666666667,51.42857142857142,78.26086956521738
3387,true,-1.6566322015810897,1,1166.6666666666667,51.42857142857142,78.26086956521738
3417,true,-1.6513693350008793,1,1166.6666666666667,51.42857142857142,78.26086956521738
3455,true,-1.641115447916178,1,1166.6666666666667,51.42857142857142,78.26086956521738
3491,true,-1.667132110854027,1,1166.6666666666667,51.42857142857142,78.26086956521738
3514,true,-1.7329406050244813,1,1566.6666666666667,38.29787234042553,78.26086956521738
3549,true,-1.8420764952752222,1,1566.6666666666667,38.29787234042553,78.26086956521738
3589,true,-1.9891205790019626,1,1566.6666666666667,38.29787234042553,78.26086956521738
3620,true,-2.2171853313023746,1,1566.6666666666667,38.29787234042553,78.26086956521738
3653,true,-2.4804895118996626,1,1566.6666666666667,38.29787234042553,78.26086956521738
3682,true,-2.925535872171821,1,1566.6666666666667,38.29787234042553,78.26086956521738
3724,true,-3.9238099516594502,1,1566.6666666666667,38.29787234042553,78.26086956521738
3755,true,-5.148212892816417,1,1566.6666666666667,38.29787234042553,78.26086956521738
3789,true,-6.366460536946391,1,1566.6666666666667,38.29787234042553,78.26086956521738
3816,true,-7.668380113618156,1,1566.6666666666667,38.29787234042553,78.26086956521738
3856,true,-9.033040984305188,1,1566.6666666666667,38.29787234042553,78.26086956521738
3882,true,-9.897171071209954,1,1566.6666666666667,38.29787234042553,78.26086956521738
3919,true,-10.394302911263736,1,1566.6666666666667,38.29787234042553,78.26086956521738
3952,true,-10.84439055224587,2,400.0,150.0,78.26086956521738
3991,true,-11.240173308568018,2,400.0,150.0,78.26086956521738
4036,true,-11.335704076213432,1,400.0,150.0,78.26086956521738
4057,true,-11.389837978240223,1,400.0,150.0,78.26086956521738
4087,true,-11.48561364556268,1,400.0,150.0,78.26086956521738
4117,true,-11.581754833263915,1,400.0,150.0,78.26086956521738
4149,true,-11.544556162810153,1,400.0,150.0,78.26086956521738
4189,true,-11.57501153788317,1,400.0,150.0,78.26086956521738
4218,true,-11.751374041530653,0,0.0,0.0,78.26086956521738
4253,true,-12.082583102599642,0,0.0,0.0,78.26086956521738
4282,true,-12.377597869131932,0,0.0,0.0,78.26086956521738
4320,true,-12.707208443006294,0,0.0,0.0,78.26086956521738
4352,true,-13.018391127471801,0,0.0,0.0,78.26086956521738
4387,true,-13.313747735578616,0,0.0,0.0,78.26086956521738
4424,true,-13.92128607187783,0,0.0,0.0,78.26086956521738
4448,true,-14.751697454931758,0,0.0,0.0,78.26086956521738
4487,true,-15.573172806680034,0,0.0,0.0,78.26086956521738
4521,true,-16.239566674196624,0,0.0,0.0,78.26086956521738
4552,true,-16.76199639207846,0,0.0,0.0,78.26086956521738
4594,true,-16.766831550218996,0,0.0,0.0,78.26086956521738
4634,true,-16.50059849073378,0,0.0,0.0,78.26086956521738
4656,true,-16.55495162611379,0,0.0,0.0,78.26086956521738
4684,true,-16.757041670281325,0,0.0,0.0,78.26086956521738
4720,true,-16.862665242381354,0,0.0,0.0,78.26086956521738
4753,true,-16.757030271738643,0,0.0,0.0,78.26086956521738
4786,true,-16.825822500038612,0,0.0,0.0,78.26086956521738
4825,true,-16.401674671419798,0,0.0,0.0,78.26086956521738
4859,true,-15.65524970448405,0,0.0,0.0,78.26086956521738
4887,true,-14.6433540869686,0,0.0,0.0,78.26086956521738
4921,true,-13.946009817540414,0,0.0,0.0,78.26086956521738
4949,true,-13.0551907417494,0,0.0,0.0,78.26086956521738
4981,true,-12.441387112937193,0,0.0,0.0,78.26086956521738
5023,true,-11.924871028074719,0,0.0,0.0,78.26086956521738
5052,true,-11.755027923818943,0,0.0,0.0,78.26086956521738
5088,true,-11.75803804735446,0,0.0,0.0,78.26086956521738
5127,true,-11.870784727352117,0,0.0,0.0,78.26086956521738
5151,true,-11.952241669908076,0,0.0,0.0,78.26086956521738
5185,true,-12.375408736446275,0,0.0,0.0,78.26086956521738
5214,true,-12.811869229508943,0,0.0,0.0,78.26086956521738
5253,true,-13.149407347483077,0,0.0,0.0,78.26086956521738
5286,true,-13.344443762458198,0,0.0,0.0,78.26086956521738
5324,true,-13.037297415348931,0,0.0,0.0,78.26086956521738
5350,true,-12.423465984106471,0,0.0,0.0,78.26086956521738
5384,true,-12.138147613827314,1,900.0,66.66666666666667,78.26086956521738
5423,true,-11.932839726250435,2,900.0,66.66666666666667,78.26086956521738
5451,true,-11.427148811462615,1,400.0,150.0,78.26086956521738
5486,true,-11.020264010119718,1,400.0,150.0,78.26086956521738
5518,true,-10.736712492739528,1,400.0,150.0,78.26086956521738
5550,true,-9.948376818524608,1,400.0,150.0,78.26086956521738
5585,true,-8.737287469649118,1,400.0,150.0,78.26086956521738
5621,true,-7.919342737416343,1,400.0,150.0,78.26086956521738
5654,true,-7.317290495430569,2,400.0,150.0,78.26086956521738
5679,true,-7.030634273645433,2,400.0,150.0,78.26086956521738
5720,true,-6.9370641579088215,1,1566.6666666666667,38.29787234042553,78.26086956521738
5759,true,-7.146335454797594,1,1566.6666666666667,38.29787234042553,78.26086956521738
5788,true,-7.347203634690771,1,1566.6666666666667,38.29787234042553,78.26086956521738
5815,true,-7.589001191280204,1,1566.6666666666667,38.29787234042553,78.26086956521738
5848,true,-7.521659955312515,1,1566.6666666666667,38.29787234042553,78.26086956521738
5882,true,-7.374387482323101,1,1566.6666666666667,38.29787234042553,78.26086956521738
5920,true,-7.168436964784831,2,400.0,150.0,78.26086956521738
5954,true,-6.921502628721527,2,400.0,150.0,78.26086956521738
5985,true,-6.750004095679401,2,400.0,150.0,78.26086956521738
6018,true,-6.626067346589366,2,400.0,150.0,78.26086956521738
6051,true,-6.510937724232264,1,400.0,150.0,78.26086956521738
6085,true,-6.380374516478014,1,400.0,150.0,78.26086956521738
6126,true,-6.239376581545713,1,400.0,150.0,78.26086956521738
6155,true,-6.033859527318384,1,400.0,150.0,78.26086956521738
6183,true,-6.0117698473627,1,400.0,150.0,78.26086956521738
6256,true,-5.928011247285241,1,400.0,150.0,78.26086956521738
6285,true,-5.794867668148129,1,400.0,150.0,78.26086956521738
6321,true,-5.658788172851672,1,400.0,150.0,78.26086956521738
6349,true,-5.483277426219303,1,400.0,150.0,78.26086956521738
6380,true,-5.215038768493059,1,400.0,150.0,78.26086956521738
6419,true,-5.094429457859917,1,400.0,150.0,78.26086956521738
6459,true,-5.086883226149212,1,400.0,150.0,78.26086956521738
6487,true,-5.136266241975022,1,400.0,150.0,78.26086956521738
6515,true,-5.269738333347107,1,400.0,150.0,78.26086956521738
6550,true,-5.317414321140973,1,400.0,150.0,78.26086956521738
6585,true,-5.370196820358387,1,400.0,150.0,78.26086956521738
6620,true,-5.429894940897924,1,400.0,150.0,78.26086956521738
6659,true,-5.486076486951902,1,400.0,150.0,78.26086956521738
6685,true,-5.54543156200296,1,400.0,150.0,78.26086956521738
6717,true,-5.601212846516063,1,400.0,150.0,78.26086956521738
6749,true,-5.606945223554362,1,400.0,150.0,78.26086956521738
6784,true,-5.591113043755854,1,400.0,150.0,78.26086956521738
6820,true,-5.689869564812568,1,400.0,150.0,78.26086956521738
6857,true,-5.810877396830961,2,400.0,150.0,78.26086956521738
6884,true,-5.925428631545799,2,400.0,150.0,78.26086956521738
6960,true,-6.052833585975293,2,400.0,150.0,78.26086956521738
6993,true,-6.186819070616309,1,1566.6666666666667,38.29787234042553,78.26086956521738
7017,true,-6.220345564546079,1,1566.6666666666667,38.29787234042553,78.26086956521738
7055,true,-6.306058923818455,1,1566.6666666666667,38.29787234042553,78.26086956521738
7086,true,-6.52124984166727,1,1566.6666666666667,38.29787234042553,78.26086956521738
7119,true,-6.744021312294166,1,1566.6666666666667,38.29787234042553,78.26086956521738
7148,true,-6.948468433436801,1,1566.6666666666667,38.29787234042553,78.26086956521738
7196,true,-7.149466078650704,1,1566.6666666666667,38.29787234042553,78.26086956521738
7219,true,-7.28861740658283,1,1566.6666666666667,38.29787234042553,78.26086956521738
7259,true,-7.07563712219951,1,1566.6666666666667,38.29787234042553,78.26086956521738
7280,true,-6.8377084917106,1,1566.6666666666667,38.29787234042553,78.26086956521738
7319,true,-6.635345583027544,1,1566.6666666666667,38.29787234042553,78.26086956521738
7351,true,-6.422346936057579,1,1566.6666666666667,38.29787234042553,78.26086956521738
7391,true,-6.183693773309727,1,1566.6666666666667,38.29787234042553,78.26086956521738
7426,true,-6.201415172867115,1,1566.6666666666667,38.29787234042553,78.26086956521738
7456,true,-6.202799225390805,1,1566.6666666666667,38.29787234042553,78.26086956521738
7486,true,-6.138644983054803,1,1566.6666666666667,38.29787234042553,78.26086956521738
7520,true,-6.061456864841631,1,1566.6666666666667,38.29787234042553,78.26086956521738
7550,true,-5.951456175868117,1,1566.6666666666667,38.29787234042553,78.26086956521738
7591,true,-5.7792894623711675,1,1566.6666666666667,38.29787234042553,78.26086956521738
7622,true,-5.643278141551576,5,700.0,85.71428571428571,78.26086956521738
7675,true,-5.524506200856592,5,700.0,85.71428571428571,79.00621118012421
7684,true,-5.418157635576392,5,700.0,85.71428571428571,79.67701863354036
7718,true,-5.46696204872751,5,700.0,85.71428571428571,80.28074534161489
7752,true,-5.609992379149276,2,1500.0,40.0,80.82409937888197
7785,true,-5.737074305648463,2,1500.0,40.0,80.82409937888197
7825,true,-5.888470393637533,2,1500.0,40.0,80.82409937888197
7857,true,-6.044386370040343,2,1500.0,40.0,80.82409937888197
7885,true,-6.062235916115725,2,1500.0,40.0,80.82409937888197
7918,true,-6.0928636060514805,2,1500.0,40.0,80.82409937888197
7953,true,-6.082782851145339,2,1500.0,40.0,80.82409937888197
7993,true,-6.031829547885053,2,1500.0,40.0,80.82409937888197
8021,true,-5.98514117675029,2,1500.0,40.0,80.82409937888197
8061,true,-5.988140166683252,2,1500.0,40.0,80.82409937888197
8096,true,-5.923213459860506,2,1500.0,40.0,80.82409937888197
8120,true,-5.863997433562901,2,1500.0,40.0,80.82409937888197
8156,true,-5.820660630292821,2,1500.0,40.0,80.82409937888197
8189,true,-5.751919843835026,2,1500.0,40.0,80.82409937888197
8220,true,-5.62743047822471,2,1500.0,40.0,80.82409937888197
8250,true,-5.4573252406631525,2,1500.0,40.0,80.82409937888197
8281,true,-5.311851033906834,2,1500.0,40.0,80.82409937888197
8318,true,-5.139755319561942,2,1500.0,40.0,80.82409937888197
8356,true,-4.981222067170819,2,1500.0,40.0,80.82409937888197
8385,true,-4.855211122148205,2,1500.0,40.0,80.82409937888197
8416,true,-4.864850468697313,2,1500.0,40.0,80.82409937888197
8452,true,-4.938332799050698,2,1500.0,40.0,80.82409937888197
8488,true,-5.067234457298127,2,1500.0,40.0,80.82409937888197
8517,true,-5.285300337287964,2,1500.0,40.0,80.82409937888197
8552,true,-5.476025686603492,2,1500.0,40.0,80.82409937888197
8587,true,-5.590657016367004,2,1500.0,40.0,80.82409937888197
8615,true,-5.629953936775394,2,1500.0,40.0,80.82409937888197
8651,true,-5.656690186413016,2,1500.0,40.0,80.82409937888197
8686,true,-5.592676962831632,2,1500.0,40.0,80.82409937888197
8717,true,-5.5454293213150265,2,1500.0,40.0,80.82409937888197
8748,true,-5.470635418124772,2,1500.0,40.0,80.82409937888197
8782,true,-5.427265108268813,2,1500.0,40.0,80.82409937888197
8819,true,-5.391849730932165,2,1500.0,40.0,80.82409937888197
8847,true,-5.325565390744572,2,1500.0,40.0,80.82409937888197
8888,true,-5.245508542031331,4,700.0,85.71428571428571,80.82409937888197
8921,true,-5.144087322477191,4,700.0,85.71428571428571,81.31311801242234
8950,true,-5.005831065251755,4,700.0,85.71428571428571,81.75323478260867
8982,true,-4.825513871697808,4,700.0,85.71428571428571,82.14933987577638
9016,true,-4.666963441246537,4,700.0,85.71428571428571,82.50583445962731
9051,true,-4.482271843779529,4,700.0,85.71428571428571,82.82667958509315
9083,true,-4.368394291362989,4,700.0,85.71428571428571,83.11544019801241
9114,true,-4.271923612014064,4,700.0,85.71428571428571,83.37532474963974
9149,true,-4.249890568431681,4,700.0,85.71428571428571,83.60922084610434
9188,true,-4.266975848148604,6,700.0,85.71428571428571,83.81972733292247
9214,true,-4.3222997275765636,6,700.0,85.71428571428571,84.0091831710588
9251,true,-4.416561639341921,6,700.0,85.71428571428571,84.17969342538149
9297,true,-4.497624450091564,6,700.0,85.71428571428571,84.33315265427191
9321,true,-4.5308302130140135,6,700.0,85.71428571428571,84.4712659602733
9352,true,-4.536784679626095,6,700.0,85.71428571428571,84.59556793567454
9384,true,-4.5561976131954225,6,700.0,85.71428571428571,84.70743971353565
9416,true,-4.476610191916109,6,700.0,85.71428571428571,84.80812431361066
9448,true,-4.413918464183979,6,700.0,85.71428571428571,84.89874045367817
9487,true,-4.337106243411512,6,700.0,85.71428571428571,84.98029497973893
9518,true,-4.2437661651359235,6,700.0,85.71428571428571,85.05369405319361
9549,true,-4.141332249001351,6,700.0,85.71428571428571,85.11975321930282
9583,true,-4.008750532288872,6,700.0,85.71428571428571,85.17920646880111
9618,true,-3.8548781455386916,6,700.0,85.71428571428571,85.23271439334957
9650,true,-3.6910413637038175,6,700.0,85.71428571428571,85.28087152544319
9687,true,-3.529968208102048,6,700.0,85.71428571428571,85.32421294432744
9716,true,-3.3529019832121207,6,700.0,85.71428571428571,85.36322022132327
9748,true,-3.2102530939637575,6,700.0,85.71428571428571,85.39832677061952
9785,true,-2.9888940013900367,6,700.0,85.71428571428571,85.42992266498614
9818,true,-2.8290705863924757,6,700.0,85.71428571428571,85.45835896991609
9847,true,-2.8315523276230294,7,700.0,85.71428571428571,85.48395164435306
9884,true,-2.9237706836771338,7,700.0,85.71428571428571,85.50698505134632
9922,true,-3.0610307604271725,7,700.0,85.71428571428571,85.52771511764026
9962,true,-3.313394761478122,7,700.0,85.71428571428571,85.5463721773048
9986,true,-3.512192609676248,7,700.0,85.71428571428571,85.5631635310029
10017,true,-3.536654599860725,7,700.0,85.71428571428571,85.57827574933118
10062,true,-3.5553828282992583,7,700.0,85.71428571428571,85.59187674582664
10083,true,-3.5293372725762424,7,700.0,85.71428571428571,85.60411764267255
10118,true,-3.528120265963622,7,700.0,85.71428571428571,85.61513444983386
10150,true,-3.5515849795305883,7,700.0,85.71428571428571,85.62504957627904
10184,true,-3.6036192934671476,7,700.0,85.71428571428571,85.6339731900797
10219,true,-3.6090094199534235,7,700.0,85.71428571428571,85.64200444250031
10249,true,-3.616466456746849,7,700.0,85.71428571428571,85.64923256967884
10283,true,-3.576609728573004,7,700.0,85.71428571428571,85.65573788413953
10316,true,-3.5240132058804647,7,700.0,85.71428571428571,85.66159266715414
10346,true,-3.455447284942892,7,700.0,85.71428571428571,85.66686197186729
10385,true,-3.348653042926344,7,700.0,85.71428571428571,85.67160434610913
10418,true,-3.227339947405369,7,700.0,85.71428571428571,85.67587248292679
10452,true,-3.0885451486993247,7,700.0,85.71428571428571,85.67971380606268
10494,true,-2.947797004156456,7,700.0,85.71428571428571,85.68317099688498
10520,true,-2.797698967570682,7,700.0,85.71428571428571,85.68628246862505
10548,true,-2.6527419096480855,7,700.0,85.71428571428571,85.68908279319112
10579,true,-2.466817505787162,7,700.0,85.71428571428571,85.69160308530059
10625,true,-2.456253907006385,7,700.0,85.71428571428571,85.6938713481991
10648,true,-2.529874232172631,8,700.0,85.71428571428571,85.69591278480776
10702,true,-2.653094860332061,8,700.0,85.71428571428571,85.69775007775556
10717,true,-2.8287064923902108,8,700.0,85.71428571428571,85.69940364140858
10749,true,-3.039089952912377,8,700.0,85.71428571428571,85.70089184869629
10790,true,-3.1723850724530394,8,700.0,85.71428571428571,85.70223123525523
10819,true,-3.2213735075554837,8,700.0,85.71428571428571,85.70343668315827
10852,true,-3.2510495941809268,8,700.0,85.71428571428571,85.70452158627101
10883,true,-3.245420234286854,1,1166.6666666666667,51.42857142857142,85.70549799907248
10916,true,-3.2773837112264914,1,1166.6666666666667,51.42857142857142,85.70549799907248
10950,true,-3.236492483242472,1,1166.6666666666667,51.42857142857142,85.70549799907248
10983,true,-3.201250155476856,1,1166.6666666666667,51.42857142857142,85.70549799907248
11014,true,-3.1388674626842032,1,1166.6666666666667,51.42857142857142,85.70549799907248
11054,true,-3.0555125960311784,1,1166.6666666666667,51.42857142857142,85.70549799907248
11084,true,-2.9533971816201188,1,1166.6666666666667,51.42857142857142,85.70549799907248
11115,true,-2.822831041923507,1,1166.6666666666667,51.42857142857142,85.70549799907248
11150,true,-2.6790922984659744,1,1166.6666666666667,51.42857142857142,85.70549799907248
11184,true,-2.5338581287980446,7,400.0,150.0,85.70549799907248
11227,true,-2.4038710372297203,7,400.0,150.0,85.70549799907248
11252,true,-2.2620854000997213,7,400.0,150.0,85.70549799907248
11284,true,-2.1367687402743627,7,400.0,150.0,85.70549799907248
11313,true,-1.9915072813408585,7,400.0,150.0,85.70549799907248
11360,true,-1.9249521782719228,7,400.0,150.0,85.70549799907248
11386,true,-1.8833068953399277,7,400.0,150.0,85.70549799907248
11416,true,-1.9129278536730965,7,400.0,150.0,85.70549799907248
11444,true,-2.0370771117486584,7,400.0,150.0,85.70549799907248
11484,true,-2.209432897872773,7,400.0,150.0,85.70549799907248
11518,true,-2.353561286557351,7,400.0,150.0,85.70549799907248
11548,true,-2.463166957443889,7,400.0,150.0,85.70549799907248
11581,true,-2.542313589039793,7,400.0,150.0,85.70549799907248
11618,true,-2.5267116337113578,7,400.0,150.0,85.70549799907248
11650,true,-2.4613802287430815,7,400.0,150.0,85.70549799907248
11682,true,-2.3753164062375447,7,400.0,150.0,85.70549799907248
11717,true,-2.3207882350598936,7,400.0,150.0,85.70549799907248
11754,true,-2.2400192110783905,7,400.0,150.0,85.70549799907248
11789,true,-2.2154953782298037,7,400.0,150.0,85.70549799907248
11821,true,-2.2171330101611773,7,400.0,150.0,85.70549799907248
11850,true,-2.186308312554843,7,400.0,150.0,85.70549799907248
11885,true,-2.1205449202817306,7,400.0,150.0,85.70549799907248
11919,true,-2.007587563480513,7,400.0,150.0,85.70549799907248
11952,true,-1.832582212402798,7,400.0,150.0,85.70549799907248
11983,true,-1.7035380074806028,7,400.0,150.0,85.70549799907248
12018,true,-1.572864543121682,7,400.0,150.0,85.70549799907248
12050,true,-1.4389008520327593,7,400.0,150.0,85.70549799907248
12081,true,-1.386974698428503,7,400.0,150.0,85.70549799907248
12119,true,-1.4160034076089687,8,400.0,150.0,85.70549799907248
12156,true,-1.5065516890065282,8,400.0,150.0,85.70549799907248
12186,true,-1.6440261294092124,8,400.0,150.0,85.70549799907248
12218,true,-1.8181307503538449,7,333.3333333333333,180.0,85.70549799907248
12253,true,-2.03206298834597,7,333.3333333333333,180.0,85.70549799907248
12282,true,-2.1721167587512156,7,333.3333333333333,180.0,85.70549799907248
12313,true,-2.2295705720494965,7,333.3333333333333,180.0,85.70549799907248
12345,true,-2.260515984716875,7,333.3333333333333,180.0,85.70549799907248
12381,true,-2.3052742851726578,7,333.3333333333333,180.0,85.70549799907248
12412,true,-2.2986899542755452,7,333.3333333333333,180.0,85.70549799907248
12451,true,-2.3160510690970284,7,333.3333333333333,180.0,85.70549799907248
12481,true,-2.3167884431888695,7,333.3333333333333,180.0,85.70549799907248
12512,true,-2.330410805830624,7,333.3333333333333,180.0,85.70549799907248
12581,true,-2.2942913633361997,7,333.3333333333333,180.0,85.70549799907248
12617,true,-2.2295735972309245,7,333.3333333333333,180.0,85.70549799907248
12651,true,-2.136621589533405,7,333.3333333333333,180.0,85.70549799907248
12683,true,-2.0339331339493185,7,333.3333333333333,180.0,85.70549799907248
12722,true,-1.8892377002389225,7,333.3333333333333,180.0,85.70549799907248
12751,true,-1.7520698626889981,7,333.3333333333333,180.0,85.70549799907248
12784,true,-1.626672530433325,6,400.0,150.0,85.70549799907248
12815,true,-1.4701805244464339,6,400.0,150.0,85.70549799907248
12848,true,-1.3364669051118625,6,400.0,150.0,85.70549799907248
12884,true,-1.2860562686808237,6,400.0,150.0,85.70549799907248
12915,true,-1.350820870535685,6,400.0,150.0,85.70549799907248
12950,true,-1.4167226099854417,6,400.0,150.0,85.70549799907248
12983,true,-1.5387415836121647,6,400.0,150.0,85.70549799907248
13015,true,-1.7666871980744645,6,400.0,150.0,85.70549799907248
13051,true,-1.9408740253028185,6,400.0,150.0,85.70549799907248
13084,true,-2.02915719018155,6,400.0,150.0,85.70549799907248
13119,true,-2.1214659568431955,10,700.0,85.71428571428571,85.70549799907248
13152,true,-2.236854426300468,10,700.0,85.71428571428571,85.7063767705938
13184,true,-2.2462762405203307,10,700.0,85.71428571428571,85.707167664963
13220,true,-2.2692817327520913,10,700.0,85.71428571428571,85.70787946989526
13248,true,-2.280251017871393,10,700.0,85.71428571428571,85.7085200943343
13283,true,-2.270097215812484,10,700.0,85.71428571428571,85.70909665632945
13320,true,-2.2195142571109443,10,700.0,85.71428571428571,85.70961556212508
13352,true,-2.1496306916505574,10,700.0,85.71428571428571,85.71008257734114
13383,true,-2.0455458376891613,10,700.0,85.71428571428571,85.7105028910356
13418,true,-1.923687514175242,10,700.0,85.71428571428571,85.71088117336062
13452,true,-1.8066638295268547,10,700.0,85.71428571428571,85.71122162745313
13485,true,-1.679836510423229,10,700.0,85.71428571428571,85.71152803613639
13513,true,-1.550294481934344,5,333.3333333333333,180.0,85.71180380395131
13548,true,-1.4391745318581712,5,333.3333333333333,180.0,85.71180380395131
13584,true,-1.3229032141699548,5,333.3333333333333,180.0,85.71180380395131
13621,true,-1.1956218515743728,5,333.3333333333333,180.0,85.71180380395131
13652,true,-1.170240352141846,5,333.3333333333333,180.0,85.71180380395131
13684,true,-1.2334372639488436,5,333.3333333333333,180.0,85.71180380395131
13730,true,-1.3493228494037481,5,333.3333333333333,180.0,85.71180380395131
13751,true,-1.5358453758824027,5,333.3333333333333,180.0,85.71180380395131
13798,true,-1.7548771311785032,5,333.3333333333333,180.0,85.71180380395131
13824,true,-1.9272761684206188,5,333.3333333333333,180.0,85.71180380395131
13853,true,-2.0248664588056187,5,333.3333333333333,180.0,85.71180380395131
13884,true,-2.100014525502445,5,333.3333333333333,180.0,85.71180380395131
13914,true,-2.130724514701413,5,333.3333333333333,180.0,85.71180380395131
13950,true,-2.188041959582506,5,333.3333333333333,180.0,85.71180380395131
13980,true,-2.226976620520901,5,333.3333333333333,180.0,85.71180380395131
14020,true,-2.2745429420645706,5,333.3333333333333,180.0,85.71180380395131
14050,true,-2.2910815557005577,5,333.3333333333333,180.0,85.71180380395131
14085,true,-2.290822204132141,5,333.3333333333333,180.0,85.71180380395131
14147,true,-2.233436322506492,5,333.3333333333333,180.0,85.71180380395131
14193,true,-2.1321850195008665,5,333.3333333333333,180.0,85.71180380395131
14218,true,-2.0150024761200314,5,333.3333333333333,180.0,85.71180380395131
14250,true,-1.8730677744188284,4,333.3333333333333,180.0,85.71180380395131
14285,true,-1.7323589618064261,4,333.3333333333333,180.0,85.71180380395131
14314,true,-1.5925925598961044,4,333.3333333333333,180.0,85.71180380395131
14348,true,-1.4659620808942293,4,333.3333333333333,180.0,85.71180380395131
14388,true,-1.3598514613416484,4,333.3333333333333,180.0,85.71180380395131
14417,true,-1.3624510709031483,4,333.3333333333333,180.0,85.71180380395131
14451,true,-1.4489889873437534,4,333.3333333333333,180.0,85.71180380395131
14482,true,-1.6189651113331252,4,333.3333333333333,180.0,85.71180380395131
14518,true,-1.8414946970957402,4,333.3333333333333,180.0,85.71180380395131
14548,true,-2.055829661196185,4,333.3333333333333,180.0,85.71180380395131
14582,true,-2.231751438897035,4,333.3333333333333,180.0,85.71180380395131
14610,true,-2.3212824098029046,4,333.3333333333333,180.0,85.71180380395131
14650,true,-2.38695162548116,4,333.3333333333333,180.0,85.71180380395131
14680,true,-2.420737989356468,4,333.3333333333333,180.0,85.71180380395131
14721,true,-2.4632643275683677,11,700.0,85.71428571428571,85.71180380395131
14749,true,-2.477352973048383,11,700.0,85.71428571428571,85.71205199498475
14790,true,-2.5178206608369607,11,700.0,85.71428571428571,85.71227536691484
14817,true,-2.5182812817065354,11,700.0,85.71428571428571,85.71247640165193
14849,true,-2.502513911649501,11,700.0,85.71428571428571,85.7126573329153
14895,true,-2.461553752316675,11,700.0,85.71428571428571,85.71282017105234
14913,true,-2.3923592095027146,11,700.0,85.71428571428571,85.71296672537568
14944,true,-2.293487346008135,11,700.0,85.71428571428571,85.71309862426668
14981,true,-2.1640829517899363,11,700.0,85.71428571428571,85.71321733326859
15019,true,-2.0272987918811793,11,700.0,85.71428571428571,85.7133241713703
15052,true,-1.870086683270273,11,700.0,85.71428571428571,85.71342032566184
15089,true,-1.7280347531843887,11,700.0,85.71428571428571,85.71350686452423
15118,true,-1.5839615404851912,11,700.0,85.71428571428571,85.71358474950038
15161,true,-1.483565853298046,9,766.6666666666667,78.26086956521738,85.71365484597892
15186,true,-1.5221330041596843,10,766.6666666666667,78.26086956521738,84.96837631790277
15221,true,-1.6912499742124538,10,766.6666666666667,78.26086956521738,84.29762564263423
15258,true,-1.905028908245896,10,766.6666666666667,78.26086956521738,83.69395003489254
15284,true,-2.170349880661405,10,766.6666666666667,78.26086956521738,83.15064198792503
15315,true,-2.4586658571390387,10,766.6666666666667,78.26086956521738,82.66166474565426
15353,true,-2.6321128853903417,10,766.6666666666667,78.26086956521738,82.22158522761057
15393,true,-2.756072437568747,10,766.6666666666667,78.26086956521738,81.82551366137126
15417,true,-2.849785525196822,10,766.6666666666667,78.26086956521738,81.46904925175588
15448,true,-2.989832270517468,10,766.6666666666667,78.26086956521738,81.14823128310202
15480,true,-3.0937937648414646,10,766.6666666666667,78.26086956521738,80.85949511131355
15519,true,-3.220771462856675,10,766.6666666666667,78.26086956521738,80.59963255670394
15549,true,-3.3173048747433995,10,766.6666666666667,78.26086956521738,80.36575625755528
15585,true,-3.402934324958295,10,766.6666666666667,78.26086956521738,80.15526758832148
15623,true,-3.3921906176037737,10,766.6666666666667,78.26086956521738,79.96582778601106
15646,true,-3.3245934920861373,10,766.6666666666667,78.26086956521738,79.79533196393169
15682,true,-3.200134754338663,10,766.6666666666667,78.26086956521738,79.64188572406026
15714,true,-3.0888814289830435,10,766.6666666666667,78.26086956521738,79.50378410817596
15754,true,-2.9656541653998403,10,766.6666666666667,78.26086956521738,79.3794926538801
15780,true,-2.8175770141746597,10,766.6666666666667,78.26086956521738,79.26763034501383
15810,true,-2.7220268828098,3,300.0,200.0,79.16695426703419
15847,true,-2.581199989985933,3,300.0,200.0,79.16695426703419
15885,true,-2.4056809015945646,3,300.0,200.0,79.16695426703419
15918,true,-2.208472735824259,3,300.0,200.0,79.16695426703419
15945,true,-2.0826807412202726,3,300.0,200.0,79.16695426703419
15981,true,-2.05742666072868,3,300.0,200.0,79.16695426703419
16015,true,-2.1962909704187155,3,300.0,200.0,79.16695426703419
16047,true,-2.4105591224980003,3,300.0,200.0,79.16695426703419
16081,true,-2.6669520347022058,3,300.0,200.0,79.16695426703419
16117,true,-2.9964683323066197,3,300.0,200.0,79.16695426703419
16151,true,-3.2308682083298805,3,300.0,200.0,79.16695426703419
16185,true,-3.363302166987154,3,300.0,200.0,79.16695426703419
16220,true,-3.424013320662837,3,300.0,200.0,79.16695426703419
16256,true,-3.4990969544732877,3,300.0,200.0,79.16695426703419
16285,true,-3.4754586351291152,3,300.0,200.0,79.16695426703419
16320,true,-3.453081021215084,3,300.0,200.0,79.16695426703419
16346,true,-3.439939322930499,3,300.0,200.0,79.16695426703419
16382,true,-3.430327453183054,3,300.0,200.0,79.16695426703419
16413,true,-3.3795008813478518,3,300.0,200.0,79.16695426703419
16449,true,-3.291436574595025,3,300.0,200.0,79.16695426703419
16483,true,-3.185058475603242,3,300.0,200.0,79.16695426703419
16514,true,-3.0468531611168146,10,766.6666666666667,78.26086956521738,79.16695426703419
16551,true,-2.8966295077395614,10,766.6666666666667,78.26086956521738,79.07634579685251
16581,true,-2.771155425851532,10,766.6666666666667,78.26086956521738,78.99479817368899
16613,true,-2.6674479876887887,10,766.6666666666667,78.26086956521738,78.92140531284183
16649,true,-2.5408360457249017,10,766.6666666666667,78.26086956521738,78.85535173807938
16699,true,-2.4345659569858498,10,766.6666666666667,78.26086956521738,78.79590352079317
16722,true,-2.2859504738992342,10,766.6666666666667,78.26086956521738,78.74240012523559
16775,true,-2.2204702585330978,10,766.6666666666667,78.26086956521738,78.69424706923377
16783,true,-2.2364371000374916,11,766.6666666666667,78.26086956521738,78.65090931883213
16814,true,-2.3448190995960516,11,766.6666666666667,78.26086956521738,78.61190534347065
16847,true,-2.5165914755863525,2,300.0,200.0,78.57680176564533
16881,true,-2.7328798643507497,2,300.0,200.0,78.57680176564533
16916,true,-2.9000950694753556,2,300.0,200.0,78.57680176564533
16949,true,-2.971715349095959,2,300.0,200.0,78.57680176564533
16982,true,-2.9948453710628513,2,300.0,200.0,78.57680176564533
17015,true,-2.9826522420294737,2,300.0,200.0,78.57680176564533
17049,true,-2.9934914115659836,2,300.0,200.0,78.57680176564533
17086,true,-2.967957104332399,2,300.0,200.0,78.57680176564533
17114,true,-2.9631692131275287,2,300.0,200.0,78.57680176564533
17148,true,-2.9643872662502417,2,300.0,200.0,78.57680176564533
17182,true,-2.926045766564286,2,300.0,200.0,78.57680176564533
17215,true,-2.8440448632453155,2,300.0,200.0,78.57680176564533
17252,true,-2.729024018294183,2,300.0,200.0,78.57680176564533
17282,true,-2.5907405175119607,2,300.0,200.0,78.57680176564533
17313,true,-2.3998566517107776,2,300.0,200.0,78.57680176564533
17350,true,-2.221826322023759,2,300.0,200.0,78.57680176564533
17381,true,-2.079667677420403,9,766.6666666666667,78.26086956521738,78.57680176564533
17414,true,-1.9559344975967292,9,766.6666666666667,78.26086956521738,78.54520854560253
17446,true,-1.7636453533384895,9,766.6666666666667,78.26086956521738,78.51677464756402
17482,true,-1.633074367848451,9,766.6666666666667,78.26086956521738,78.49118413932935
17512,true,-1.6162220722352458,9,766.6666666666667,78.26086956521738,78.46815268191816
17551,true,-1.6787890398134664,7,766.6666666666667,78.26086956521738,78.44742437024807
17582,true,-1.8198625312842154,7,766.6666666666667,78.26086956521738,78.428768889745
17613,true,-2.0738896008447654,7,766.6666666666667,78.26086956521738,78.41197895729223
17646,true,-2.4129007758263015,7,766.6666666666667,78.26086956521738,78.39686801808475
17684,true,-2.6539495222673963,7,766.6666666666667,78.26086956521738,78.38326817279801
17712,true,-2.794450876872858,7,766.6666666666667,78.26086956521738,78.37102831203995
17746,true,-2.850877472489813,7,766.6666666666667,78.26086956521738,78.3600124373577
17787,true,-2.921805714931068,7,766.6666666666667,78.26086956521738,78.35009815014367
17817,true,-2.9005385497867877,7,766.6666666666667,78.26086956521738,78.34117529165104
17848,true,-2.894048233656008,7,766.6666666666667,78.26086956521738,78.33314471900768
17877,true,-2.917001157417147,7,766.6666666666667,78.26086956521738,78.32591720362865
17913,true,-2.9531705626082356,7,766.6666666666667,78.26086956521738,78.31941243978753
17955,true,-2.9341418488323825,7,766.6666666666667,78.26086956521738,78.31355815233051
17980,true,-2.8778532053256782,7,766.6666666666667,78.26086956521738,78.3082892936192
18013,true,-2.7901004341455717,7,766.6666666666667,78.26086956521738,78.30354732077902
18047,true,-2.6512514715636115,7,766.6666666666667,78.26086956521738,78.29927954522286
18077,true,-2.496470342601242,7,766.6666666666667,78.26086956521738,78.2954385472223
18113,true,-2.3275622911864815,7,766.6666666666667,78.26086956521738,78.2919816490218
18147,true,-2.1794806790710624,7,766.6666666666667,78.26086956521738,78.28887044064136
18181,true,-2.0665620210224915,7,766.6666666666667,78.26086956521738,78.28607035309896
18211,true,-1.973328290252212,7,766.6666666666667,78.26086956521738,78.2835502743108
18247,true,-1.8663933126077126,7,766.6666666666667,78.26086956521738,78.28128220340146
18282,true,-1.8717165682058123,7,766.6666666666667,78.26086956521738,78.27924093958305
18313,true,-1.9310455781231184,7,766.6666666666667,78.26086956521738,78.27740380214648
18346,true,-2.0495584184979663,7,766.6666666666667,78.26086956521738,78.27575037845357
18378,true,-2.239231833628196,7,766.6666666666667,78.26086956521738,78.27426229712995
18413,true,-2.47190968026176,7,766.6666666666667,78.26086956521738,78.27292302393869
18446,true,-2.6782049087765216,7,766.6666666666667,78.26086956521738,78.27171767806655
18478,true,-2.839556206402861,7,766.6666666666667,78.26086956521738,78.27063286678164
18513,true,-2.750082915688523,7,766.6666666666667,78.26086956521738,78.2696565366252
18544,true,-2.6033286141647807,7,766.6666666666667,78.26086956521738,78.26877783948443
18579,true,-2.4645340591483915,7,766.6666666666667,78.26086956521738,78.26798701205772
18612,true,-2.2798743479317807,7,766.6666666666667,78.26086956521738,78.26727526737368
18647,true,-2.1131911161226924,7,766.6666666666667,78.26086956521738,78.26663469715804
18679,true,-2.1270011421883055,7,766.6666666666667,78.26086956521738,78.26605818396398
18714,true,-2.1270208182527455,7,766.6666666666667,78.26086956521738,78.26553932208931
18745,true,-2.092299340846978,7,766.6666666666667,78.26086956521738,78.26507234640212
18788,true,-2.0295443616935103,7,766.6666666666667,78.26086956521738,78.26465206828365
18812,true,-1.9262185358382737,7,766.6666666666667,78.26086956521738,78.26427381797703
18846,true,-1.7835970004338861,7,766.6666666666667,78.26086956521738,78.26393339270106
18881,true,-1.6437258763235008,7,766.6666666666667,78.26086956521738,78.2636270099527
18911,true,-1.699419900600489,10,766.6666666666667,78.26086956521738,78.26335126547917
18946,true,-1.7567188798640387,10,766.6666666666667,78.26086956521738,78.26310309545299
18979,true,-1.8064982730753485,10,766.6666666666667,78.26086956521738,78.26287974242943
19013,true,-1.873896380901897,10,766.6666666666667,78.26086956521738,78.26267872470822
19049,true,-1.9327234982480803,10,766.6666666666667,78.26086956521738,78.26249780875914
19079,true,-1.9124727678326394,10,766.6666666666667,78.26086956521738,78.26233498440496
19113,true,-2.042072730112878,10,766.6666666666667,78.26086956521738,78.2621884424862
19149,true,-2.271747748643392,10,766.6666666666667,78.26086956521738,78.26205655475933
19180,true,-2.5249369067979472,7,766.6666666666667,78.26086956521738,78.26193785580513
19211,true,-2.8149824911935895,7,766.6666666666667,78.26086956521738,78.26183102674635
19246,true,-3.1253413410298236,7,766.6666666666667,78.26086956521738,78.26173488059345
19279,true,-3.2931477133698337,7,766.6666666666667,78.26086956521738,78.26164834905585
19312,true,-3.137145227594118,7,766.6666666666667,78.26086956521738,78.261570470672
19401,true,-2.9931554634860618,7,766.6666666666667,78.26086956521738,78.26150038012653
19418,true,-2.8632940779087193,7,766.6666666666667,78.26086956521738,78.26143729863561
19495,true,-2.5969920227818193,7,766.6666666666667,78.26086956521738,78.26138052529379
19518,true,-2.2745747543592927,7,766.6666666666667,78.26086956521738,78.26132942928615
19577,true,-2.180502856437073,7,766.6666666666667,78.26086956521738,78.26128344287928
19611,true,-2.087468689525366,7,766.6666666666667,78.26086956521738,78.26124205511309
19646,true,-1.944303923139202,7,766.6666666666667,78.26086956521738,78.26120480612352
19679,true,-1.769673890357069,7,766.6666666666667,78.26086956521738,78.2611712820329
19711,true,-1.6435860850010613,7,766.6666666666667,78.26086956521738,78.26114111035135
19747,true,-1.5272467491091106,7,766.6666666666667,78.26086956521738,78.26111395583794
19778,true,-1.3565977964860565,7,766.6666666666667,78.26086956521738,78.26108951677588
19810,true,-1.4195804398905523,9,766.6666666666667,78.26086956521738,78.26106752162003
19845,true,-1.6483298908363366,9,766.6666666666667,78.26086956521738,78.26104772597976
19885,true,-1.9465005944455527,9,766.6666666666667,78.26086956521738,78.26102990990353
19913,true,-2.3112474847994378,9,766.6666666666667,78.26086956521738,78.26101387543491
19944,true,-2.7571188180358916,7,766.6666666666667,78.26086956521738,78.26099944441316
19981,true,-2.9931705852979036,7,766.6666666666667,78.26086956521738,78.26098645649358
20014,true,-2.930782035719119,7,766.6666666666667,78.26086956521738,78.26097476736597
20053,true,-2.7983337188462656,7,766.6666666666667,78.26086956521738,78.26096424715111
20084,true,-2.5969511937929184,7,766.6666666666667,78.26086956521738,78.26095477895774
20121,true,-2.3467918985379015,7,766.6666666666667,78.26086956521738,78.2609462575837
20150,true,-2.1167253732271263,7,766.6666666666667,78.26086956521738,78.26093858834706
20181,true,-2.0586183157799383,7,766.6666666666667,78.26086956521738,78.26093168603408
20236,true,-2.011632514851229,7,766.6666666666667,78.26086956521738,78.26092547395241
20250,true,-1.9764019454572832,7,766.6666666666667,78.26086956521738,78.26091988307891
20286,true,-1.9268028025592372,7,766.6666666666667,78.26086956521738,78.26091485129275
20313,true,-1.817409990894987,7,766.6666666666667,78.26086956521738,78.26091032268522
20350,true,-1.6727027716006972,7,766.6666666666667,78.26086956521738,78.26090624693843
20383,true,-1.5123463932931003,7,766.6666666666667,78.26086956521738,78.26090257876632
20418,true,-1.3586241281523286,7,766.6666666666667,78.26086956521738,78.26089927741143
20453,true,-1.20242570166333,7,766.6666666666667,78.26086956521738,78.26089630619202
20485,true,-1.0502401159341588,7,766.6666666666667,78.26086956521738,78.26089363209456
20520,true,-0.9202814020091239,7,766.6666666666667,78.26086956521738,78.26089122540685
20549,true,-0.987336062926019,10,766.6666666666667,78.26086956521738,78.2608890593879
20583,true,-1.0797547256441504,10,766.6666666666667,78.26086956521738,78.26088710997085
20615,true,-1.2847036551609108,10,766.6666666666667,78.26086956521738,78.2608853554955
20656,true,-1.6197102390768947,10,766.6666666666667,78.26086956521738,78.2608837764677
20686,true,-2.0174908071955713,10,766.6666666666667,78.26086956521738,78.26088235534266
20759,true,-2.2450014866288086,10,766.6666666666667,78.26086956521738,78.26088107633014
20784,true,-2.3130905113829954,2,400.0,150.0,78.26087992521886
20853,true,-2.2725985401997093,2,400.0,150.0,78.26087992521886
20887,true,-2.1255699648484665,2,400.0,150.0,78.26087992521886
20957,true,-1.9422256909149098,2,400.0,150.0,78.26087992521886
20983,true,-1.7766360386654583,2,400.0,150.0,78.26087992521886
21063,true,-1.724352954142546,2,400.0,150.0,78.26087992521886
21082,true,-1.6725649257318196,2,400.0,150.0,78.26087992521886
21160,true,-1.5854463163767605,2,400.0,150.0,78.26087992521886
21183,true,-1.455717620163668,2,400.0,150.0,78.26087992521886
21258,true,-1.254883603471285,2,400.0,150.0,78.26087992521886
21288,true,-1.0705623425760251,2,400.0,150.0,78.26087992521886
21350,true,-0.8613080066992325,2,400.0,150.0,78.26087992521886
21387,true,-0.7003848386596871,2,400.0,150.0,78.26087992521886
21417,true,-0.6988806444150413,2,400.0,150.0,78.26087992521886
21449,true,-1.0269687842505988,2,400.0,150.0,78.26087992521886
21484,true,-1.4125123332798495,2,400.0,150.0,78.26087992521886
21511,true,-1.962886402231021,2,400.0,150.0,78.26087992521886
21551,true,-2.5070192753402836,2,400.0,150.0,78.26087992521886
21579,true,-2.6541638022675045,2,400.0,150.0,78.26087992521886
21619,true,-2.5120156230960617,2,400.0,150.0,78.26087992521886
21651,true,-2.4111461848551983,2,400.0,150.0,78.26087992521886
21690,true,-2.1889026921069927,2,400.0,150.0,78.26087992521886
21721,true,-1.9805581128127443,2,400.0,150.0,78.26087992521886
21751,true,-2.057509891118329,2,300.0,200.0,78.26087992521886
21784,true,-2.141303522082893,2,300.0,200.0,78.26087992521886
21820,true,-2.120848983401075,2,300.0,200.0,78.26087992521886
21847,true,-2.0833174846557654,2,300.0,200.0,78.26087992521886
21885,true,-2.0060529742866606,2,300.0,200.0,78.26087992521886
21914,true,-1.8899965531678617,2,300.0,200.0,78.26087992521886
21948,true,-1.7570196556753928,2,300.0,200.0,78.26087992521886
21985,true,-1.5692791418865966,2,300.0,200.0,78.26087992521886
22016,true,-1.387421501191909,10,766.6666666666667,78.26086956521738,78.26087992521886
22050,true,-1.1897742830959999,10,766.6666666666667,78.26086956521738,78.26087888921872
22085,true,-1.004679584149585,10,766.6666666666667,78.26086956521738,78.26087795681858
22119,true,-0.832941469841856,10,766.6666666666667,78.26086956521738,78.26087711765845
22155,true,-0.7106391231661888,10,766.6666666666667,78.26086956521738,78.26087636241435
22184,true,-0.612059680817552,10,766.6666666666667,78.26086956521738,78.26087568269465
22219,true,-0.6865311223304928,12,766.6666666666667,78.26086956521738,78.26087507094692
22251,true,-1.0921407433533403,12,766.6666666666667,78.26086956521738,78.26087452037397
22287,true,-1.5535479839842736,12,766.6666666666667,78.26086956521738,78.26087402485831
22314,true,-1.901416809418734,12,766.6666666666667,78.26086956521738,78.26087357889422
22352,true,-2.2457494339087987,12,766.6666666666667,78.26086956521738,78.26087317752653
22387,true,-2.5216839790878396,12,766.6666666666667,78.26086956521738,78.26087281629562
22416,true,-2.4700517794449297,12,766.6666666666667,78.26086956521738,78.2608724911878
22449,true,-2.392225148500799,11,766.6666666666667,78.26086956521738,78.26087219859076
22484,true,-2.4567892645286378,11,766.6666666666667,78.26086956521738,78.26087193525342
22516,true,-2.537568630693926,11,766.6666666666667,78.26086956521738,78.26087169824982
22558,true,-2.5636572984977875,11,766.6666666666667,78.26086956521738,78.26087148494658
22584,true,-2.596960366989464,11,766.6666666666667,78.26086956521738,78.26087129297366
22658,true,-2.5644105483231243,11,766.6666666666667,78.26086956521738,78.26087112019803
22693,true,-2.495022720791809,11,766.6666666666667,78.26086956521738,78.26087096469996
22753,true,-2.3498115053020143,11,766.6666666666667,78.26086956521738,78.2608708247517
22787,true,-2.14597922856899,11,766.6666666666667,78.26086956521738,78.26087069879827
22856,true,-1.9270196451703612,11,766.6666666666667,78.26086956521738,78.26087058544019
22882,true,-1.6869180586883061,11,766.6666666666667,78.26086956521738,78.2608704834179
22960,true,-1.4574052514225286,11,766.6666666666667,78.26086956521738,78.26087039159785
22986,true,-1.2594003345448783,11,766.6666666666667,78.26086956521738,78.2608703089598
23051,true,-1.3846960786449785,11,766.6666666666667,78.26086956521738,78.26087023458555
23081,true,-1.5418332282965679,11,766.6666666666667,78.26086956521738,78.26087016764873
23114,true,-1.7550459864218624,11,766.6666666666667,78.26086956521738,78.2608701074056
23146,true,-2.0525583023191984,11,766.6666666666667,78.26086956521738,78.26087005318678
23177,true,-2.3657307680581425,11,766.6666666666667,78.26086956521738,78.26087000438984
23215,true,-2.43302733395565,11,766.6666666666667,78.26086956521738,78.26086996047259
23247,true,-2.4838094448158756,11,766.6666666666667,78.26086956521738,78.26086992094707
23282,true,-2.5277371640069646,11,766.6666666666667,78.26086956521738,78.2608698853741
23318,true,-2.516385656989854,11,766.6666666666667,78.26086956521738,78.26086985335843
23346,true,-2.5082189239789443,11,766.6666666666667,78.26086956521738,78.26086982454433
23420,true,-2.4297184919248878,10,766.6666666666667,78.26086956521738,78.26086979861164
23447,true,-2.3556839023097496,10,766.6666666666667,78.26086956521738,78.26086977527221
23522,true,-2.2443291945754,10,766.6666666666667,78.26086956521738,78.26086975426672
23554,true,-2.0513451937435434,10,766.6666666666667,78.26086956521738,78.26086973536178
23622,true,-1.836371647770875,10,766.6666666666667,78.26086956521738,78.26086971834734
23652,true,-1.6343890994333776,10,766.6666666666667,78.26086956521738,78.26086970303434
23721,true,-1.3785363033097866,10,766.6666666666667,78.26086956521738,78.26086968925264
23749,true,-1.1193493820719311,10,766.6666666666667,78.26086956521738,78.26086967684911
23868,true,-1.212336895126768,11,733.3333333333333,81.81818181818183,78.26086966568593
23874,true,-1.2962446899324362,11,733.3333333333333,81.81818181818183,78.61660088093552
23916,true,-1.4475433955540211,11,733.3333333333333,81.81818181818183,78.93675897466017
23954,true,-1.7425593832541892,11,733.3333333333333,81.81818181818183,79.22490125901234
23983,true,-2.0981484171953184,11,733.3333333333333,81.81818181818183,79.4842293149293
24013,true,-2.2171025725808278,11,733.3333333333333,81.81818181818183,79.71762456525455
24051,true,-2.3671928865187937,11,733.3333333333333,81.81818181818183,79.92768029054729
24087,true,-2.509333427860483,11,733.3333333333333,81.81818181818183,80.11673044331074
24116,true,-2.555396984777971,11,733.3333333333333,81.81818181818183,80.28687558079785
24147,true,-2.6101007191719816,11,733.3333333333333,81.81818181818183,80.44000620453626
24180,true,-2.6054670400661735,11,733.3333333333333,81.81818181818183,80.57782376590082
24216,true,-2.5717869534833255,11,733.3333333333333,81.81818181818183,80.70185957112892
24252,true,-2.480377315521835,11,733.3333333333333,81.81818181818183,80.81349179583422
24286,true,-2.361119207736678,11,733.3333333333333,81.81818181818183,80.91396079806898
24313,true,-2.1905940390724794,11,733.3333333333333,81.81818181818183,81.00438290008027
24345,true,-1.9705010510800633,10,766.6666666666667,78.26086956521738,81.08576279189043
24380,true,-1.7610741128238914,10,766.6666666666667,78.26086956521738,80.80327346922313
24414,true,-1.573869730869717,10,766.6666666666667,78.26086956521738,80.54903307882255
24451,true,-1.3963925288264676,10,766.6666666666667,78.26086956521738,80.32021672746203
24485,true,-1.205474025340564,10,766.6666666666667,78.26086956521738,80.11428201123756
24522,true,-1.0542454127014906,10,766.6666666666667,78.26086956521738,79.92894076663555
24551,true,-0.8862054123341494,10,766.6666666666667,78.26086956521738,79.76213364649374
24591,true,-0.771058353333899,10,766.6666666666667,78.26086956521738,79.6120072383661
24619,true,-0.7450770297093641,10,766.6666666666667,78.26086956521738,79.47689347105123
24650,true,-0.8999958419464633,10,766.6666666666667,78.26086956521738,79.35529108046784
24684,true,-1.1527349730217225,10,766.6666666666667,78.26086956521738,79.24584892894279
24709,true,-1.461641323154538,10,766.6666666666667,78.26086956521738,79.14735099257025
24747,true,-1.8268369675596858,10,766.6666666666667,78.26086956521738,79.05870284983496
24788,true,-2.1205043249475466,10,766.6666666666667,78.26086956521738,78.9789195213732
24816,true,-2.3274206993090303,10,766.6666666666667,78.26086956521738,78.90711452575762
24872,true,-2.464437636696502,10,766.6666666666667,78.26086956521738,78.8424900297036
24900,true,-2.6072414765183964,10,766.6666666666667,78.26086956521738,78.78432798325497
24918,true,-2.646577357824114,10,766.6666666666667,78.26086956521738,78.73198214145121
24948,true,-2.693441663607061,10,766.6666666666667,78.26086956521738,78.68487088382783
24990,true,-2.686594964451672,10,766.6666666666667,78.26086956521738,78.64247075196678
25019,true,-2.6770101655713745,10,766.6666666666667,78.26086956521738,78.60431063329185
25056,true,-2.6099389433896647,10,733.3333333333333,81.81818181818183,78.5699665264844
25079,true,-2.5065457602114805,10,733.3333333333333,81.81818181818183,78.89478805565415
25114,true,-2.3547220717369726,10,733.3333333333333,81.81818181818183,79.18712743190692
25149,true,-2.1612919614388346,10,733.3333333333333,81.81818181818183,79.4502328705344
25181,true,-1.9518711180141253,10,733.3333333333333,81.81818181818183,79.68702776529915
25215,true,-1.689965012433376,10,733.3333333333333,81.81818181818183,79.90014317058743
25261,true,-1.432782949354518,10,733.3333333333333,81.81818181818183,80.09194703534688
25282,true,-1.2207983446945008,10,733.3333333333333,81.81818181818183,80.26457051363037
25354,true,-1.0054456351673338,10,733.3333333333333,81.81818181818183,80.41993164408552
25386,true,-0.7609008158207473,10,733.3333333333333,81.81818181818183,80.55975666149516
25413,true,-0.6874460158363718,10,733.3333333333333,81.81818181818183,80.68559917716384
25449,true,-0.7309330115475916,10,766.6666666666667,78.26086956521738,80.79885744126564
25479,true,-0.8820156833239992,10,766.6666666666667,78.26086956521738,80.54505865366082
25520,true,-1.1441848739710991,10,766.6666666666667,78.26086956521738,80.31663974481647
25557,true,-1.4603320308215757,10,766.6666666666667,78.26086956521738,80.11106272685656
25580,true,-1.7848246618292904,10,766.6666666666667,78.26086956521738,79.92604341069264
25613,true,-2.0138138278444444,10,766.6666666666667,78.26086956521738,79.75952602614511
25648,true,-2.159798801448531,10,766.6666666666667,78.26086956521738,79.60966038005233
25685,true,-2.2398295479745514,10,766.6666666666667,78.26086956521738,79.47478129856884
25715,true,-2.3375959683326073,10,766.6666666666667,78.26086956521738,79.3533901252337
25755,true,-2.3596351843647057,10,766.6666666666667,78.26086956521738,79.24413806923206
25782,true,-2.3772788700455436,10,766.6666666666667,78.26086956521738,79.1458112188306
25814,true,-2.356320247646707,10,766.6666666666667,78.26086956521738,79.05731705346928
25848,true,-2.3302027510812735,10,733.3333333333333,81.81818181818183,78.97767230464409
25882,true,-2.2553280419527795,10,733.3333333333333,81.81818181818183,79.26172325599786
25910,true,-2.110470187419253,10,733.3333333333333,81.81818181818183,79.51736911221627
25944,true,-1.9487627429156191,10,733.3333333333333,81.81818181818183,79.74745038281283
25979,true,-1.7446053459517827,10,733.3333333333333,81.81818181818183,79.95452352634973
26017,true,-1.5289180307337205,10,733.3333333333333,81.81818181818183,80.14088935553295
26049,true,-1.28935740853305,10,733.3333333333333,81.81818181818183,80.30861860179785
26080,true,-1.074494888739963,10,733.3333333333333,81.81818181818183,80.45957492343625
26115,true,-0.8412818715037389,10,733.3333333333333,81.81818181818183,80.59543561291082
26146,true,-0.6379284895313759,10,733.3333333333333,81.81818181818183,80.71771023343793
26185,true,-0.36638337238171914,10,733.3333333333333,81.81818181818183,80.82775739191233
26216,true,-0.24066307700117306,10,733.3333333333333,81.81818181818183,80.92679983453928
26247,true,-0.24270460826684825,10,766.6666666666667,78.26086956521738,81.01593803290355
26283,true,-0.4108240471847324,10,766.6666666666667,78.26086956521738,80.74043118613493
26314,true,-0.662514122646968,10,766.6666666666667,78.26086956521738,80.49247502404317
26349,true,-1.0088254916932442,10,766.6666666666667,78.26086956521738,80.2693144781606
26380,true,-1.363539502726141,10,766.6666666666667,78.26086956521738,80.06846998686628
26411,true,-1.599538693852466,10,766.6666666666667,78.26086956521738,79.88770994470138
26450,true,-1.6951080445006284,10,766.6666666666667,78.26086956521738,79.72502590675299
26483,true,-1.721975912370013,10,766.6666666666667,78.26086956521738,79.57861027259943
26514,true,-1.8060023921098463,10,766.6666666666667,78.26086956521738,79.44683620186123
26552,true,-1.7965240584590845,10,766.6666666666667,78.26086956521738,79.32823953819684
26580,true,-1.7896648637591426,10,766.6666666666667,78.26086956521738,79.2215025408989
26612,true,-1.8066146876249434,10,766.6666666666667,78.26086956521738,79.12543924333075
26657,true,-1.8063893152976505,10,766.6666666666667,78.26086956521738,79.0389822755194
26684,true,-1.723989821131326,10,733.3333333333333,81.81818181818183,78.9611710044892
26719,true,-1.5814771980115836,10,733.3333333333333,81.81818181818183,79.24687208585847
26754,true,-1.42070811262694,10,733.3333333333333,81.81818181818183,79.5040030590908
26783,true,-1.2183726312565142,10,733.3333333333333,81.81818181818183,79.73542093499991
26858,true,-0.9944255781180544,10,733.3333333333333,81.81818181818183,79.94369702331811
26890,true,-0.7318583932883058,10,733.3333333333333,81.81818181818183,80.13114550280449
26962,true,-0.4764896946154664,10,733.3333333333333,81.81818181818183,80.29984913434222
26982,true,-0.20412389134908437,10,733.3333333333333,81.81818181818183,80.45168240272619
27055,true,-0.30554309918863964,10,733.3333333333333,81.81818181818183,80.58833234427176
27086,true,-0.48238455816645853,10,733.3333333333333,81.81818181818183,80.71131729166278
27155,true,-0.7378825476737347,10,733.3333333333333,81.81818181818183,80.82200374431469
27191,true,-1.0846637847002683,10,733.3333333333333,81.81818181818183,80.9216215517014
27253,true,-1.462321990701028,10,733.3333333333333,81.81818181818183,81.01127757834945
27284,true,-1.5047019582414407,10,733.3333333333333,81.81818181818183,81.09196800233269
27356,true,-1.5257978305227766,10,733.3333333333333,81.81818181818183,81.16458938391762
27385,true,-1.5840529089904578,10,733.3333333333333,81.81818181818183,81.22994862734404
27455,true,-1.5547717669310117,10,733.3333333333333,81.81818181818183,81.28877194642783
27488,true,-1.5019962242232623,10,733.3333333333333,81.81818181818183,81.34171293360323
27520,true,-1.4002039757710492,10,733.3333333333333,81.81818181818183,81.3893598220611
27557,true,-1.2134293191066092,10,733.3333333333333,81.81818181818183,81.43224202167318
27583,true,-0.9413782250351233,10,733.3333333333333,81.81818181818183,81.47083600132405
27616,true,-0.6860748899624696,10,733.3333333333333,81.81818181818183,81.50557058300983
27650,true,-0.4580603350234185,10,733.3333333333333,81.81818181818183,81.53683170652704
27684,true,-0.21383926928143637,10,733.3333333333333,81.81818181818183,81.56496671769253
27717,true,-0.033935286003043075,10,733.3333333333333,81.81818181818183,81.59028822774147
27751,true,0.21205990823034426,10,733.3333333333333,81.81818181818183,81.61307758678551
27786,true,0.39709713350397635,10,733.3333333333333,81.81818181818183,81.63358800992515
27813,true,0.3740739424050048,11,700.0,85.71428571428571,81.65204739075082
27846,true,0.16093332434556373,11,700.0,85.71428571428571,82.05827122310431
27882,true,-0.15113376072440587,11,700.0,85.71428571428571,82.42387267222246
27916,true,-0.5977722063187514,11,700.0,85.71428571428571,82.75291397642879
27948,true,-1.072135448335473,11,700.0,85.71428571428571,83.04905115021448
27982,true,-1.3459327597102515,11,700.0,85.71428571428571,83.31557460662161
28012,true,-1.501212574467786,11,700.0,85.71428571428571,83.55544571738803
28045,true,-1.5718084891228585,11,700.0,85.71428571428571,83.77132971707779
28080,true,-1.6734576016433635,11,700.0,85.71428571428571,83.96562531679858
28112,true,-1.7121061570487086,11,700.0,85.71428571428571,84.14049135654729
28152,true,-1.7745591023895173,11,700.0,85.71428571428571,84.29787079232113
28177,true,-1.8138310021349753,11,700.0,85.71428571428571,84.43951228451759
28213,true,-1.8574882016341263,11,700.0,85.71428571428571,84.56698962749441
28252,true,-1.8015307726763439,11,700.0,85.71428571428571,84.68171923617354
28287,true,-1.6920948858664673,11,700.0,85.71428571428571,84.78497588398476
28317,true,-1.5374106965472407,11,700.0,85.71428571428571,84.87790686701486
28350,true,-1.3393230534176723,11,700.0,85.71428571428571,84.96154475174194
28380,true,-1.1176231934389165,11,700.0,85.71428571428571,85.03681884799632
28412,true,-0.8742978420722807,11,700.0,85.71428571428571,85.10456553462525
28456,true,-0.6516074333638926,10,700.0,85.71428571428571,85.1655375525913
28483,true,-0.3929381340160347,10,700.0,85.71428571428571,85.22041236876075
28510,true,-0.16590355477396201,10,700.0,85.71428571428571,85.26979970331324
28549,true,0.08928478302819087,10,700.0,85.71428571428571,85.31424830441048
28582,true,0.273139586582559,10,700.0,85.71428571428571,85.35425204539801
28612,true,0.31025456684622554,10,700.0,85.71428571428571,85.39025541228678
28647,true,0.16910315532309994,10,700.0,85.71428571428571,85.42265844248666
28680,true,-0.12863369882538223,10,700.0,85.71428571428571,85.45182116966657
28719,true,-0.5037292775077589,10,700.0,85.71428571428571,85.47806762412849
28749,true,-0.9268722594014633,10,700.0,85.71428571428571,85.50168943314421
28788,true,-1.2245834977658063,10,700.0,85.71428571428571,85.52294906125836
28813,true,-1.4593394415546186,10,700.0,85.71428571428571,85.54208272656109
28848,true,-1.538648763606389,10,700.0,85.71428571428571,85.55930302533355
28880,true,-1.6120332668047865,10,700.0,85.71428571428571,85.57480129422876
28918,true,-1.6357177852169684,10,700.0,85.71428571428571,85.58874973623446
28951,true,-1.6702704188530504,10,700.0,85.71428571428571,85.60130333403959
28984,true,-1.660200860624812,10,700.0,85.71428571428571,85.6126015720642
29013,true,-1.64995112572754,10,700.0,85.71428571428571,85.62276998628634
29049,true,-1.5863193727487754,10,700.0,85.71428571428571,85.63192155908628
29083,true,-1.4725049256800133,10,700.0,85.71428571428571,85.64015797460623
29114,true,-1.30820395199585,10,700.0,85.71428571428571,85.64757074857417
29152,true,-1.0903212888190978,10,700.0,85.71428571428571,85.65424224514533
29179,true,-0.8677403875826002,9,700.0,85.71428571428571,85.66024659205937
29213,true,-0.6198718897787359,9,700.0,85.71428571428571,85.665650504282
29248,true,-0.39215450955933306,9,700.0,85.71428571428571,85.67051402528237
29284,true,-0.14997462316742372,9,700.0,85.71428571428571,85.6748911941827
29314,true,0.07867433171165317,9,700.0,85.71428571428571,85.678830646193
29356,true,0.30188404842877503,9,700.0,85.71428571428571,85.68237615300228
29383,true,0.34850559012792814,9,700.0,85.71428571428571,85.68556710913063
29415,true,0.2915338075594889,10,733.3333333333333,81.81818181818183,85.68843896964614
29446,true,0.07924680177829657,10,733.3333333333333,81.81818181818183,85.30141325449972
29484,true,-0.21779079971197746,10,733.3333333333333,81.81818181818183,84.95309011086793
29516,true,-0.5480562891722656,10,733.3333333333333,81.81818181818183,84.63959928159933
29553,true,-0.8588432213033457,10,733.3333333333333,81.81818181818183,84.35745753525758
29586,true,-1.0589554040168991,10,733.3333333333333,81.81818181818183,84.10352996355002
29620,true,-1.1789889621618954,10,733.3333333333333,81.81818181818183,83.8749951490132
29647,true,-1.2489039752911424,10,733.3333333333333,81.81818181818183,83.66931381593007
29682,true,-1.3101327083217598,10,733.3333333333333,81.81818181818183,83.48420061615525
29720,true,-1.2888493451509788,10,733.3333333333333,81.81818181818183,83.31759873635791
29749,true,-1.2899174809190157,10,733.3333333333333,81.81818181818183,83.1676570445403
29779,true,-1.260556691824874,10,733.3333333333333,81.81818181818183,83.03270952190447
29811,true,-1.2078654002142741,10,700.0,85.71428571428571,82.9112567515322
29846,true,-1.117299004423515,10,700.0,85.71428571428571,83.19155964780755
29883,true,-0.969118423042886,10,700.0,85.71428571428571,83.44383225445537
29920,true,-0.7762013920344941,10,700.0,85.71428571428571,83.6708776004384
29944,true,-0.5440160657528423,10,700.0,85.71428571428571,83.87521841182313
29979,true,-0.3012535529005902,10,700.0,85.71428571428571,84.05912514206939
30016,true,-0.03995440451510035,9,700.0,85.71428571428571,84.22464119929103
30044,true,0.19758392398159685,9,700.0,85.71428571428571,84.3736056507905
30082,true,0.45414770764224954,9,700.0,85.71428571428571,84.50767365714002
30110,true,0.6914923338480179,9,700.0,85.71428571428571,84.62833486285459
30147,true,0.967326942494438,9,700.0,85.71428571428571,84.7369299479977
30185,true,0.9907844912612376,9,700.0,85.71428571428571,84.8346655246265
30214,true,0.8601495820368825,10,733.3333333333333,81.81818181818183,84.92262754359243
30251,true,0.5611277352964521,10,733.3333333333333,81.81818181818183,84.61218297105137
30287,true,0.19672059982055146,10,733.3333333333333,81.81818181818183,84.33278285576442
30317,true,-0.232401531251881,10,733.3333333333333,81.81818181818183,84.08132275200617
30350,true,-0.5746955202584303,10,733.3333333333333,81.81818181818183,83.85500865862375
30379,true,-0.7753790882215128,10,733.3333333333333,81.81818181818183,83.65132597457956
30413,true,-0.8608011300297278,10,733.3333333333333,81.81818181818183,83.46801155893979
30459,true,-0.918910609998207,10,733.3333333333333,81.81818181818183,83.30302858486401
30481,true,-1.0308988370672836,10,733.3333333333333,81.81818181818183,83.15454390819579
30566,true,-1.0385939951022465,10,733.3333333333333,81.81818181818183,83.0209076991944
30581,true,-1.0490990785883554,10,733.3333333333333,81.81818181818183,82.90063511109315
30653,true,-1.0146650458928264,10,733.3333333333333,81.81818181818183,82.79238978180203
30686,true,-0.9320354423762041,9,700.0,85.71428571428571,82.69496898544001
30759,true,-0.7473238860330156,9,700.0,85.71428571428571,82.99690065832458
30785,true,-0.4516437850454622,9,700.0,85.71428571428571,83.2686391639207
30858,true,-0.13437790841740593,9,700.0,85.71428571428571,83.5132038189572
30878,true,0.14734212207001463,9,700.0,85.71428571428571,83.73331200849005
30958,true,0.4054183063415593,9,700.0,85.71428571428571,83.9314093790696
30985,true,0.5307996144810971,9,700.0,85.71428571428571,84.10969701259121
31047,true,0.2588865863909291,10,700.0,85.71428571428571,84.27015588276066
31082,true,0.005558441031126904,10,700.0,85.71428571428571,84.41456886591317
31116,true,-0.2718313762399873,10,700.0,85.71428571428571,84.54454055075043
31145,true,-0.6961137052105357,10,700.0,85.71428571428571,84.66151506710395
31181,true,-1.040212932453258,10,700.0,85.71428571428571,84.76679213182213
31213,true,-1.1227628992650978,10,700.0,85.71428571428571,84.86154149006849
31247,true,-1.258424436248788,10,700.0,85.71428571428571,84.94681591249021
31282,true,-1.4185773616093655,10,700.0,85.71428571428571,85.02356289266976
31367,true,-1.4621418044229841,10,700.0,85.71428571428571,85.09263517483136
31378,true,-1.510137817306756,10,700.0,85.71428571428571,85.15480022877679
31464,true,-1.4528463086868015,10,700.0,85.71428571428571,85.21074877732768
31493,true,-1.3720072846813451,10,700.0,85.71428571428571,85.26110247102348
31552,true,-1.2153445901459605,10,700.0,85.71428571428571,85.3064207953497
31586,true,-1.0105449618307745,10,700.0,85.71428571428571,85.3472072872433
31617,true,-0.7803205767428096,10,700.0,85.71428571428571,85.38391512994754
31651,true,-0.5326823378475467,1,300.0,200.0,85.41695218838136
31681,true,-0.278509098603962,1,300.0,200.0,85.41695218838136
31714,true,-0.05065369756583493,1,300.0,200.0,85.41695218838136
31745,true,0.06494179886027496,1,300.0,200.0,85.41695218838136
31781,true,0.021788563708824427,1,300.0,200.0,85.41695218838136
31807,true,-0.20156151230044372,1,300.0,200.0,85.41695218838136
31843,true,-0.5050442667086088,1,300.0,200.0,85.41695218838136
31877,true,-0.8525993730841179,1,300.0,200.0,85.41695218838136
31914,true,-1.1846642276333341,1,300.0,200.0,85.41695218838136
31965,true,-1.362404689711795,1,300.0,200.0,85.41695218838136
31979,true,-1.4582674160235882,1,300.0,200.0,85.41695218838136
32009,true,-1.4875249140710736,1,300.0,200.0,85.41695218838136
32046,true,-1.5211219337259223,1,300.0,200.0,85.41695218838136
32081,true,-1.5007801499258875,1,300.0,200.0,85.41695218838136
32111,true,-1.5004329813235415,1,300.0,200.0,85.41695218838136
32146,true,-1.4678158464258928,1,300.0,200.0,85.41695218838136
32177,true,-1.424622589497929,1,300.0,200.0,85.41695218838136
32214,true,-1.3286818818399269,1,300.0,200.0,85.41695218838136
32250,true,-1.16556354678238,1,300.0,200.0,85.41695218838136
32277,true,-0.975478985701713,1,300.0,200.0,85.41695218838136
32310,true,-0.7500112592832409,10,700.0,85.71428571428571,85.41695218838136
32356,true,-0.5235141132572352,10,700.0,85.71428571428571,85.4466855409718
32394,true,-0.2464969074351302,10,700.0,85.71428571428571,85.4734455583032
32412,true,-0.011517569698071384,10,700.0,85.71428571428571,85.49752957390145
32452,true,0.21729328822898708,10,700.0,85.71428571428571,85.51920518793987
32480,true,0.3723005732329483,10,700.0,85.71428571428571,85.53871324057445
32512,true,0.37883157337924445,10,700.0,85.71428571428571,85.55627048794558
32549,true,0.18569589411528398,11,700.0,85.71428571428571,85.57207201057959
32581,true,-0.08692978714454114,11,700.0,85.71428571428571,85.5862933809502
32612,true,-0.41299973257497413,11,700.0,85.71428571428571,85.59909261428375
32647,true,-0.7820568996817059,11,700.0,85.71428571428571,85.61061192428394
32679,true,-1.0077627063991486,11,700.0,85.71428571428571,85.62097930328412
32713,true,-1.1717822004777787,11,700.0,85.71428571428571,85.63030994438428
32749,true,-1.2606619911606174,11,700.0,85.71428571428571,85.63870752137443
32780,true,-1.3219792239738553,11,700.0,85.71428571428571,85.64626534066555
32810,true,-1.3318858569744805,11,700.0,85.71428571428571,85.65306737802757
32847,true,-1.3677832098438216,11,700.0,85.71428571428571,85.65918921165338
32880,true,-1.3451952805547478,11,700.0,85.71428571428571,85.66469886191662
32914,true,-1.320007917148402,11,700.0,85.71428571428571,85.66965754715353
32950,true,-1.2629928324398207,11,700.0,85.71428571428571,85.67412036386675
32980,true,-1.1584215288192752,11,700.0,85.71428571428571,85.67813689890865
33015,true,-1.0177675888649844,11,700.0,85.71428571428571,85.68175178044635
33049,true,-0.8357401197468448,11,700.0,85.71428571428571,85.68500517383029
33084,true,-0.6374639579881318,10,766.6666666666667,78.26086956521738,85.68793322787583
33117,true,-0.42027395936347034,10,766.6666666666667,78.26086956521738,84.94522686160998
33150,true,-0.22224951004876914,10,766.6666666666667,78.26086956521738,84.27679113197073
33177,true,-0.0003249147233361782,10,766.6666666666667,78.26086956521738,83.67519897529539
33211,true,0.20066229683075676,10,766.6666666666667,78.26086956521738,83.13376603428759
33251,true,0.4046267143783808,10,766.6666666666667,78.26086956521738,82.64647638738057
33283,true,0.47411516409590604,10,766.6666666666667,78.26086956521738,82.20791570516425
33314,true,0.40965113203584735,11,766.6666666666667,78.26086956521738,81.81321109116956
33348,true,0.1877670148392525,11,766.6666666666667,78.26086956521738,81.45797693857435
33382,true,-0.12184684128735057,11,766.6666666666667,78.26086956521738,81.13826620123865
33410,true,-0.47421941900252307,11,766.6666666666667,78.26086956521738,80.85052653763653
33449,true,-0.8178319572205623,11,766.6666666666667,78.26086956521738,80.5915608403946
33481,true,-1.059965480873899,11,766.6666666666667,78.26086956521738,80.35849171287688
33510,true,-1.2274159914976082,11,766.6666666666667,78.26086956521738,80.14872949811094
33548,true,-1.335256181826466,11,766.6666666666667,78.26086956521738,79.95994350482158
33582,true,-1.4492573614361817,11,766.6666666666667,78.26086956521738,79.79003611086117
33614,true,-1.4918843223928349,11,766.6666666666667,78.26086956521738,79.63711945629679
33648,true,-1.526052598604167,11,766.6666666666667,78.26086956521738,79.49949446718884
33683,true,-1.5098183749486083,11,766.6666666666667,78.26086956521738,79.3756319769917
33724,true,-1.485440595909182,11,766.6666666666667,78.26086956521738,79.26415573581427
33749,true,-1.403789768870979,11,766.6666666666667,78.26086956521738,79.16382711875458
33784,true,-1.2807058404703042,11,766.6666666666667,78.26086956521738,79.07353136340086
33855,true,-1.1020640364619254,11,766.6666666666667,78.26086956521738,78.99226518358252
33887,true,-0.8953427118205184,11,766.6666666666667,78.26086956521738,78.919125621746
33964,true,-0.6542009839500338,11,766.6666666666667,78.26086956521738,78.85330001609314
33988,true,-0.39379336129216824,11,766.6666666666667,78.26086956521738,78.79405697100556
34048,true,-0.1497471185908239,11,766.6666666666667,78.26086956521738,78.74073823042674
34081,true,-0.05436734914762553,11,766.6666666666667,78.26086956521738,78.6927513639058
34112,true,-0.13783258775019647,12,766.6666666666667,78.26086956521738,78.64956318403695
34146,true,-0.32177706352482005,12,766.6666666666667,78.26086956521738,78.61069382215499
34180,true,-0.5969697383593768,12,766.6666666666667,78.26086956521738,78.57571139646123
34212,true,-0.9395733865083002,12,766.6666666666667,78.26086956521738,78.54422721333684
34250,true,-1.1839061004789357,12,766.6666666666667,78.26086956521738,78.5158914485249
34282,true,-1.3319577154520204,12,766.6666666666667,78.26086956521738,78.49038926019415
34310,true,-1.4126116763371215,12,766.6666666666667,78.26086956521738,78.46743729069647
34346,true,-1.470966667882152,12,766.6666666666667,78.26086956521738,78.44678051814856
34381,true,-1.4845530022013094,12,766.6666666666667,78.26086956521738,78.42818942285544
34413,true,-1.500338054974108,12,766.6666666666667,78.26086956521738,78.41145743709163
34448,true,-1.4750173778148365,11,766.6666666666667,78.26086956521738,78.3963986499042
34481,true,-1.4460728371887086,11,766.6666666666667,78.26086956521738,78.38284574143552
34513,true,-1.3819287913212293,11,766.6666666666667,78.26086956521738,78.37064812381371
34549,true,-1.2700505296195104,11,766.6666666666667,78.26086956521738,78.35967026795407
34580,true,-1.119190248538061,11,766.6666666666667,78.26086956521738,78.3497901976804
34616,true,-0.9214348075966541,11,766.6666666666667,78.26086956521738,78.3408981344341
34652,true,-0.716135072481606,11,766.6666666666667,78.26086956521738,78.33289527751242
34684,true,-0.4852602068852718,11,766.6666666666667,78.26086956521738,78.32569270628292
34716,true,-0.2842485077825785,11,766.6666666666667,78.26086956521738,78.31921039217637
34748,true,-0.046136277238105095,11,766.6666666666667,78.26086956521738,78.31337630948047
34781,true,0.17037445656306716,11,766.6666666666667,78.26086956521738,78.30812563505417
34812,true,0.36110507433740224,11,766.6666666666667,78.26086956521738,78.30340002807048
34848,true,0.4095500496532338,11,766.6666666666667,78.26086956521738,78.29914698178517
34880,true,0.34620027896332317,12,766.6666666666667,78.26086956521738,78.29531924012839
34910,true,0.10407123582825761,12,766.6666666666667,78.26086956521738,78.29187427263729
34943,true,-0.20462136150180754,12,766.6666666666667,78.26086956521738,78.28877380189529
34979,true,-0.5131316092214604,12,766.6666666666667,78.26086956521738,78.2859833782275
35012,true,-0.7777663060811335,12,766.6666666666667,78.26086956521738,78.28347199692648
35049,true,-0.9152098021626074,12,766.6666666666667,78.26086956521738,78.28121175375557
35081,true,-0.9688454709641547,12,766.6666666666667,78.26086956521738,78.27917753490175
35113,true,-0.9868322185563159,12,766.6666666666667,78.26086956521738,78.27734673793331
35144,true,-1.013302324638886,12,766.6666666666667,78.26086956521738,78.27569902066172
35182,true,-1.0067276416680642,12,766.6666666666667,78.26086956521738,78.27421607511728
35212,true,-1.0152088102662873,12,766.6666666666667,78.26086956521738,78.27288142412729
35243,true,-0.9904693241988696,11,766.6666666666667,78.26086956521738,78.2716802382363
35283,true,-0.9445217421385479,11,766.6666666666667,78.26086956521738,78.2705991709344
35314,true,-0.8425058738114899,11,766.6666666666667,78.26086956521738,78.2696262103627
35345,true,-0.6876789620886257,11,766.6666666666667,78.26086956521738,78.26875054584816
35377,true,-0.5052470486452023,11,766.6666666666667,78.26086956521738,78.26796244778508
35415,true,-0.28722909336579505,11,766.6666666666667,78.26086956521738,78.26725315952831
35445,true,-0.052675564676434306,11,766.6666666666667,78.26086956521738,78.26661480009722
35481,true,0.18787876202431164,11,766.6666666666667,78.26086956521738,78.26604027660923
35522,true,0.4060715221554858,11,766.6666666666667,78.26086956521738,78.26552320547005
35555,true,0.6595022903867971,11,766.6666666666667,78.26086956521738,78.26505784144477
35580,true,0.8281113379983651,11,766.6666666666667,78.26086956521738,78.26463901382203
35621,true,0.8703162820825838,11,766.6666666666667,78.26086956521738,78.26426206896157
35653,true,0.745244869941871,12,766.6666666666667,78.26086956521738,78.26392281858715
35679,true,0.596565784818921,12,766.6666666666667,78.26086956521738,78.26361749325017
35752,true,0.3754177238076153,12,766.6666666666667,78.26086956521738,78.26334270044688
35778,true,0.11191843114461619,12,766.6666666666667,78.26086956521738,78.26309538692394
35807,true,-0.04652024833085022,12,766.6666666666667,78.26086956521738,78.26287280475329
35846,true,-0.11294641807725725,12,766.6666666666667,78.26086956521738,78.2626724807997
35879,true,-0.16235857753694916,12,766.6666666666667,78.26086956521738,78.26249218924146
35917,true,-0.20114346505548042,12,766.6666666666667,78.26086956521738,78.26232992683904
35950,true,-0.15068545971800518,12,766.6666666666667,78.26086956521738,78.26218389067688
35981,true,-0.11663563427745771,12,766.6666666666667,78.26086956521738,78.26205245813092
36028,true,-0.04883412745266469,12,766.6666666666667,78.26086956521738,78.26193416883957
36043,true,0.03479642129974536,11,766.6666666666667,78.26086956521738,78.26182770847736
36080,true,0.10673319370150125,11,766.6666666666667,78.26086956521738,78.26173189415135
36114,true,0.19187281684662594,11,766.6666666666667,78.26086956521738,78.26164566125796
36142,true,0.2944492690799052,11,766.6666666666667,78.26086956521738,78.2615680516539
36178,true,0.38483948590189243,11,766.6666666666667,78.26086956521738,78.26149820301025
36214,true,0.4953243276458039,11,766.6666666666667,78.26086956521738,78.26143533923096
36258,true,0.6718706328879307,11,766.6666666666667,78.26086956521738,78.2613787618296
36279,true,0.8741797673913965,11,766.6666666666667,78.26086956521738,78.26132784216838
36310,true,1.161448712555483,11,766.6666666666667,78.26086956521738,78.26128201447328
36352,true,1.4213690257465572,11,766.6666666666667,78.26086956521738,78.26124076954768
36381,true,1.5874949772343854,11,766.6666666666667,78.26086956521738,78.26120364911465
36422,true,1.5392580680581034,12,766.6666666666667,78.26086956521738,78.26117024072492
36449,true,1.3641775234046207,12,766.6666666666667,78.26086956521738,78.26114017317417
36481,true,1.1024478170080982,12,766.6666666666667,78.26086956521738,78.2611131123785
36513,true,0.9267701173114915,12,766.6666666666667,78.26086956521738,78.26108875766238
36541,true,0.880557125983529,12,766.6666666666667,78.26086956521738,78.26106683841788
36577,true,0.9571203294880775,12,766.6666666666667,78.26086956521738,78.26104711109782
36610,true,1.0223408448712803,12,766.6666666666667,78.26086956521738,78.26102935650978
36648,true,0.9211337505917925,12,766.6666666666667,78.26086956521738,78.26101337738054
36675,true,0.847584990920879,12,766.6666666666667,78.26086956521738,78.26099899616422
36714,true,1.0078886303523689,12,766.6666666666667,78.26086956521738,78.26098605306953
36746,true,1.3959000089918447,12,766.6666666666667,78.26086956521738,78.26097440428431
36779,true,1.7633097751749744,12,766.6666666666667,78.26086956521738,78.26096392037762
36819,true,2.082512547057064,12,766.6666666666667,78.26086956521738,78.2609544848616
36850,true,2.32114252772017,11,766.6666666666667,78.26086956521738,78.26094599289718
36894,true,1.9917106807344709,11,766.6666666666667,78.26086956521738,78.2609383501292
36914,true,1.258186207389997,11,766.6666666666667,78.26086956521738,78.26093147163802
36945,true,0.9171888962473957,11,766.6666666666667,78.26086956521738,78.26092528099595
36977,true,1.0073572381962208,11,766.6666666666667,78.26086956521738,78.26091970941809
37010,true,1.1209783968644302,11,766.6666666666667,78.26086956521738,78.26091469499802
37043,true,1.8399783988567293,11,766.6666666666667,78.26086956521738,78.26091018201996
37078,true,3.175873190952487,11,766.6666666666667,78.26086956521738,78.2609061203397
37111,true,3.844346379966453,11,766.6666666666667,78.26086956521738,78.26090246482747
37143,true,3.6211397634988742,12,766.6666666666667,78.26086956521738,78.26089917486645
37179,true,3.2281786997468913,12,766.6666666666667,78.26086956521738,78.26089621390155
37208,true,2.778007284331437,12,766.6666666666667,78.26086956521738,78.26089354903313
37245,true,1.910485324416868,12,766.6666666666667,78.26086956521738,78.26089115065155
37273,true,1.3363664642032518,12,766.6666666666667,78.26086956521738,78.26088899210812
37308,true,1.8603800940764046,12,766.6666666666667,78.26086956521738,78.26088704941904
37358,true,2.5767600783011204,12,766.6666666666667,78.26086956521738,78.26088530099888
37378,true,2.901456794110274,12,766.6666666666667,78.26086956521738,78.26088372742073
37443,true,2.84656158067358,12,766.6666666666667,78.26086956521738,78.26088231120039
37475,true,2.6101706225449846,12,766.6666666666667,78.26086956521738,78.26088103660209
37508,true,2.091368748577594,12,766.6666666666667,78.26086956521738,78.26087988946361
37544,true,2.109786974674563,12,766.6666666666667,78.26086956521738,78.26087885703899
37582,true,2.3034200356241854,9,766.6666666666667,78.26086956521738,78.26087792785682
37611,true,2.4930596363362554,9,766.6666666666667,78.26086956521738,78.26087709159287
37642,true,2.985220053807282,9,766.6666666666667,78.26086956521738,78.26087633895533
37680,true,3.5138850135168838,9,766.6666666666667,78.26086956521738,78.26087566158154
37730,true,3.4720391011407656,12,766.6666666666667,78.26086956521738,78.26087505194512
37750,true,3.4368491548942046,12,766.6666666666667,78.26086956521738,78.26087450327235
37784,true,3.8641946489740207,12,766.6666666666667,78.26086956521738,78.26087400946685
37816,true,4.314953634636865,12,766.6666666666667,78.26086956521738,78.2608735650419
37843,true,4.624876909361234,12,766.6666666666667,78.26086956521738,78.26087316505945
37878,true,4.91377924545516,12,766.6666666666667,78.26086956521738,78.26087280507524
37916,true,4.922126436663476,12,766.6666666666667,78.26086956521738,78.26087248108945
37942,true,4.673521182351365,10,766.6666666666667,78.26086956521738,78.26087218950224
37974,true,4.106469848995744,10,766.6666666666667,78.26086956521738,78.26087192707375
38014,true,3.357802745240008,10,766.6666666666667,78.26086956521738,78.26087169088811
38058,true,2.6301661486496357,10,766.6666666666667,78.26086956521738,78.26087147832104
38077,true,1.9541652661464184,10,766.6666666666667,78.26086956521738,78.26087128701067
38106,true,1.459305369170167,10,766.6666666666667,78.26086956521738,78.26087111483135
38144,true,1.1962737973819344,10,766.6666666666667,78.26086956521738,78.26087095986995
38182,true,1.0545038058551768,10,766.6666666666667,78.26086956521738,78.26087082040469
38212,true,0.860741642499292,10,766.6666666666667,78.26086956521738,78.26087069488595
38247,true,0.7521942236182753,10,766.6666666666667,78.26086956521738,78.2608705819191
38280,true,0.5882640255477014,10,766.6666666666667,78.26086956521738,78.26087048024893
38310,true,0.5179782458726407,10,766.6666666666667,78.26086956521738,78.26087038874577
38342,true,0.525820639349746,10,766.6666666666667,78.26086956521738,78.26087030639293
38374,true,0.6313454801772309,10,766.6666666666667,78.26086956521738,78.26087023227538
38406,true,0.8353283714345423,10,766.6666666666667,78.26086956521738,78.26087016556959
38445,true,1.162191252948304,10,766.6666666666667,78.26086956521738,78.26087010553437
38479,true,1.56575940929946,10,766.6666666666667,78.26086956521738,78.26087005150266
38519,true,1.926444977174711,10,766.6666666666667,78.26086956521738,78.26087000287413
38543,true,2.220744933924763,10,766.6666666666667,78.26086956521738,78.26086995910845
38608,true,2.5509273757205477,10,766.6666666666667,78.26086956521738,78.26086991971934
38644,true,2.7439436979853298,10,766.6666666666667,78.26086956521738,78.26086988426914
38675,true,2.53820666326304,13,766.6666666666667,78.26086956521738,78.26086985236397
38708,true,2.304701806655089,13,766.6666666666667,78.26086956521738,78.2608698236493
38746,true,2.0789661454890336,13,766.6666666666667,78.26086956521738,78.26086979780611
38775,true,1.6970143210529898,13,766.6666666666667,78.26086956521738,78.26086977454723
38817,true,1.4364711846189948,13,766.6666666666667,78.26086956521738,78.26086975361424
38844,true,1.4867884585676023,13,766.6666666666667,78.26086956521738,78.26086973477456
38924,true,1.5368168607424622,13,766.6666666666667,78.26086956521738,78.26086971781884
38952,true,1.5711654296683406,13,766.6666666666667,78.26086956521738,78.2608697025587
39026,true,1.6470807082131245,13,766.6666666666667,78.26086956521738,78.26086968882456
39073,true,1.7294705562203347,13,766.6666666666667,78.26086956521738,78.26086967646384
39121,true,1.8008661418981688,13,766.6666666666667,78.26086956521738,78.2608696653392
39151,true,1.8950496882592631,13,766.6666666666667,78.26086956521738,78.26086965532701
39224,true,2.0375309808764683,12,766.6666666666667,78.26086956521738,78.26086964631605
39254,true,2.2527665629210674,12,766.6666666666667,78.26086956521738,78.26086963820619
39322,true,2.427654534996435,12,766.6666666666667,78.26086956521738,78.26086963090731
39343,true,2.6039190682389517,12,766.6666666666667,78.26086956521738,78.26086962433831
39420,true,2.4361829401743336,12,766.6666666666667,78.26086956521738,78.26086961842621
39452,true,2.1698550875528184,12,766.6666666666667,78.26086956521738,78.26086961310533
39485,true,1.830727512032496,12,766.6666666666667,78.26086956521738,78.26086960831653
39510,true,1.393752421143816,12,766.6666666666667,78.26086956521738,78.26086960400661
39548,true,0.9386153336165819,12,766.6666666666667,78.26086956521738,78.26086960012769
39579,true,0.8378948299759372,12,766.6666666666667,78.26086956521738,78.26086959663665
39622,true,0.8336204710025754,12,766.6666666666667,78.26086956521738,78.26086959349472
39645,true,0.8207003665906569,12,766.6666666666667,78.26086956521738,78.26086959066699
39675,true,0.8809497761846927,12,766.6666666666667,78.26086956521738,78.26086958812202
39710,true,0.9505619507589245,12,766.6666666666667,78.26086956521738,78.26086958583156
39742,true,0.9978251820317752,12,766.6666666666667,78.26086956521738,78.26086958377014
39776,true,1.0303030494811765,12,766.6666666666667,78.26086956521738,78.26086958191486
39816,true,1.133161790222374,12,766.6666666666667,78.26086956521738,78.26086958024511
39847,true,1.300021575616924,12,766.6666666666667,78.26086956521738,78.26086957874234
39876,true,1.478890130229729,12,766.6666666666667,78.26086956521738,78.26086957738984
39912,true,1.7212413104231388,12,766.6666666666667,78.26086956521738,78.2608695761726
39940,true,1.9988262741021998,12,766.6666666666667,78.26086956521738,78.26086957507707
39978,true,2.2901665571291545,12,766.6666666666667,78.26086956521738,78.2608695740911
40020,true,2.5813926172840524,12,766.6666666666667,78.26086956521738,78.26086957320373
40048,true,2.945322827028022,11,733.3333333333333,81.81818181818183,78.2608695724051
40123,true,3.3532504590791916,11,733.3333333333333,81.81818181818183,78.61660079698278
40145,true,3.7772308569404487,11,733.3333333333333,81.81818181818183,78.93675889910268
40222,true,3.8655186389519542,11,733.3333333333333,81.81818181818183,79.2249011910106
40256,true,4.005757266354664,11,733.3333333333333,81.81818181818183,79.48422925372773
40324,true,4.086276167302856,11,733.3333333333333,81.81818181818183,79.71762451017315
40346,true,4.032315639168161,11,733.3333333333333,81.81818181818183,79.92768024097403
40374,true,3.9801214087689942,11,733.3333333333333,81.81818181818183,80.11673039869481
40410,true,4.271969659577451,11,733.3333333333333,81.81818181818183,80.28687554064352
40447,true,4.490500298307353,11,733.3333333333333,81.81818181818183,80.44000616839736
40483,true,4.682804073472084,11,733.3333333333333,81.81818181818183,80.57782373337581
40512,true,4.877510400684955,11,733.3333333333333,81.81818181818183,80.70185954185642
40545,true,5.113987932809692,11,733.3333333333333,81.81818181818183,80.81349176948896
40574,true,5.301840938522631,11,733.3333333333333,81.81818181818183,80.91396077435826
40611,true,5.188808279922725,11,733.3333333333333,81.81818181818183,81.00438287874063
40644,true,5.0688813912071,11,733.3333333333333,81.81818181818183,81.08576277268476
40680,true,4.94610247120869,11,733.3333333333333,81.81818181818183,81.15900467723448
40708,true,4.694041481590546,11,733.3333333333333,81.81818181818183,81.22492239132922
40740,true,4.518739624214078,11,733.3333333333333,81.81818181818183,81.28424833401448
40777,true,4.615880170201365,11,733.3333333333333,81.81818181818183,81.33764168243123
40807,true,4.680416387824749,11,733.3333333333333,81.81818181818183,81.3856956960063
40841,true,4.752299959715003,11,733.3333333333333,81.81818181818183,81.42894430822385
40878,true,4.832667545890757,11,733.3333333333333,81.81818181818183,81.46786805921965
40908,true,4.824415133304441,11,733.3333333333333,81.81818181818183,81.50289943511588
40945,true,4.791754252009326,10,766.6666666666667,78.26086956521738,81.53442767342248
40988,true,4.662328392845012,10,766.6666666666667,78.26086956521738,81.20707186260198
41012,true,4.418209566083874,10,766.6666666666667,78.26086956521738,80.91245163286352
41047,true,4.146092317699058,10,766.6666666666667,78.26086956521738,80.64729342609891
41075,true,3.916474529075515,10,766.6666666666667,78.26086956521738,80.40865104001075
41105,true,3.760691113034227,10,766.6666666666667,78.26086956521738,80.19387289253142
41150,true,3.6816288670422495,10,766.6666666666667,78.26086956521738,80.0005725598
41181,true,3.7472001263040227,10,766.6666666666667,78.26086956521738,79.82660226034174
41221,true,3.9027513932758495,10,766.6666666666667,78.26086956521738,79.67002899082931
41248,true,4.012934986708913,10,766.6666666666667,78.26086956521738,79.52911304826812
41280,true,4.06632549554557,10,766.6666666666667,78.26086956521738,79.40228869996304
41318,true,4.130034929318299,10,766.6666666666667,78.26086956521738,79.28814678648847
41344,true,4.169875828833554,10,766.6666666666667,78.26086956521738,79.18541906436135
41374,true,4.146948222047271,10,766.6666666666667,78.26086956521738,79.09296411444696
41411,true,4.141373016523673,10,766.6666666666667,78.26086956521738,79.00975465952399
41446,true,4.149310225700987,10,766.6666666666667,78.26086956521738,78.93486615009333
41477,true,4.162791232779952,10,766.6666666666667,78.26086956521738,78.86746649160573
41505,true,4.161446102422644,10,766.6666666666667,78.26086956521738,78.80680679896689
41545,true,4.155338083763553,10,766.6666666666667,78.26086956521738,78.75221307559194
41577,true,4.1328507816465105,9,766.6666666666667,78.26086956521738,78.70307872455449
41609,true,4.101593065848604,9,766.6666666666667,78.26086956521738,78.65885780862078
41646,true,4.075779934902968,9,766.6666666666667,78.26086956521738,78.61905898428044
41680,true,4.07649344552749,9,766.6666666666667,78.26086956521738,78.58324004237413
41723,true,4.051245342147823,9,766.6666666666667,78.26086956521738,78.55100299465845
41749,true,3.943688670665111,9,766.6666666666667,78.26086956521738,78.52198965171434
41779,true,3.7094737716662536,9,766.6666666666667,78.26086956521738,78.49587764306465
41814,true,3.4323531733400046,9,766.6666666666667,78.26086956521738,78.47237683527992
41849,true,3.167935364412685,9,766.6666666666667,78.26086956521738,78.45122610827366
41878,true,2.9671967607480667,9,766.6666666666667,78.26086956521738,78.43219045396803
41911,true,2.8763692462916595,10,766.6666666666667,78.26086956521738,78.41505836509296
41949,true,2.8891429380754374,10,766.6666666666667,78.26086956521738,78.3996394851054
41984,true,2.9598168883921687,10,766.6666666666667,78.26086956521738,78.38576249311659
42010,true,2.986702450645936,10,766.6666666666667,78.26086956521738,78.37327320032666
42043,true,2.9641925958460433,10,766.6666666666667,78.26086956521738,78.36203283681573
42078,true,2.964379251005667,10,766.6666666666667,78.26086956521738,78.3519165096559
42120,true,2.997742271888754,10,766.6666666666667,78.26086956521738,78.34281181521204
42143,true,3.015803106936332,10,766.6666666666667,78.26086956521738,78.33461759021257
42220,true,3.063763000551333,10,766.6666666666667,78.26086956521738,78.32724278771305
42245,true,3.1213629608898543,10,733.3333333333333,81.81818181818183,78.32060546546347
42323,true,3.131142396157287,10,733.3333333333333,81.81818181818183,78.67036310073532
42345,true,3.1393088106298563,10,733.3333333333333,81.81818181818183,78.98514497247997
42417,true,3.1427046427408953,10,733.3333333333333,81.81818181818183,79.26844865705016
42444,true,3.140645216412153,10,733.3333333333333,81.81818181818183,79.52342197316334
42521,true,3.1275673346567316,10,733.3333333333333,81.81818181818183,79.7528979576652
42544,true,3.0109820844310917,10,733.3333333333333,81.81818181818183,79.95942634371687
42614,true,2.668715477376992,10,733.3333333333333,81.81818181818183,80.14530189116337
42645,true,2.356557197507769,10,733.3333333333333,81.81818181818183,80.31258988386523
42722,true,2.1167734786450723,10,733.3333333333333,81.81818181818183,80.46314907729689
42745,true,1.8940863987734673,10,733.3333333333333,81.81818181818183,80.5986523513854
42781,true,1.787678178523123,10,733.3333333333333,81.81818181818183,80.72060529806505
42812,true,1.9048524469240107,10,733.3333333333333,81.81818181818183,80.83036295007673
42842,true,1.975607369227646,10,733.3333333333333,81.81818181818183,80.92914483688725
42875,true,1.9677427819838869,10,733.3333333333333,81.81818181818183,81.01804853501672
42914,true,1.9560693389679358,10,733.3333333333333,81.81818181818183,81.09806186333323
42943,true,1.9248893883469549,10,733.3333333333333,81.81818181818183,81.1700738588181
43016,true,1.929511990353845,10,733.3333333333333,81.81818181818183,81.23488465475448
43048,true,1.9611479214535592,10,733.3333333333333,81.81818181818183,81.29321437109722
43135,true,2.011743999758778,10,733.3333333333333,81.81818181818183,81.34571111580568
43147,true,2.0368744103534056,10,733.3333333333333,81.81818181818183,81.3929581860433
43218,true,2.0758128170255787,10,733.3333333333333,81.81818181818183,81.43548054925716
43246,true,2.0646879693613016,10,733.3333333333333,81.81818181818183,81.47375067614963
43276,true,2.0276943839905073,10,733.3333333333333,81.81818181818183,81.50819379035286
43317,true,2.009791247290252,10,733.3333333333333,81.81818181818183,81.53919259313577
43364,true,1.925841492137323,10,733.3333333333333,81.81818181818183,81.56709151564039
43381,true,1.6231104653801367,10,733.3333333333333,81.81818181818183,81.59220054589454
43463,true,1.3592185875652092,10,733.3333333333333,81.81818181818183,81.61479867312327
43484,true,1.0731320894510645,10,733.3333333333333,81.81818181818183,81.63513698762914
43560,true,0.797968759841396,10,733.3333333333333,81.81818181818183,81.65344147068441
43583,true,0.867751209652468,10,733.3333333333333,81.81818181818183,81.66991550543416
43660,true,1.1469900053924817,10,733.3333333333333,81.81818181818183,81.68474213670893
43682,true,1.3892678570713173,10,733.3333333333333,81.81818181818183,81.69808610485623
43761,true,1.6952250422630186,10,733.3333333333333,81.81818181818183,81.7100956761888
43782,true,1.9670327810466546,10,733.3333333333333,81.81818181818183,81.7209042903881
43854,true,2.018950348366346,10,733.3333333333333,81.81818181818183,81.73063204316749
43878,true,2.116640283626907,10,733.3333333333333,81.81818181818183,81.73938702066893
43943,true,2.241923253149608,10,733.3333333333333,81.81818181818183,81.74726650042022
43979,true,2.106518893226607,10,733.3333333333333,81.81818181818183,81.7543580321964
44051,true,1.9697487524014718,10,733.3333333333333,81.81818181818183,81.76074041079494
44076,true,1.798760856255356,10,733.3333333333333,81.81818181818183,81.76648455153364
44152,true,1.3167780287337933,10,733.3333333333333,81.81818181818183,81.77165427819847
44183,true,0.778237784935385,10,733.3333333333333,81.81818181818183,81.77630703219681
44263,true,0.5340246435257541,10,733.3333333333333,81.81818181818183,81.78049451079532
44281,true,0.5495752453137186,10,733.3333333333333,81.81818181818183,81.78426324153398
44344,true,0.6056941522652011,10,733.3333333333333,81.81818181818183,81.78765509919877
44375,true,0.9465253881374451,9,733.3333333333333,81.81818181818183,81.79070777109709
44411,true,1.3251606483736964,9,733.3333333333333,81.81818181818183,81.79345517580558
44446,true,1.6353509873575547,9,733.3333333333333,81.81818181818183,81.7959278400432
44479,true,1.6781817147110019,9,733.3333333333333,81.81818181818183,81.79815323785708
44506,true,1.6953074191543749,9,733.3333333333333,81.81818181818183,81.80015609588956
44540,true,1.7150408631136145,9,733.3333333333333,81.81818181818183,81.8019586681188
44570,true,1.768296953517492,9,733.3333333333333,81.81818181818183,81.80358098312512
44613,true,1.8560091270945236,9,733.3333333333333,81.81818181818183,81.80504106663079
44651,true,1.7171713654422263,9,733.3333333333333,81.81818181818183,81.8063551417859
44682,true,1.563056324748814,9,733.3333333333333,81.81818181818183,81.8075378094255
44710,true,1.4365629726934657,9,733.3333333333333,81.81818181818183,81.80860221030113
44743,true,1.2866356407267148,9,733.3333333333333,81.81818181818183,81.8095601710892
44777,true,1.1323502220214152,9,733.3333333333333,81.81818181818183,81.81042233579848
44814,true,1.2245147551158624,9,733.3333333333333,81.81818181818183,81.81119828403682
44846,true,1.270563060440324,9,733.3333333333333,81.81818181818183,81.81189663745133
44921,true,0.9634069660636584,9,733.3333333333333,81.81818181818183,81.81252515552438
44950,true,0.6529870699249187,9,733.3333333333333,81.81818181818183,81.81309082179014
45011,true,0.3770954676002276,9,733.3333333333333,81.81818181818183,81.81359992142932
45045,true,0.36826396563328956,9,733.3333333333333,81.81818181818183,81.81405811110457
45077,true,0.43661174403251835,9,733.3333333333333,81.81818181818183,81.81447048181231
45115,true,0.8149096115928955,9,733.3333333333333,81.81818181818183,81.81484161544927
45159,true,1.199272808232152,8,733.3333333333333,81.81818181818183,81.81517563572253
45182,true,1.527131643228529,8,733.3333333333333,81.81818181818183,81.81547625396846
45206,true,1.5497850969249924,8,733.3333333333333,81.81818181818183,81.8157468103898
45242,true,1.5542295948471576,8,733.3333333333333,81.81818181818183,81.815990311169
45277,true,1.5895606160490985,8,733.3333333333333,81.81818181818183,81.81620946187029
45307,true,1.6451460444621233,8,733.3333333333333,81.81818181818183,81.81640669750145
45342,true,1.7403104130180225,8,733.3333333333333,81.81818181818183,81.8165842095695
45377,true,1.8634698107524201,8,733.3333333333333,81.81818181818183,81.81674397043074
45416,true,1.9934620464705262,8,733.3333333333333,81.81818181818183,81.81688775520585
45463,true,1.8869370237775485,8,733.3333333333333,81.81818181818183,81.81701716150346
45477,true,1.7520194049385225,8,733.3333333333333,81.81818181818183,81.8171336271713
45510,true,1.5920615316138509,8,733.3333333333333,81.81818181818183,81.81723844627236
45581,true,1.4320167300822817,8,733.3333333333333,81.81818181818183,81.81733278346331
45607,true,1.2003841443979582,8,733.3333333333333,81.81818181818183,81.81741768693517
45640,true,0.9892362448769632,8,733.3333333333333,81.81818181818183,81.81749410005985
45670,true,0.67431176054275,8,733.3333333333333,81.81818181818183,81.81756287187206
45707,true,0.32827506577839927,8,733.3333333333333,81.81818181818183,81.81762476650304
45743,true,-0.00940773679957374,8,733.3333333333333,81.81818181818183,81.81768047167093
45778,true,-0.27836552538374804,8,733.3333333333333,81.81818181818183,81.81773060632202
45810,true,-0.13802215271310558,8,733.3333333333333,81.81818181818183,81.817775727508
45845,true,0.12693599134733802,8,733.3333333333333,81.81818181818183,81.81781633657539
45879,true,0.4653708903690159,8,733.3333333333333,81.81818181818183,81.81785288473604
45916,true,0.7627679657077095,8,733.3333333333333,81.81818181818183,81.81788577808062
45944,true,1.0166016026351343,7,700.0,85.71428571428571,81.81791538209075
45973,true,1.0410624731605935,7,700.0,85.71428571428571,82.20755241531025
46007,true,1.0410888276955035,7,700.0,85.71428571428571,82.55822574520779
46040,true,0.9944309223425734,7,700.0,85.71428571428571,82.87383174211558
46078,true,0.9805683302433295,7,700.0,85.71428571428571,83.1578771393326
46109,true,1.0099710118419125,7,700.0,85.71428571428571,83.4135179968279
46147,true,1.0838129372609728,7,700.0,85.71428571428571,83.64359476857369
46182,true,1.1815728976470012,7,700.0,85.71428571428571,83.85066386314489
46206,true,1.2341548340108517,7,700.0,85.71428571428571,84.03702604825897
46245,true,1.2752338537340364,7,700.0,85.71428571428571,84.20475201486164
46280,true,1.3367746605014759,7,700.0,85.71428571428571,84.35570538480405
46307,true,1.3490392440165664,7,700.0,85.71428571428571,84.49156341775222
46344,true,1.1648850621463254,8,700.0,85.71428571428571,84.61383564740557
46377,true,0.8206038272325742,8,700.0,85.71428571428571,84.72388065409358
46406,true,0.4231842381538655,8,700.0,85.71428571428571,84.82292116011278
46439,true,-0.0020237460542631425,8,700.0,85.71428571428571,84.91205761553007
46475,true,-0.4399765944443317,8,700.0,85.71428571428571,84.99228042540564
46514,true,-0.5262669891233003,8,700.0,85.71428571428571,85.06448095429364
46546,true,-0.2763718902926229,8,700.0,85.71428571428571,85.12946143029285
46581,true,0.16039520806096164,8,700.0,85.71428571428571,85.18794385869214
46609,true,0.5863470845563512,8,700.0,85.71428571428571,85.24057804425149
46642,true,1.0287204545284396,8,700.0,85.71428571428571,85.28794881125492
46676,true,1.3413353356128255,8,700.0,85.71428571428571,85.330582501558
46707,true,1.4897144440223684,7,533.3333333333334,112.49999999999999,85.36895282283076
46746,true,1.4857005706998905,7,533.3333333333334,112.49999999999999,85.36895282283076
46779,true,1.434537823545412,7,533.3333333333334,112.49999999999999,85.36895282283076
46807,true,1.4536717310306102,7,533.3333333333334,112.49999999999999,85.36895282283076
46843,true,1.437010169868202,7,533.3333333333334,112.49999999999999,85.36895282283076
46878,true,1.460072148966816,7,533.3333333333334,112.49999999999999,85.36895282283076
46908,true,1.4591351737503402,7,533.3333333333334,112.49999999999999,85.36895282283076
46948,true,1.475610883433859,7,533.3333333333334,112.49999999999999,85.36895282283076
46976,true,1.4283321189259368,7,533.3333333333334,112.49999999999999,85.36895282283076
47016,true,1.1838305275209535,7,533.3333333333334,112.49999999999999,85.36895282283076
47052,true,0.6714644045061249,7,533.3333333333334,112.49999999999999,85.36895282283076
47083,true,0.05178483075934537,7,533.3333333333334,112.49999999999999,85.36895282283076
47142,true,-0.7562965516429188,7,533.3333333333334,112.49999999999999,85.36895282283076
47202,true,-1.7117999866951266,7,533.3333333333334,112.49999999999999,85.36895282283076
47215,true,-2.552005133707098,7,533.3333333333334,112.49999999999999,85.36895282283076
47240,true,-3.1995575315742997,10,600.0,100.0,85.36895282283076
47270,true,-3.464576199892676,10,600.0,100.0,86.8320575405477
47306,true,-3.582728876438523,10,600.0,100.0,88.14885178649293
47342,true,-3.748005421437256,10,600.0,100.0,89.33396660784364
47379,true,-4.1436212900165685,9,566.6666666666666,105.88235294117648,90.40056994705927
47412,true,-4.551105997963418,9,566.6666666666666,105.88235294117648,91.948748246471
47448,true,-5.296976798228158,9,566.6666666666666,105.88235294117648,93.34210871594155
47475,true,-5.957155154074144,9,566.6666666666666,105.88235294117648,94.59613313846505
47507,true,-6.3863233155747565,9,566.6666666666666,105.88235294117648,95.7247551187362
47541,true,-6.6500768084464,9,566.6666666666666,105.88235294117648,96.74051490098023
47576,true,-6.910224549555593,9,566.6666666666666,105.88235294117648,97.65469870499986
47604,true,-7.063947723039817,7,533.3333333333334,112.49999999999999,98.47746412861753
47637,true,-7.273948094685096,5,566.6666666666666,105.88235294117648,99.87971771575577
47673,true,-7.358556427560444,4,700.0,85.71428571428571,100.47998123829785
47708,true,-7.253213509669848,4,700.0,85.71428571428571,100.47998123829785
47741,true,-7.058255139584915,4,700.0,85.71428571428571,100.47998123829785
47779,true,-6.829430012916703,4,700.0,85.71428571428571,100.47998123829785
47811,true,-6.371782750700717,4,700.0,85.71428571428571,100.47998123829785
47846,true,-5.583085718657898,4,700.0,85.71428571428571,100.47998123829785
47877,true,-4.699040265597972,4,700.0,85.71428571428571,100.47998123829785
47907,true,-3.709874061555695,4,700.0,85.71428571428571,100.47998123829785
47943,true,-2.752560976176909,4,700.0,85.71428571428571,100.47998123829785
47980,true,-2.057421923620467,4,700.0,85.71428571428571,100.47998123829785
48007,true,-1.610980933786422,4,700.0,85.71428571428571,100.47998123829785
48043,true,-1.0465999093427314,4,700.0,85.71428571428571,100.47998123829785
48074,true,-0.67489602823197,4,700.0,85.71428571428571,100.47998123829785
48110,true,-0.30619401506849897,4,700.0,85.71428571428571,100.47998123829785
48140,true,-0.2805690037697133,4,700.0,85.71428571428571,100.47998123829785
48174,true,-0.3624504959820456,4,700.0,85.71428571428571,100.47998123829785
48216,true,0.04613459372001216,3,533.3333333333334,112.49999999999999,100.47998123829785
48240,true,-0.06071261660022742,3,533.3333333333334,112.49999999999999,100.47998123829785
48274,true,0.5543125040827448,3,533.3333333333334,112.49999999999999,100.47998123829785
48314,true,1.7623863513491074,3,533.3333333333334,112.49999999999999,100.47998123829785
48341,true,2.1922017562094283,3,533.3333333333334,112.49999999999999,100.47998123829785
48371,true,2.0613610343210524,3,533.3333333333334,112.49999999999999,100.47998123829785
48409,true,2.498024136478378,3,533.3333333333334,112.49999999999999,100.47998123829785
48446,true,2.0866541285029,3,533.3333333333334,112.49999999999999,100.47998123829785
48480,true,1.4174847913465953,3,533.3333333333334,112.49999999999999,100.47998123829785
48510,true,1.621951327227535,3,533.3333333333334,112.49999999999999,100.47998123829785
48540,true,1.6482554516832266,3,533.3333333333334,112.49999999999999,100.47998123829785
48571,true,1.6664134366818786,3,533.3333333333334,112.49999999999999,100.47998123829785
48606,true,1.9201248311707673,3,533.3333333333334,112.49999999999999,100.47998123829785
48646,true,2.3527037383661735,3,533.3333333333334,112.49999999999999,100.47998123829785
48683,true,2.6155771356153537,3,533.3333333333334,112.49999999999999,100.47998123829785
48710,true,2.4491805065581786,3,533.3333333333334,112.49999999999999,100.47998123829785
48746,true,2.0786806810152,3,533.3333333333334,112.49999999999999,100.47998123829785
48774,true,1.6291014226390104,3,533.3333333333334,112.49999999999999,100.47998123829785
48808,true,1.0749555653544292,3,533.3333333333334,112.49999999999999,100.47998123829785
48838,true,0.6307912460079876,3,533.3333333333334,112.49999999999999,100.47998123829785
48876,true,0.5052932481393668,3,533.3333333333334,112.49999999999999,100.47998123829785
48907,true,0.4835744080034914,3,533.3333333333334,112.49999999999999,100.47998123829785
48940,true,0.39412835418622194,3,533.3333333333334,112.49999999999999,100.47998123829785
48986,true,0.2692334537807568,2,533.3333333333334,112.49999999999999,100.47998123829785
49014,true,0.04491339752820522,2,533.3333333333334,112.49999999999999,100.47998123829785
49046,true,-0.16232695932812646,2,533.3333333333334,112.49999999999999,100.47998123829785
49086,true,-0.3645378476905847,2,533.3333333333334,112.49999999999999,100.47998123829785
49111,true,-0.5109766312077113,2,533.3333333333334,112.49999999999999,100.47998123829785
49144,true,-0.5540780978307112,2,533.3333333333334,112.49999999999999,100.47998123829785
49174,true,-0.8650337491029347,2,533.3333333333334,112.49999999999999,100.47998123829785
49221,true,-1.2326348091993111,2,533.3333333333334,112.49999999999999,100.47998123829785
49238,true,-1.1965594635721857,2,533.3333333333334,112.49999999999999,100.47998123829785
49271,true,-1.221912016186323,2,533.3333333333334,112.49999999999999,100.47998123829785
49308,true,-1.439942041008166,2,533.3333333333334,112.49999999999999,100.47998123829785
49341,true,-1.3517663161540696,2,533.3333333333334,112.49999999999999,100.47998123829785
49374,true,-1.1263303950315873,2,533.3333333333334,112.49999999999999,100.47998123829785
49407,true,-1.1773580471401317,2,533.3333333333334,112.49999999999999,100.47998123829785
49442,true,-1.2353384747129326,2,533.3333333333334,112.49999999999999,100.47998123829785
49480,true,-1.1870542490558478,2,533.3333333333334,112.49999999999999,100.47998123829785
49512,true,-1.2581323361723946,2,533.3333333333334,112.49999999999999,100.47998123829785
49540,true,-1.3230071238691608,2,1266.6666666666665,47.36842105263158,100.47998123829785
49573,true,-1.4183441481555121,2,1266.6666666666665,47.36842105263158,100.47998123829785
49606,true,-1.5285764396833912,3,1133.3333333333333,52.94117647058824,100.47998123829785
49643,true,-1.6525405898000685,4,533.3333333333334,112.49999999999999,100.47998123829785
49677,true,-1.899755498659772,2,1100.0,54.54545454545455,101.68198311446807
49706,true,-2.4573214647783317,7,566.6666666666666,105.88235294117648,101.68198311446807
49741,true,-3.0870407420885613,7,566.6666666666666,105.88235294117648,102.10202009713892
49772,true,-3.725449599368062,7,566.6666666666666,105.88235294117648,102.48005338154267
49815,true,-4.268334779888576,7,566.6666666666666,105.88235294117648,102.82028333750605
49844,true,-4.710349651667769,7,566.6666666666666,105.88235294117648,103.1264902978731
49873,true,-4.814644495256573,7,566.6666666666666,105.88235294117648,103.40207656220345
49901,true,-4.619652159488183,7,566.6666666666666,105.88235294117648,103.65010420010076
49936,true,-4.363847124828325,7,566.6666666666666,105.88235294117648,103.87332907420833
49971,true,-4.10110032781769,7,566.6666666666666,105.88235294117648,104.07423146090515
50004,true,-3.7675992025673253,7,566.6666666666666,105.88235294117648,104.2550436089323
50036,true,-3.4388102221027737,7,566.6666666666666,105.88235294117648,104.41777454215672
50070,true,-3.2859106035489845,7,566.6666666666666,105.88235294117648,104.5642323820587
50106,true,-3.3015611108577048,7,566.6666666666666,105.88235294117648,104.69604443797049
50141,true,-3.360118889471039,7,566.6666666666666,105.88235294117648,104.81467528829108
50176,true,-3.403887706939443,7,566.6666666666666,105.88235294117648,104.92144305357964
50215,true,-3.4919730099444166,2,300.0,200.0,105.01753404233932
50248,true,-3.556390925482802,2,300.0,200.0,105.01753404233932
50273,true,-3.4138964451166345,2,300.0,200.0,105.01753404233932
50310,true,-3.23251120141974,2,300.0,200.0,105.01753404233932
50341,true,-3.111188558846081,2,300.0,200.0,105.01753404233932
50370,true,-3.158733797698659,2,300.0,200.0,105.01753404233932
50405,true,-3.4867803562622584,2,300.0,200.0,105.01753404233932
50443,true,-3.857930225315144,2,300.0,200.0,105.01753404233932
50476,true,-4.250062436590767,2,300.0,200.0,105.01753404233932
50506,true,-4.651751739206603,2,300.0,200.0,105.01753404233932
50537,true,-4.792949418721136,2,300.0,200.0,105.01753404233932
50570,true,-4.491193414677738,2,300.0,200.0,105.01753404233932
50606,true,-4.183953064580052,2,300.0,200.0,105.01753404233932
50641,true,-3.857833092015383,2,300.0,200.0,105.01753404233932
50673,true,-3.481705075070323,2,300.0,200.0,105.01753404233932
50710,true,-3.1655070748565635,2,300.0,200.0,105.01753404233932
50740,true,-3.0489803229914116,2,300.0,200.0,105.01753404233932
50780,true,-3.129813923360274,2,300.0,200.0,105.01753404233932
50808,true,-3.224336660833231,2,300.0,200.0,105.01753404233932
50846,true,-3.2980369540141936,2,300.0,200.0,105.01753404233932
50875,true,-3.3840200936761278,2,300.0,200.0,105.01753404233932
50914,true,-3.4281617643359823,2,300.0,200.0,105.01753404233932
50942,true,-3.2635558560076277,2,300.0,200.0,105.01753404233932
50977,true,-3.135285472244746,2,300.0,200.0,105.01753404233932
51010,true,-3.0040831528271923,2,300.0,200.0,105.01753404233932
51042,true,-2.8169944231948705,2,300.0,200.0,105.01753404233932
51118,true,-3.116680240729636,3,300.0,200.0,105.01753404233932
51144,true,-3.4128057276154777,3,300.0,200.0,105.01753404233932
51172,true,-3.668985521898321,3,300.0,200.0,105.01753404233932
51208,true,-4.01727586152532,3,300.0,200.0,105.01753404233932
51248,true,-4.336410467188827,3,300.0,200.0,105.01753404233932
51273,true,-4.005969547762717,3,300.0,200.0,105.01753404233932
51310,true,-3.648824410912468,3,300.0,200.0,105.01753404233932
51338,true,-3.290145962477837,9,533.3333333333334,112.49999999999999,105.01753404233932
51384,true,-2.851895361788536,9,533.3333333333334,112.49999999999999,105.7657806381054
51411,true,-2.70478953843039,9,533.3333333333334,112.49999999999999,106.43920257429485
51440,true,-2.7751742571276026,10,533.3333333333334,112.49999999999999,107.04528231686537
51477,true,-2.84605686902448,4,333.3333333333333,180.0,107.59075408517883
51510,true,-2.943303778203699,4,333.3333333333333,180.0,107.59075408517883
51554,true,-3.0406822240501157,4,333.3333333333333,180.0,107.59075408517883
51569,true,-2.9235031592214398,4,333.3333333333333,180.0,107.59075408517883
51604,true,-2.813795593626139,4,333.3333333333333,180.0,107.59075408517883
51637,true,-2.7712447915061063,4,333.3333333333333,180.0,107.59075408517883
51679,true,-2.6301646959544485,4,333.3333333333333,180.0,107.59075408517883
51709,true,-2.5016655436822646,4,333.3333333333333,180.0,107.59075408517883
51740,true,-2.363674895139738,4,333.3333333333333,180.0,107.59075408517883
51772,true,-2.199054201075512,4,333.3333333333333,180.0,107.59075408517883
51806,true,-2.1140928059111275,4,333.3333333333333,180.0,107.59075408517883
51845,true,-2.4251423890029997,4,333.3333333333333,180.0,107.59075408517883
51882,true,-2.806584790656757,4,333.3333333333333,180.0,107.59075408517883
51944,true,-3.1576500695659604,4,333.3333333333333,180.0,107.59075408517883
51975,true,-3.511969123106425,4,333.3333333333333,180.0,107.59075408517883
52010,true,-3.7108096445395375,10,533.3333333333334,112.49999999999999,107.59075408517883
52041,true,-3.6032247234082746,10,533.3333333333334,112.49999999999999,108.08167867666094
52090,true,-3.4217631598778695,10,533.3333333333334,112.49999999999999,108.52351080899486
52103,true,-3.2825504433876063,10,533.3333333333334,112.49999999999999,108.92115972809538
52138,true,-3.144950490910773,10,533.3333333333334,112.49999999999999,109.27904375528584
52173,true,-3.044131290249595,10,533.3333333333334,112.49999999999999,109.60113937975726
52206,true,-2.948230976633738,10,533.3333333333334,112.49999999999999,109.89102544178154
52240,true,-2.9155708444593387,10,533.3333333333334,112.49999999999999,110.15192289760338
52274,true,-2.902733863297655,10,533.3333333333334,112.49999999999999,110.38673060784305
52307,true,-2.858362301894772,10,533.3333333333334,112.49999999999999,110.59805754705874
52341,true,-2.8198085997814673,10,533.3333333333334,112.49999999999999,110.78825179235287
52376,true,-2.759896846889987,10,533.3333333333334,112.49999999999999,110.95942661311759
52403,true,-2.6412817323432307,10,533.3333333333334,112.49999999999999,111.11348395180583
52440,true,-2.4304820369432605,10,533.3333333333334,112.49999999999999,111.25213555662525
52471,true,-2.2552879662695915,9,400.0,150.0,111.37692200096272
52509,true,-2.0238685102437017,9,400.0,150.0,111.37692200096272
52543,true,-1.8250373571284655,9,400.0,150.0,111.37692200096272
52576,true,-1.6417061480360218,9,400.0,150.0,111.37692200096272
52605,true,-1.7558405310800254,9,400.0,150.0,111.37692200096272
52643,true,-2.0981224782525913,9,400.0,150.0,111.37692200096272
52674,true,-2.5424511056792767,9,400.0,150.0,111.37692200096272
52708,true,-2.9767124486533305,9,400.0,150.0,111.37692200096272
52745,true,-3.3342123341228387,9,400.0,150.0,111.37692200096272
52774,true,-3.502596321870044,9,400.0,150.0,111.37692200096272
52807,true,-3.386092813049487,9,400.0,150.0,111.37692200096272
52842,true,-3.2287269343199654,9,400.0,150.0,111.37692200096272
52876,true,-3.0383534610999448,9,400.0,150.0,111.37692200096272
52905,true,-2.8673922914565964,9,400.0,150.0,111.37692200096272
52939,true,-2.6832189359239607,9,400.0,150.0,111.37692200096272
52978,true,-2.587815276663207,9,400.0,150.0,111.37692200096272
53011,true,-2.5220139203749454,9,400.0,150.0,111.37692200096272
53043,true,-2.4101548407968494,9,400.0,150.0,111.37692200096272
53076,true,-2.3419213999109303,9,400.0,150.0,111.37692200096272
53105,true,-2.260614610874825,8,400.0,150.0,111.37692200096272
53149,true,-2.1392566486867395,8,400.0,150.0,111.37692200096272
53180,true,-1.9827242698844998,8,400.0,150.0,111.37692200096272
53210,true,-1.890182914450719,8,400.0,150.0,111.37692200096272
53242,true,-1.7800386163395956,8,400.0,150.0,111.37692200096272
53279,true,-1.6893355811027249,8,400.0,150.0,111.37692200096272
53311,true,-1.5822520648244165,8,400.0,150.0,111.37692200096272
53346,true,-1.4839062034501325,8,400.0,150.0,111.37692200096272
53376,true,-1.369300173623472,8,400.0,150.0,111.37692200096272
53406,true,-1.39641094476967,8,400.0,150.0,111.37692200096272
53439,true,-1.6948656854794564,8,400.0,150.0,111.37692200096272
53471,true,-2.0653796918561653,8,400.0,150.0,111.37692200096272
53505,true,-2.447283151179761,8,400.0,150.0,111.37692200096272
53538,true,-2.7958160439039688,8,400.0,150.0,111.37692200096272
53576,true,-3.043348868005964,8,400.0,150.0,111.37692200096272
53605,true,-2.9458321872035924,8,400.0,150.0,111.37692200096272
53642,true,-2.751154882841064,8,400.0,150.0,111.37692200096272
53677,true,-2.5158914965208368,8,400.0,150.0,111.37692200096272
53708,true,-2.358264306571243,7,400.0,150.0,111.37692200096272
53738,true,-2.180293027084346,7,400.0,150.0,111.37692200096272
53775,true,-1.9735476709007855,7,400.0,150.0,111.37692200096272
53809,true,-1.8048733405170907,7,400.0,150.0,111.37692200096272
53840,true,-1.6418766029006377,7,400.0,150.0,111.37692200096272
53887,true,-1.456918649883633,7,400.0,150.0,111.37692200096272
53911,true,-1.2590418241782686,7,400.0,150.0,111.37692200096272
53940,true,-1.1479236557122334,7,400.0,150.0,111.37692200096272
53975,true,-1.0628008855380529,7,400.0,150.0,111.37692200096272
54011,true,-1.0007727843652248,7,400.0,150.0,111.37692200096272
54044,true,-0.8673657662213827,7,400.0,150.0,111.37692200096272
54081,true,-0.7558023547501875,7,400.0,150.0,111.37692200096272
54105,true,-0.6300131874399142,7,400.0,150.0,111.37692200096272
54143,true,-0.4745511022234865,7,400.0,150.0,111.37692200096272
54171,true,-0.311920674155175,7,400.0,150.0,111.37692200096272
54204,true,-0.20826519898339768,7,400.0,150.0,111.37692200096272
54239,true,-0.15378895876484933,6,400.0,150.0,111.37692200096272
54284,true,-0.3740792338789447,6,400.0,150.0,111.37692200096272
54305,true,-0.6389217857771428,6,400.0,150.0,111.37692200096272
54338,true,-0.9385268531325437,6,400.0,150.0,111.37692200096272
54373,true,-1.3186783567547025,6,400.0,150.0,111.37692200096272
54407,true,-1.5805768468262897,6,400.0,150.0,111.37692200096272
54439,true,-1.5665641335297664,6,400.0,150.0,111.37692200096272
54471,true,-1.4766147958281834,6,400.0,150.0,111.37692200096272
54504,true,-1.3119948167070135,6,400.0,150.0,111.37692200096272
54544,true,-1.0594352926190993,6,400.0,150.0,111.37692200096272
54574,true,-0.8486077016472393,6,400.0,150.0,111.37692200096272
54605,true,-0.6757665765962031,6,400.0,150.0,111.37692200096272
54642,true,-0.5270659544276413,6,400.0,150.0,111.37692200096272
54674,true,-0.4295451319262895,6,400.0,150.0,111.37692200096272
54708,true,-0.34665336106651523,6,400.0,150.0,111.37692200096272
54738,true,-0.29146436959590005,6,400.0,150.0,111.37692200096272
54770,true,-0.19895422643963911,7,400.0,150.0,111.37692200096272
54807,true,-0.1184482465625365,7,400.0,150.0,111.37692200096272
54841,true,-0.02030788979554643,7,400.0,150.0,111.37692200096272
54867,true,0.08401759534460496,7,400.0,150.0,111.37692200096272
54899,true,0.20781817548464687,7,400.0,150.0,111.37692200096272
54937,true,0.30844723468098323,7,400.0,150.0,111.37692200096272
54968,true,0.4617166211436654,7,400.0,150.0,111.37692200096272
55002,true,0.5976837841012781,5,400.0,150.0,111.37692200096272
55039,true,0.6907370555566956,5,400.0,150.0,111.37692200096272
55071,true,0.7229823064163696,5,400.0,150.0,111.37692200096272
55102,true,0.5557286386073201,5,400.0,150.0,111.37692200096272
55138,true,0.18017956875172558,5,400.0,150.0,111.37692200096272
55169,true,-0.22263030772393222,5,400.0,150.0,111.37692200096272
55202,true,-0.5765980549907681,5,400.0,150.0,111.37692200096272
55240,true,-0.9278518432373346,5,400.0,150.0,111.37692200096272
55271,true,-1.0050336880695596,5,400.0,150.0,111.37692200096272
55310,true,-0.8960830543426681,5,400.0,150.0,111.37692200096272
55341,true,-0.7257823944590456,5,400.0,150.0,111.37692200096272
55374,true,-0.5847629760381636,5,400.0,150.0,111.37692200096272
55406,true,-0.4050179827798104,5,400.0,150.0,111.37692200096272
55443,true,-0.2101997884151814,5,400.0,150.0,111.37692200096272
55479,true,-0.05167688780979063,5,400.0,150.0,0.0
55504,true,0.09465691179596547,4,333.3333333333333,180.0,0.0
55535,true,0.25044987594037593,4,333.3333333333333,180.0,0.0
55577,true,0.42196960316898924,4,333.3333333333333,180.0,0.0
55601,true,0.5040853187506258,4,333.3333333333333,180.0,0.0
55639,true,0.646361056025242,4,333.3333333333333,180.0,0.0
55673,true,0.7634696062639676,4,333.3333333333333,180.0,0.0
55702,true,0.8608399787841563,4,333.3333333333333,180.0,0.0
55744,true,0.9222613737176886,4,333.3333333333333,180.0,0.0
55770,true,0.9810107039856604,4,333.3333333333333,180.0,0.0
55812,true,0.9665680304371875,4,333.3333333333333,180.0,0.0
55835,true,0.9682606556674216,4,333.3333333333333,180.0,0.0
55872,true,1.0046755730976002,4,333.3333333333333,180.0,0.0
55901,true,1.027660610773978,4,333.3333333333333,180.0,0.0
55944,true,1.0247839399138456,4,333.3333333333333,180.0,0.0
55972,true,0.8931828681165257,5,400.0,150.0,0.0
56000,true,0.5516239496067072,5,400.0,150.0,0.0
56040,true,0.1853362416728288,5,400.0,150.0,0.0
56070,true,-0.13688777820973996,5,400.0,150.0,0.0
56103,true,-0.47176252577664,5,400.0,150.0,0.0
56139,true,-0.5781208037228254,5,400.0,150.0,0.0
56168,true,-0.5815643454014463,5,400.0,150.0,0.0
56204,true,-0.6340774270931604,5,400.0,150.0,0.0
56240,true,-0.6617103320210873,5,400.0,150.0,0.0
56278,true,-0.6175191918671032,5,400.0,150.0,0.0
56315,true,-0.6124255024868006,5,400.0,150.0,0.0
56343,true,-0.46538203200094586,5,400.0,150.0,0.0
56375,true,-0.22749532357906332,1,1933.3333333333333,31.03448275862069,0.0
56412,true,-0.044999277508011915,1,1933.3333333333333,31.03448275862069,0.0
56438,true,0.1413934460139643,1,1933.3333333333333,31.03448275862069,0.0
56469,true,0.28520633556652797,1,1933.3333333333333,31.03448275862069,0.0
56501,true,0.3851198850938147,1,1933.3333333333333,31.03448275862069,0.0
56538,true,0.46294163574727065,1,1933.3333333333333,31.03448275862069,0.0
56571,true,0.5619944504393999,1,1933.3333333333333,31.03448275862069,0.0
56602,true,0.6228090270200255,1,1933.3333333333333,31.03448275862069,0.0
56639,true,0.7220366518394741,1,1933.3333333333333,31.03448275862069,0.0
56670,true,0.8185001338370768,1,1933.3333333333333,31.03448275862069,0.0
56708,true,0.8632767563983634,1,1933.3333333333333,31.03448275862069,0.0
56740,true,0.8945392777729637,1,1700.0,35.294117647058826,0.0
56776,true,0.9473651180839227,1,1700.0,35.294117647058826,0.0
56809,true,0.8916848510752828,1,1700.0,35.294117647058826,0.0
56840,true,0.6431592335554654,1,1700.0,35.294117647058826,0.0
56874,true,0.3864870361526016,1,1700.0,35.294117647058826,0.0
56902,true,0.12574247141421324,1,1700.0,35.294117647058826,0.0
56942,true,-0.10376949746481046,1,1700.0,35.294117647058826,0.0
56973,true,-0.27309415450565666,1,1700.0,35.294117647058826,0.0
57007,true,-0.14660210491908288,7,833.3333333333334,72.0,0.0
57037,true,0.22770338058552397,7,833.3333333333334,72.0,0.0
57071,true,0.9076581838817219,7,833.3333333333334,72.0,0.0
57108,true,1.8442866734313696,7,833.3333333333334,72.0,0.0
57143,true,2.8605176013065545,7,833.3333333333334,72.0,0.0
57175,true,3.8678200618053893,7,833.3333333333334,72.0,0.0
57208,true,4.476404835803095,7,833.3333333333334,72.0,0.0
57240,true,4.463582768326873,8,833.3333333333334,72.0,0.0
57274,true,4.056444198429801,8,833.3333333333334,72.0,0.0
57305,true,3.497162985703838,8,833.3333333333334,72.0,0.0
57341,true,2.7481372086535885,8,833.3333333333334,72.0,0.0
57370,true,2.0071737203628714,8,833.3333333333334,72.0,0.0
57406,true,1.4073733805023636,8,833.3333333333334,72.0,0.0
57435,true,0.7648126581787835,8,833.3333333333334,72.0,0.0
57467,true,0.08238598901097305,8,833.3333333333334,72.0,0.0
57505,true,-0.5688558284241481,8,833.3333333333334,72.0,0.0
57544,true,-1.0741588031885243,8,833.3333333333334,72.0,0.0
57570,true,-1.4781955660945272,8,833.3333333333334,72.0,0.0
57604,true,-3.254901464355129,8,833.3333333333334,72.0,0.0
57638,true,-7.386273586064988,8,833.3333333333334,72.0,0.0
57668,true,-14.270622235083508,7,833.3333333333334,72.0,0.0
57708,true,-22.968944867228515,0,0.0,0.0,0.0
57735,true,-31.80298938459623,0,0.0,0.0,0.0
57771,true,-38.910939213428406,0,0.0,0.0,0.0
57802,true,-43.262816857319166,0,0.0,0.0,0.0
57833,true,-44.55351890144135,0,0.0,0.0,0.0
57878,true,-43.81073601732851,0,0.0,0.0,0.0
57911,true,-42.706589237770544,0,0.0,0.0,0.0
57939,true,-41.73277000646324,0,0.0,0.0,0.0
57970,true,-40.99425351297501,0,0.0,0.0,0.0
58002,true,-40.35625873000808,0,0.0,0.0,0.0
58037,true,-39.76809676181898,0,0.0,0.0,0.0
58070,true,-39.22269406053539,0,0.0,0.0,0.0
58108,true,-38.44948520366731,0,0.0,0.0,0.0
58139,true,-34.61558112764338,0,0.0,0.0,0.0
58171,true,-17.240620855336317,0,0.0,0.0,0.0
58204,true,9.826761079192138,0,0.0,0.0,0.0
58236,true,40.1748191645605,0,0.0,0.0,0.0
58274,true,64.27548105172035,0,0.0,0.0,0.0
58309,true,75.8881803498294,0,0.0,0.0,0.0
58374,true,86.55214583615596,0,0.0,0.0,0.0
58407,true,85.14747234096492,0,0.0,0.0,0.0
58432,true,73.97332213048355,0,0.0,0.0,0.0
58469,true,66.15419668349767,0,0.0,0.0,0.0
58508,true,65.58976629548667,0,0.0,0.0,0.0
58539,true,49.17580907184566,0,0.0,0.0,0.0
58567,true,32.82682526124067,0,0.0,0.0,0.0
58604,true,22.237834184796398,0,0.0,0.0,0.0
58635,true,13.945988901964583,0,0.0,0.0,0.0
58676,true,7.7283607413856,0,0.0,0.0,0.0
58703,true,4.104358718140901,0,0.0,0.0,0.0
58734,true,2.6087763502992374,0,0.0,0.0,0.0
58770,true,1.771370473290915,0,0.0,0.0,0.0
58807,true,1.2482161294537661,0,0.0,0.0,0.0
58839,true,0.9896386954724363,0,0.0,0.0,0.0
58871,true,0.8890264986543883,0,0.0,0.0,0.0
58908,true,0.8147029449689285,0,0.0,0.0,0.0
58941,true,0.6963602510454479,0,0.0,0.0,0.0
58976,true,0.7689741455076842,0,0.0,0.0,0.0
59005,true,0.8008830228479269,0,0.0,0.0,0.0
59034,true,1.046250873713376,0,0.0,0.0,0.0
59070,true,1.6918032205878006,0,0.0,0.0,0.0
59105,true,2.6323811767260565,0,0.0,0.0,0.0
59141,true,3.639687397337326,0,0.0,0.0,0.0
59168,true,4.625018514218652,0,0.0,0.0,0.0
59204,true,5.311156900550472,0,0.0,0.0,0.0
59241,true,5.5282673511467095,0,0.0,0.0,0.0
59276,true,5.4803383001865456,0,0.0,0.0,0.0
59310,true,5.060443390561431,0,0.0,0.0,0.0
59341,true,4.632598431687072,0,0.0,0.0,0.0
59373,true,4.244866791856481,0,0.0,0.0,0.0
59407,true,3.788714930725803,0,0.0,0.0,0.0
59440,true,3.372308704841217,0,0.0,0.0,0.0
59467,true,3.192456621796566,0,0.0,0.0,0.0
59507,true,3.0804910994189783,0,0.0,0.0,0.0
59533,true,2.9974056340284676,0,0.0,0.0,0.0
59573,true,3.0365167559543806,0,0.0,0.0,0.0
59605,true,3.1532563597415617,0,0.0,0.0,0.0
59648,true,3.2727795479894013,0,0.0,0.0,0.0
59674,true,3.352252875834438,0,0.0,0.0,0.0
59704,true,3.4722974614071376,0,0.0,0.0,0.0
59739,true,3.559093418296726,0,0.0,0.0,0.0
59773,true,3.581322174108749,0,0.0,0.0,0.0
59806,true,3.638525177142867,0,0.0,0.0,0.0
59845,true,3.6804084130375827,0,0.0,0.0,0.0
59871,true,3.7162648582245197,0,0.0,0.0,0.0
59910,true,3.75263816455022,0,0.0,0.0,0.0
59942,true,3.7511068841279354,0,0.0,0.0,0.0
59976,true,3.714696486185318,0,0.0,0.0,0.0
60002,true,3.741137206696976,0,0.0,0.0,0.0
60038,true,3.7027044462011673,0,0.0,0.0,0.0
60074,true,3.3698260822952193,0,0.0,0.0,0.0
60102,true,2.8711941225757585,0,0.0,0.0,0.0
60143,true,2.2763255462280085,0,0.0,0.0,0.0
60180,true,1.5832190177664103,0,0.0,0.0,0.0
60207,true,0.787244291941235,0,0.0,0.0,0.0
60240,true,0.33996840096477854,0,0.0,0.0,0.0
60273,true,0.06326974876620284,0,0.0,0.0,0.0
60308,true,-0.06532434397794873,0,0.0,0.0,0.0
60340,true,0.10272399112433561,0,0.0,0.0,0.0
60379,true,0.44007068681666794,0,0.0,0.0,0.0
60401,true,0.48296974230150624,0,0.0,0.0,0.0
60433,true,0.5124494876442611,0,0.0,0.0,0.0
60474,true,0.5562538961742547,0,0.0,0.0,0.0
60511,true,0.3728429038229848,2,1133.3333333333333,52.94117647058824,0.0
60540,true,0.24156020866030303,3,866.6666666666667,69.23076923076923,0.0
60572,true,0.4285850790978287,1,1766.6666666666665,33.9622641509434,0.0
60605,true,0.7384951220712708,4,400.0,150.0,0.0
60635,true,1.0175507350730584,4,400.0,150.0,0.0
60674,true,1.2651281748827046,4,400.0,150.0,0.0
60702,true,1.4760936106113576,4,400.0,150.0,0.0
60740,true,1.6872092812754573,3,400.0,150.0,0.0
60777,true,1.7772777678476217,3,400.0,150.0,0.0
60808,true,1.8196660426137186,3,400.0,150.0,0.0
60839,true,1.6815052878385046,3,400.0,150.0,0.0
60878,true,1.2473973915901695,3,400.0,150.0,0.0
60908,true,0.6899013128210782,3,400.0,150.0,0.0
60934,true,0.08483147251310186,3,400.0,150.0,0.0
60974,true,-0.5318509929543325,3,400.0,150.0,0.0
61005,true,-0.8595952881327378,3,400.0,150.0,0.0
61035,true,-0.8827635704291481,3,400.0,150.0,0.0
61071,true,-0.8350729118548799,3,400.0,150.0,0.0
61101,true,-0.69830983191288,2,433.33333333333337,138.46153846153845,0.0
61134,true,-0.5763753224796915,2,433.33333333333337,138.46153846153845,0.0
61178,true,-0.5757973890627284,2,433.33333333333337,138.46153846153845,0.0
61206,true,-0.5801022657723394,2,433.33333333333337,138.46153846153845,0.0
61242,true,-0.5959435844099943,2,433.33333333333337,138.46153846153845,0.0
61274,true,-0.6147873822892223,2,433.33333333333337,138.46153846153845,0.0
61308,true,-0.5710992792260754,2,433.33333333333337,138.46153846153845,0.0
61337,true,-0.512573613901381,2,433.33333333333337,138.46153846153845,0.0
61369,true,-0.41792706185269424,8,833.3333333333334,72.0,0.0
61407,true,-0.24424768807112684,8,833.3333333333334,72.0,0.0
61441,true,-0.011459057415635243,8,833.3333333333334,72.0,0.0
61472,true,0.2514204951630603,8,833.3333333333334,72.0,0.0
61506,true,0.549263580781485,8,833.3333333333334,72.0,0.0
61537,true,0.6550327742648108,8,833.3333333333334,72.0,0.0
61567,true,0.667097396705941,8,833.3333333333334,72.0,0.0
61604,true,0.4820645170178324,9,833.3333333333334,72.0,0.0
61639,true,0.10642435615143597,9,833.3333333333334,72.0,0.0
61672,true,-0.3817417169864825,9,833.3333333333334,72.0,0.0
61702,true,-0.7581919158281494,9,833.3333333333334,72.0,0.0
61743,true,-1.1036800750180191,9,833.3333333333334,72.0,0.0
61771,true,-1.2508013010696573,9,833.3333333333334,72.0,0.0
61806,true,-1.0516340949833136,9,833.3333333333334,72.0,0.0
61838,true,-0.7514477498356342,7,833.3333333333334,72.0,0.0
61872,true,-0.3981153453181179,7,833.3333333333334,72.0,0.0
61907,true,-0.04051102095442616,7,833.3333333333334,72.0,0.0
61938,true,0.0753605203115626,7,833.3333333333334,72.0,0.0
61984,true,-0.0009671103873358788,7,833.3333333333334,72.0,0.0
62012,true,-0.07404132770879812,7,833.3333333333334,72.0,0.0
62043,true,-0.11020009275657117,7,833.3333333333334,72.0,0.0
62073,true,-0.044567843054224454,7,833.3333333333334,72.0,0.0
62107,true,0.22857913556259746,7,833.3333333333334,72.0,0.0
62139,true,0.4346474077477467,7,833.3333333333334,72.0,0.0
62175,true,0.5971939946706044,7,833.3333333333334,72.0,0.0
62205,true,0.8010423023847721,7,833.3333333333334,72.0,0.0
62242,true,0.9356245874147078,7,833.3333333333334,72.0,0.0
62265,true,1.0354331927549083,7,833.3333333333334,72.0,0.0
62299,true,1.1180002131021496,7,833.3333333333334,72.0,0.0
62335,true,1.2176209674453986,7,833.3333333333334,72.0,0.0
62372,true,1.2768458843210482,7,833.3333333333334,72.0,0.0
62406,true,1.415574281768471,7,833.3333333333334,72.0,0.0
62439,true,1.6796137511692848,7,833.3333333333334,72.0,0.0
62470,true,2.125547318656288,7,833.3333333333334,72.0,0.0
62504,true,2.647229477035225,7,833.3333333333334,72.0,0.0
62542,true,3.195360877815645,7,833.3333333333334,72.0,0.0
62579,true,3.6040770745680533,6,866.6666666666667,69.23076923076923,0.0
62605,true,3.9431084545153112,6,866.6666666666667,69.23076923076923,0.0
62642,true,4.167538045230032,6,866.6666666666667,69.23076923076923,0.0
62675,true,4.402245269248127,6,866.6666666666667,69.23076923076923,0.0
62709,true,4.553173325173049,6,866.6666666666667,69.23076923076923,0.0
62740,true,4.663916362587983,6,866.6666666666667,69.23076923076923,0.0
62776,true,4.7233570620973495,6,866.6666666666667,69.23076923076923,0.0
62805,true,4.80482304339688,6,866.6666666666667,69.23076923076923,0.0
62839,true,4.776069928160055,7,866.6666666666667,69.23076923076923,0.0
62878,true,4.725444514651244,7,866.6666666666667,69.23076923076923,0.0
62911,true,4.581978260111924,7,866.6666666666667,69.23076923076923,0.0
62938,true,4.203161008566312,7,866.6666666666667,69.23076923076923,0.0
62966,true,3.6771242172436303,7,866.6666666666667,69.23076923076923,0.0
63007,true,3.0804735683214943,7,866.6666666666667,69.23076923076923,0.0
63037,true,2.4741105251380873,7,866.6666666666667,69.23076923076923,0.0
63069,true,1.9293856326958831,7,866.6666666666667,69.23076923076923,0.0
63102,true,1.6738645938201984,7,866.6666666666667,69.23076923076923,0.0
63133,true,1.5488612448232715,7,866.6666666666667,69.23076923076923,0.0
63170,true,1.5489736498920905,7,866.6666666666667,69.23076923076923,0.0
63202,true,1.5950778793979055,7,866.6666666666667,69.23076923076923,0.0
63239,true,1.7064632635464392,7,866.6666666666667,69.23076923076923,0.0
63271,true,1.777754061874063,7,866.6666666666667,69.23076923076923,0.0
63304,true,1.8424393838207465,7,866.6666666666667,69.23076923076923,0.0
63339,true,1.818989959843961,7,866.6666666666667,69.23076923076923,0.0
63366,true,1.7911639041150806,6,866.6666666666667,69.23076923076923,0.0
63422,true,1.8396020145833916,6,866.6666666666667,69.23076923076923,0.0
63437,true,1.8882263361613099,6,866.6666666666667,69.23076923076923,0.0
63469,true,1.9609633086727314,6,866.6666666666667,69.23076923076923,0.0
63503,true,2.089191028103869,6,866.6666666666667,69.23076923076923,0.0
63539,true,2.1918369997319758,6,866.6666666666667,69.23076923076923,0.0
63570,true,2.0338824705533654,6,866.6666666666667,69.23076923076923,0.0
63602,true,1.681400735871918,6,866.6666666666667,69.23076923076923,0.0
63637,true,1.2561704011473012,8,833.3333333333334,72.0,0.0
63671,true,0.7735536260770886,8,833.3333333333334,72.0,0.0
63699,true,0.3230483869469083,8,833.3333333333334,72.0,0.0
63736,true,0.038112116144645825,8,833.3333333333334,72.0,0.0
63769,true,-0.016984451822850133,8,833.3333333333334,72.0,0.0
63807,true,-0.06588868029353989,8,833.3333333333334,72.0,0.0
63835,true,-0.04581617176673092,8,833.3333333333334,72.0,0.0
63868,true,-0.049762374695887956,8,833.3333333333334,72.0,0.0
63942,true,-0.03483261638646695,8,833.3333333333334,72.0,0.0
63969,true,-0.04400436716269951,8,833.3333333333334,72.0,0.0
64006,true,-0.002069144025000469,8,833.3333333333334,72.0,0.0
64039,true,0.024772807542433384,8,833.3333333333334,72.0,0.0
64068,true,0.0664064151109045,8,833.3333333333334,72.0,0.0
64101,true,0.17724145483386167,8,833.3333333333334,72.0,0.0
64131,true,0.29654916638135376,8,833.3333333333334,72.0,0.0
64169,true,0.449142460004353,8,833.3333333333334,72.0,0.0
64202,true,0.5683461255245419,8,833.3333333333334,72.0,0.0
64236,true,0.5004576473801592,8,833.3333333333334,72.0,0.0
64269,true,0.221445933524393,7,833.3333333333334,72.0,0.0
64309,true,-0.13607710687524843,7,833.3333333333334,72.0,0.0
64336,true,-0.5564919575676726,8,833.3333333333334,72.0,0.0
64371,true,-1.0342658178716988,8,833.3333333333334,72.0,0.0
64406,true,-1.3302342118920905,8,833.3333333333334,72.0,0.0
64439,true,-1.3515681620839928,8,833.3333333333334,72.0,0.0
64469,true,-1.3248496316724925,8,833.3333333333334,72.0,0.0
64509,true,-1.2973806333341003,8,833.3333333333334,72.0,0.0
64537,true,-1.1600095897705245,8,833.3333333333334,72.0,0.0
64567,true,-0.9785445003657145,8,833.3333333333334,72.0,0.0
64601,true,-0.9342603656649118,8,833.3333333333334,72.0,0.0
64636,true,-0.924589382581317,8,833.3333333333334,72.0,0.0
64673,true,-0.8380614920279896,8,833.3333333333334,72.0,0.0
64703,true,-0.7223461981537156,8,833.3333333333334,72.0,0.0
64749,true,-0.6237640338535186,8,833.3333333333334,72.0,0.0
64774,true,-0.4684680128496126,8,833.3333333333334,72.0,0.0
64808,true,-0.2645821614722479,8,833.3333333333334,72.0,0.0
64843,true,-0.31095309099407586,9,766.6666666666667,78.26086956521738,0.0
64877,true,-0.37254723368748444,9,766.6666666666667,78.26086956521738,0.0
64911,true,-0.4231482134310198,9,766.6666666666667,78.26086956521738,0.0
64942,true,-0.8633911738689477,9,766.6666666666667,78.26086956521738,0.0
64972,true,-1.4303914292609647,9,766.6666666666667,78.26086956521738,0.0
65006,true,-1.8294441061343747,9,766.6666666666667,78.26086956521738,0.0
65042,true,-2.145248756143772,9,766.6666666666667,78.26086956521738,0.0
65075,true,-2.4808125546948503,9,766.6666666666667,78.26086956521738,0.0
65106,true,-2.5040019667613507,8,766.6666666666667,78.26086956521738,0.0
65134,true,-2.3921745129444645,8,766.6666666666667,78.26086956521738,0.0
65168,true,-2.2723994635487657,8,766.6666666666667,78.26086956521738,0.0
65208,true,-2.2847702450591783,8,766.6666666666667,78.26086956521738,0.0
65239,true,-2.3504107027113577,8,766.6666666666667,78.26086956521738,0.0
65272,true,-2.399119674483373,8,766.6666666666667,78.26086956521738,0.0
65309,true,-2.4942326436328557,8,766.6666666666667,78.26086956521738,0.0
65344,true,-2.564105066688782,8,766.6666666666667,78.26086956521738,0.0
65373,true,-2.5895792783924207,8,766.6666666666667,78.26086956521738,0.0
65408,true,-2.528403992654958,8,766.6666666666667,78.26086956521738,0.0
65455,true,-2.392044987887388,8,766.6666666666667,78.26086956521738,0.0
65470,true,-2.1929964760177256,8,766.6666666666667,78.26086956521738,0.0
65502,true,-1.9551663068118756,8,766.6666666666667,78.26086956521738,0.0
65538,true,-1.7377425537188742,8,766.6666666666667,78.26086956521738,0.0
65571,true,-1.5423544806120901,7,666.6666666666666,90.0,0.0
65609,true,-1.4067755380990548,7,666.6666666666666,90.0,0.0
65639,true,-1.3564739972279796,7,666.6666666666666,90.0,0.0
65718,true,-1.74406250823138,7,666.6666666666666,90.0,0.0
65749,true,-2.181952529114511,7,666.6666666666666,90.0,0.0
65776,true,-2.71387426336085,7,666.6666666666666,90.0,0.0
65805,true,-3.413575405101369,7,666.6666666666666,90.0,0.0
65837,true,-4.104874485973127,7,666.6666666666666,90.0,0.0
65871,true,-4.5664486714712496,7,666.6666666666666,90.0,0.0
65902,true,-5.040298237761505,7,666.6666666666666,90.0,0.0
65940,true,-5.476838068645677,8,766.6666666666667,78.26086956521738,0.0
65974,true,-5.6761817170404925,2,433.33333333333337,138.46153846153845,0.0
66006,true,-5.861133204640254,2,433.33333333333337,138.46153846153845,0.0
66037,true,-5.844035727488148,2,433.33333333333337,138.46153846153845,0.0
66073,true,-5.7543969644366655,2,433.33333333333337,138.46153846153845,0.0
66102,true,-5.66762134842871,2,433.33333333333337,138.46153846153845,0.0
66131,true,-5.6653183903418665,2,433.33333333333337,138.46153846153845,0.0
66168,true,-5.667175725979149,2,433.33333333333337,138.46153846153845,0.0
66204,true,-5.7093972124359595,2,433.33333333333337,138.46153846153845,0.0
66234,true,-5.784215415551685,2,433.33333333333337,138.46153846153845,0.0
66267,true,-5.849184082520921,2,433.33333333333337,138.46153846153845,0.0
66306,true,-5.8934316687511625,2,433.33333333333337,138.46153846153845,0.0
66337,true,-5.869335076708907,2,433.33333333333337,138.46153846153845,0.0
66371,true,-5.88252538464134,2,433.33333333333337,138.46153846153845,0.0
66403,true,-6.0241953325722335,2,433.33333333333337,138.46153846153845,0.0
66435,true,-6.274557232806458,2,433.33333333333337,138.46153846153845,0.0
66470,true,-6.6078810426213295,2,433.33333333333337,138.46153846153845,0.0
66504,true,-7.0368625123773825,2,433.33333333333337,138.46153846153845,0.0
66541,true,-7.343246604518839,2,433.33333333333337,138.46153846153845,0.0
66572,true,-7.610413707795146,2,433.33333333333337,138.46153846153845,0.0
66602,true,-7.913606084176763,2,433.33333333333337,138.46153846153845,0.0
66637,true,-8.179242996723403,2,433.33333333333337,138.46153846153845,0.0
66668,true,-8.496307364059035,2,433.33333333333337,138.46153846153845,0.0
66707,true,-8.886984376047394,2,433.33333333333337,138.46153846153845,0.0
66738,true,-9.232622240213416,9,733.3333333333333,81.81818181818183,0.0
66768,true,-9.434669307395325,9,733.3333333333333,81.81818181818183,0.0
66805,true,-9.70247427430796,9,733.3333333333333,81.81818181818183,0.0
66840,true,-9.895827275788136,9,733.3333333333333,81.81818181818183,0.0
66870,true,-10.0922529790099,9,733.3333333333333,81.81818181818183,0.0
66901,true,-10.274366582001974,7,666.6666666666666,90.0,0.0
66933,true,-10.441613691021601,7,666.6666666666666,90.0,0.0
66972,true,-10.492664352829493,7,666.6666666666666,90.0,0.0
67005,true,-10.517407654544641,7,666.6666666666666,90.0,0.0
67036,true,-10.475382484533128,7,666.6666666666666,90.0,0.0
67068,true,-10.363123167720858,7,666.6666666666666,90.0,0.0
67102,true,-10.278941679262516,7,666.6666666666666,90.0,0.0
67142,true,-10.242860848588123,7,666.6666666666666,90.0,0.0
67212,true,-10.288174479864622,7,666.6666666666666,90.0,0.0
67239,true,-10.39679694504656,7,666.6666666666666,90.0,0.0
67323,true,-10.611423202013356,7,666.6666666666666,90.0,0.0
67346,true,-10.949579989653287,7,666.6666666666666,90.0,0.0
67419,true,-11.12310113315229,7,666.6666666666666,90.0,0.0
67438,true,-11.16161831627754,7,666.6666666666666,90.0,0.0
67513,true,-11.04613296996952,7,666.6666666666666,90.0,0.0
67540,true,-10.798697950373352,7,666.6666666666666,90.0,0.0
67569,true,-10.402632419866578,7,666.6666666666666,90.0,0.0
67602,true,-10.096779328136563,7,666.6666666666666,90.0,0.0
67640,true,-9.760295423687595,7,666.6666666666666,90.0,0.0
67682,true,-9.458928095092773,7,666.6666666666666,90.0,0.0
67703,true,-9.11597655759276,7,666.6666666666666,90.0,0.0
67737,true,-8.606184863212476,7,666.6666666666666,90.0,0.0
67817,true,-8.12668987169566,8,733.3333333333333,81.81818181818183,0.0
67841,true,-7.758142926020099,8,733.3333333333333,81.81818181818183,0.0
67908,true,-7.675770189134425,8,733.3333333333333,81.81818181818183,0.0
67939,true,-7.6983983791779025,8,733.3333333333333,81.81818181818183,0.0
68017,true,-7.854121990220733,8,733.3333333333333,81.81818181818183,0.0
68045,true,-7.999423876198065,8,733.3333333333333,81.81818181818183,0.0
68078,true,-8.034561423386009,8,733.3333333333333,81.81818181818183,0.0
68104,true,-7.854562338529391,8,733.3333333333333,81.81818181818183,0.0
68138,true,-7.6380636775910205,8,733.3333333333333,81.81818181818183,0.0
68172,true,-7.413911412281166,8,733.3333333333333,81.81818181818183,0.0
68201,true,-7.21291127732124,8,733.3333333333333,81.81818181818183,0.0
68236,true,-6.985263034661571,8,733.3333333333333,81.81818181818183,0.0
68272,true,-6.809916251163372,8,733.3333333333333,81.81818181818183,0.0
68302,true,-6.667201786345743,10,733.3333333333333,81.81818181818183,0.0
68335,true,-6.601298125385043,10,733.3333333333333,81.81818181818183,0.0
68374,true,-6.469437695233097,10,733.3333333333333,81.81818181818183,0.0
68405,true,-6.408168204998034,10,733.3333333333333,81.81818181818183,0.0
68435,true,-6.3316237498380445,10,733.3333333333333,81.81818181818183,0.0
68470,true,-6.228571161457282,10,733.3333333333333,81.81818181818183,0.0
68502,true,-5.920740999890512,10,733.3333333333333,81.81818181818183,0.0
68544,true,-5.623855493977487,10,733.3333333333333,81.81818181818183,0.0
68570,true,-5.394245866319494,10,733.3333333333333,81.81818181818183,0.0
68606,true,-5.3808268870394755,10,733.3333333333333,81.81818181818183,0.0
68641,true,-5.5582412411771145,10,666.6666666666666,90.0,0.0
68669,true,-5.507152965651912,10,666.6666666666666,90.0,0.0
68710,true,-5.4891265076241496,10,666.6666666666666,90.0,0.0
68739,true,-5.483405956865653,10,666.6666666666666,90.0,0.0
68768,true,-5.46564789458975,10,666.6666666666666,90.0,0.0
68807,true,-5.447270922400463,8,666.6666666666666,90.0,0.0
68838,true,-5.455009151521693,8,666.6666666666666,90.0,0.0
68869,true,-5.385424710391121,8,666.6666666666666,90.0,0.0
68903,true,-5.31290766785834,8,666.6666666666666,90.0,0.0
68978,true,-5.193290543765997,8,666.6666666666666,90.0,0.0
69005,true,-5.0506706609154435,8,666.6666666666666,90.0,0.0
69075,true,-4.838707574383051,8,666.6666666666666,90.0,0.0
69110,true,-4.597990348693941,8,666.6666666666666,90.0,0.0
69180,true,-4.312826574339184,8,666.6666666666666,90.0,0.0
69210,true,-3.985952644207998,8,666.6666666666666,90.0,0.0
69282,true,-3.7489002506841445,8,666.6666666666666,90.0,0.0
69305,true,-3.660740237811268,8,666.6666666666666,90.0,0.0
69381,true,-3.72210257393688,9,666.6666666666666,90.0,0.0
69414,true,-3.8364208587245514,9,666.6666666666666,90.0,0.0
69482,true,-3.997759276360682,9,666.6666666666666,90.0,0.0
69512,true,-4.0880193543344205,9,666.6666666666666,90.0,0.0
69535,true,-4.0851447658378675,9,666.6666666666666,90.0,0.0
69569,true,-3.995474840407809,9,666.6666666666666,90.0,0.0
69601,true,-3.9005463897055535,9,666.6666666666666,90.0,0.0
69635,true,-3.780029957862837,9,666.6666666666666,90.0,0.0
69672,true,-3.6649522310568443,9,666.6666666666666,90.0,0.0
69703,true,-3.55263307927072,9,666.6666666666666,90.0,0.0
69777,true,-3.3884708814254196,9,666.6666666666666,90.0,0.0
69803,true,-3.176677614828762,9,666.6666666666666,90.0,0.0
69887,true,-2.967569392629997,9,666.6666666666666,90.0,0.0
69910,true,-2.7521301283518227,9,666.6666666666666,90.0,0.0
69935,true,-2.4991648641897655,9,666.6666666666666,90.0,0.0
69969,true,-2.4445378469436463,9,666.6666666666666,90.0,0.0
70001,true,-2.502938590697653,12,666.6666666666666,90.0,0.0
70039,true,-2.6283155921922514,12,666.6666666666666,90.0,0.0
70069,true,-2.8122359460328568,12,666.6666666666666,90.0,0.0
70104,true,-3.084441689760638,12,666.6666666666666,90.0,0.0
70144,true,-3.1919807498971267,12,666.6666666666666,90.0,0.0
70164,true,-3.235017696819199,12,666.6666666666666,90.0,0.0
70204,true,-3.222257863931489,12,666.6666666666666,90.0,0.0
70239,true,-3.202226215908368,12,666.6666666666666,90.0,0.0
70277,true,-3.153553690925577,12,666.6666666666666,90.0,0.0
70298,true,-3.0810264053951357,12,666.6666666666666,90.0,0.0
70376,true,-3.0158041573552623,12,666.6666666666666,90.0,0.0
70406,true,-2.939001099477778,12,666.6666666666666,90.0,0.0
70472,true,-2.7638828302793996,12,666.6666666666666,90.0,0.0
70518,true,-2.5170831939727094,12,666.6666666666666,90.0,0.0
70583,true,-2.1474989085850353,12,666.6666666666666,90.0,0.0
70601,true,-1.6696008744361848,12,666.6666666666666,90.0,0.0
70676,true,-1.2141626277203414,11,666.6666666666666,90.0,0.0
70710,true,-0.7472375081957523,11,666.6666666666666,90.0,0.0
70787,true,-0.3194142970624796,11,666.6666666666666,90.0,0.0
70811,true,-0.06886021795595809,11,666.6666666666666,90.0,0.0
70877,true,-0.060850312735411194,11,666.6666666666666,90.0,0.0
70911,true,-0.05693036153652997,11,666.6666666666666,90.0,0.0
70980,true,-0.14784064272080855,11,666.6666666666666,90.0,0.0
71006,true,-0.29852350672456396,11,666.6666666666666,90.0,0.0
71083,true,-0.3755528260341663,11,666.6666666666666,90.0,0.0
71106,true,-0.315385374374344,11,666.6666666666666,90.0,0.0
71184,true,-0.25481122881646456,11,666.6666666666666,90.0,0.0
71203,true,-0.1502746606018519,11,666.6666666666666,90.0,0.0
71272,true,0.026405498751074674,11,666.6666666666666,90.0,0.0
71312,true,0.1583190905447367,11,666.6666666666666,90.0,0.0
71372,true,0.3426385989068592,11,666.6666666666666,90.0,0.0
71408,true,0.5905039054130725,11,666.6666666666666,90.0,0.0
71442,true,0.8654094083689472,11,666.6666666666666,90.0,0.0
71470,true,1.1685081416235903,11,666.6666666666666,90.0,0.0
71502,true,1.5127698927692137,11,666.6666666666666,90.0,0.0
71534,true,1.9085120333767378,11,666.6666666666666,90.0,0.0
71576,true,2.225331475350316,11,666.6666666666666,90.0,0.0
71604,true,2.4081652944342125,9,666.6666666666666,90.0,0.0
71676,true,2.3555307031496397,10,666.6666666666666,90.0,0.0
71707,true,2.2887287917068306,10,666.6666666666666,90.0,0.0
71782,true,2.1436076756996982,1,366.66666666666663,163.63636363636365,0.0
71806,true,1.9682182536455741,1,366.66666666666663,163.63636363636365,0.0
71874,true,1.932439000822356,1,366.66666666666663,163.63636363636365,0.0
71906,true,2.106281096474504,1,366.66666666666663,163.63636363636365,0.0
71984,true,2.24030912895293,1,366.66666666666663,163.63636363636365,0.0
72007,true,2.338831700327276,1,366.66666666666663,163.63636363636365,0.0
72072,true,2.4783751012147235,1,366.66666666666663,163.63636363636365,0.0
72103,true,2.6007175938711242,1,366.66666666666663,163.63636363636365,0.0
72175,true,2.690508242393747,1,366.66666666666663,163.63636363636365,0.0
72205,true,2.8277245717519435,1,366.66666666666663,163.63636363636365,0.0
72277,true,3.1769046991723116,8,686.831,87.35773428980346,0.0
72305,true,3.3964622700696623,8,686.831,87.35773428980346,0.0
72380,true,3.587193165741425,8,686.831,87.35773428980346,0.0
72399,true,3.7860895936514964,8,686.831,87.35773428980346,0.0
72475,true,3.6481890783788913,9,650.682,92.2109417503481,0.0
72507,true,3.433641931553865,9,650.682,92.2109417503481,0.0
72579,true,3.1370125870604113,9,650.682,92.2109417503481,0.0
72604,true,2.8366981509892213,9,650.682,92.2109417503481,0.0
72641,true,2.54461467962426,9,650.682,92.2109417503481,0.0
72675,true,2.509405020749327,9,650.682,92.2109417503481,0.0
72701,true,2.5700809965478584,9,650.682,92.2109417503481,0.0
72736,true,2.6588436262441064,9,648.504,92.52063210095851,0.0
72766,true,2.7463077528681055,9,648.504,92.52063210095851,0.0
72802,true,2.8273263423768924,9,648.504,92.52063210095851,0.0
72840,true,2.957588845855426,9,648.504,92.52063210095851,0.0
72866,true,3.068617791490425,9,648.504,92.52063210095851,0.0
72904,true,3.1501440971226913,9,648.504,92.52063210095851,0.0
72934,true,3.292177234967582,9,648.504,92.52063210095851,0.0
72968,true,3.3663313779694732,9,600.0,100.0,0.0
73002,true,3.450683378816862,9,600.0,100.0,0.0
73032,true,3.5276045739150277,11,600.0,100.0,0.0
73068,true,3.6333210849173696,11,600.0,100.0,0.0
73108,true,3.7016942931804806,11,600.0,100.0,0.0
73138,true,3.7734818835846227,11,600.0,100.0,0.0
73177,true,3.8437880312224024,11,600.0,100.0,0.0
73204,true,3.9100778513432317,11,600.0,100.0,0.0
73273,true,3.76553714180298,11,600.0,100.0,0.0
73305,true,3.439510813768919,11,600.0,100.0,0.0
73373,true,3.0658685429559114,11,600.0,100.0,0.0
73406,true,2.659942997181858,11,600.0,100.0,0.0
73474,true,2.2755556609215972,11,600.0,100.0,111.37692200096272
73503,true,2.0281409197977496,11,600.0,100.0,110.23922980086645
73577,true,1.9970799610395034,11,600.0,100.0,109.21530682077982
73608,true,2.0280540488991363,11,600.0,100.0,108.29377613870183
73640,true,2.083358584231121,11,600.0,100.0,107.46439852483165
73672,true,2.1350283623624335,11,600.0,100.0,106.71795867234849
73700,true,2.224688550705892,11,600.0,100.0,106.04616280511364
73734,true,2.2813572270038946,11,600.0,100.0,105.44154652460227
73774,true,2.3468586617142932,11,600.0,100.0,104.89739187214205
73804,true,2.436990566184761,11,600.0,100.0,104.40765268492785
73838,true,2.5314609406904225,11,600.0,100.0,103.96688741643507
73870,true,2.6971143882230137,11,600.0,100.0,103.57019867479157
73911,true,2.855122569010234,11,600.0,100.0,103.21317880731242
73941,true,3.041205978732151,11,566.6666666666666,105.88235294117648,102.89186092658117
73972,true,3.2185917703986604,11,566.6666666666666,105.88235294117648,103.19091012804071
74004,true,3.3677644976954326,11,566.6666666666666,105.88235294117648,103.4600544093543
74031,true,3.460055531071035,11,566.6666666666666,105.88235294117648,103.70228426253652
74068,true,3.5662380393227693,11,566.6666666666666,105.88235294117648,103.92029113040053
74106,true,3.5474152804948886,11,566.6666666666666,105.88235294117648,104.11649731147813
74133,true,3.3279917685924545,11,566.6666666666666,105.88235294117648,104.29308287444798
74170,true,3.0253829474715133,10,566.6666666666666,105.88235294117648,104.45200988112083
74205,true,2.657418443995539,10,566.6666666666666,105.88235294117648,104.5950441871264
74231,true,2.23990116787445,10,566.6666666666666,105.88235294117648,104.72377506253142
74269,true,1.8550515001775096,10,566.6666666666666,105.88235294117648,104.83963285039593
74301,true,1.674725024970229,10,566.6666666666666,105.88235294117648,104.94390485947399
74332,true,1.5738722942305259,10,566.6666666666666,105.88235294117648,105.03774966764425
74368,true,1.555205675583494,10,566.6666666666666,105.88235294117648,105.12220999499748
74426,true,1.625108614731829,10,566.6666666666666,105.88235294117648,105.19822428961538
74437,true,1.7718105645574695,10,566.6666666666666,105.88235294117648,105.2666371547715
74469,true,1.8816535795004654,10,566.6666666666666,105.88235294117648,105.32820873341201
74507,true,2.0175537708644384,10,566.6666666666666,105.88235294117648,105.38362315418847
74543,true,2.148329112824854,10,566.6666666666666,105.88235294117648,105.43349613288727
74569,true,2.2180731678589467,10,566.6666666666666,105.88235294117648,105.4783818137162
74602,true,2.292950081675386,10,566.6666666666666,105.88235294117648,105.51877892646223
74639,true,2.4002801809776173,10,566.6666666666666,105.88235294117648,105.55513632793367
74667,true,2.5230521697691017,10,566.6666666666666,105.88235294117648,105.58785798925796
74698,true,2.627464684642163,10,566.6666666666666,105.88235294117648,105.61730748444981
74735,true,2.798989875866866,10,566.6666666666666,105.88235294117648,105.64381203012249
74777,true,2.964428734682059,10,566.6666666666666,105.88235294117648,105.6676661212279
74805,true,3.1428016026864327,10,566.6666666666666,105.88235294117648,105.68913480322276
74841,true,3.322386884720032,10,566.6666666666666,105.88235294117648,105.70845661701813
74874,true,3.4958003918561644,10,566.6666666666666,105.88235294117648,105.72584624943397
74904,true,3.597568308292068,6,566.6666666666666,105.88235294117648,105.74149691860823
74936,true,3.613012528328099,6,566.6666666666666,105.88235294117648,105.75558252086506
74968,true,3.3906403153667526,6,566.6666666666666,105.88235294117648,105.7682595628962
75002,true,3.06480955281819,6,566.6666666666666,105.88235294117648,105.77966890072423
75036,true,2.6891882020906053,6,566.6666666666666,105.88235294117648,105.78993730476947
75068,true,2.293295532601036,6,566.6666666666666,105.88235294117648,105.79917886841018
75100,true,1.9678211440151614,6,566.6666666666666,105.88235294117648,105.80749627568682
75137,true,1.7801749793922426,6,566.6666666666666,105.88235294117648,105.81498194223579
75176,true,1.705249997901717,6,566.6666666666666,105.88235294117648,105.82171904212987
75201,true,1.7205566634493863,6,566.6666666666666,105.88235294117648,105.82778243203454
75277,true,1.8120254638171787,6,566.6666666666666,105.88235294117648,105.83323948294874
75308,true,1.878670664149709,6,566.6666666666666,105.88235294117648,105.83815082877152
75381,true,2.0276412060648994,6,566.6666666666666,105.88235294117648,105.84257104001202
75409,true,2.194403626508034,6,566.6666666666666,105.88235294117648,105.84654923012847
75480,true,2.3389694333030064,6,566.6666666666666,105.88235294117648,105.85012960123328
75497,true,2.465177251607159,6,566.6666666666666,105.88235294117648,105.85335193522761
75532,true,2.6268252630733713,6,566.6666666666666,105.88235294117648,105.85625203582251
75586,true,2.863364384851593,6,566.6666666666666,105.88235294117648,105.8588621263579
75610,true,3.067208365452231,6,566.6666666666666,105.88235294117648,105.86121120783977
75633,true,3.2883207714223914,9,533.3333333333334,112.49999999999999,105.86332538117345
75668,true,3.4826913629276675,9,533.3333333333334,112.49999999999999,106.5269928430561
75700,true,3.651547748243658,9,533.3333333333334,112.49999999999999,107.1242935587505
75732,true,3.722092355732869,9,533.3333333333334,112.49999999999999,107.66186420287545
75772,true,3.627850853972106,9,533.3333333333334,112.49999999999999,108.14567778258791
75801,true,3.2648655340059207,9,533.3333333333334,112.49999999999999,108.58111000432912
75834,true,2.8383574095105075,9,533.3333333333334,112.49999999999999,108.9729990038962
75864,true,2.406650124391277,9,533.3333333333334,112.49999999999999,109.3256991035066
75903,true,1.9145438882696766,9,533.3333333333334,112.49999999999999,109.64312919315594
75934,true,1.5884047599139848,9,533.3333333333334,112.49999999999999,109.92881627384035
75970,true,1.4618364506659844,9,533.3333333333334,112.49999999999999,110.18593464645632
76004,true,1.4353057759413304,9,533.3333333333334,112.49999999999999,110.41734118181068
76033,true,1.479749110849184,5,733.3333333333333,81.81818181818183,110.62560706362962
76075,true,1.6339885527468567,5,733.3333333333333,81.81818181818183,110.62560706362962
76105,true,1.7646212936324304,5,733.3333333333333,81.81818181818183,110.62560706362962
76132,true,1.9436777446967568,5,733.3333333333333,81.81818181818183,110.62560706362962
76168,true,2.0953822455739726,5,733.3333333333333,81.81818181818183,110.62560706362962
76201,true,2.199887330819024,5,733.3333333333333,81.81818181818183,110.62560706362962
76235,true,2.3031754347183977,5,533.3333333333334,112.49999999999999,110.62560706362962
76267,true,2.4276671615399152,5,533.3333333333334,112.49999999999999,110.81304635726666
76301,true,2.5659580491794713,5,533.3333333333334,112.49999999999999,110.98174172153999
76342,true,2.6912894158046328,5,533.3333333333334,112.49999999999999,111.13356754938599
76370,true,2.886558047813139,5,533.3333333333334,112.49999999999999,111.2702107944474
76407,true,3.059004575270137,5,533.3333333333334,112.49999999999999,111.39318971500266
76440,true,3.243293313644415,5,533.3333333333334,112.49999999999999,111.5038707435024
76476,true,3.4142395084800796,5,533.3333333333334,112.49999999999999,111.60348366915217
76505,true,3.554402448759177,5,533.3333333333334,112.49999999999999,111.69313530223695
76532,true,3.530103958079735,5,533.3333333333334,112.49999999999999,111.77382177201326
76569,true,3.2678760544109196,5,533.3333333333334,112.49999999999999,111.84643959481194
76607,true,2.8891071144978184,5,533.3333333333334,112.49999999999999,111.91179563533075
76633,true,2.4599011185152904,5,533.3333333333334,112.49999999999999,111.97061607179768
76668,true,2.0502688244069702,5,533.3333333333334,112.49999999999999,112.02355446461792
76700,true,1.677708942981866,5,533.3333333333334,112.49999999999999,112.07119901815612
76738,true,1.571606781886203,5,533.3333333333334,112.49999999999999,112.1140791163405
76770,true,1.5778554206186897,5,533.3333333333334,112.49999999999999,112.15267120470645
76802,true,1.6541849710260976,5,533.3333333333334,112.49999999999999,112.18740408423581
76837,true,1.7259435364516662,5,533.3333333333334,112.49999999999999,112.21866367581222
76867,true,1.870370179215854,5,533.3333333333334,112.49999999999999,112.24679730823101
76907,true,2.011952406574892,5,533.3333333333334,112.49999999999999,112.27211757740791
76935,true,2.1236592604383446,5,533.3333333333334,112.49999999999999,112.29490581966712
76979,true,2.233252083308926,5,533.3333333333334,112.49999999999999,112.3154152377004
77045,true,2.375746476598934,5,533.3333333333334,112.49999999999999,112.33387371393037
77068,true,2.5227135133951464,5,533.3333333333334,112.49999999999999,112.35048634253734
77104,true,2.640687163731201,4,733.3333333333333,81.81818181818183,112.36543770828361
77139,true,2.84902898336901,4,733.3333333333333,81.81818181818183,112.36543770828361
77167,true,3.0356201476022022,4,733.3333333333333,81.81818181818183,112.36543770828361
77201,true,3.2454510805984,4,733.3333333333333,81.81818181818183,112.36543770828361
77237,true,3.422835988232819,4,733.3333333333333,81.81818181818183,112.36543770828361
77269,true,3.438970110583611,4,733.3333333333333,81.81818181818183,112.36543770828361
77299,true,3.1460940142443263,4,733.3333333333333,81.81818181818183,112.36543770828361
77337,true,2.7339979658475926,4,733.3333333333333,81.81818181818183,112.36543770828361
77372,true,2.2442544591795865,4,733.3333333333333,81.81818181818183,112.36543770828361
77408,true,1.6982105265221605,4,733.3333333333333,81.81818181818183,112.36543770828361
77435,true,1.3118894035945345,4,733.3333333333333,81.81818181818183,112.36543770828361
77467,true,1.1622238869365589,4,733.3333333333333,81.81818181818183,112.36543770828361
77513,true,1.1467993168242288,4,733.3333333333333,81.81818181818183,112.36543770828361
77536,true,1.1408581916569887,4,733.3333333333333,81.81818181818183,112.36543770828361
77569,true,1.2326878845130977,6,566.6666666666666,105.88235294117648,112.36543770828361
77625,true,1.3348471571547265,6,566.6666666666666,105.88235294117648,111.7171292315729
77634,true,1.4213256191472112,6,566.6666666666666,105.88235294117648,111.13365160253326
77666,true,1.4982267949224877,6,566.6666666666666,105.88235294117648,110.60852173639759
77713,true,1.6117458956574922,6,566.6666666666666,105.88235294117648,110.13590485687548
77738,true,1.721209649536675,6,566.6666666666666,105.88235294117648,109.71054966530559
77777,true,1.8144101803025166,5,533.3333333333334,112.49999999999999,109.32772999289269
77809,true,1.9483359273961298,5,533.3333333333334,112.49999999999999,109.64495699360342
77840,true,2.07698629919922,5,533.3333333333334,112.49999999999999,109.93046129424307
77872,true,2.220643517986872,5,533.3333333333334,112.49999999999999,110.18741516481877
77901,true,2.348871189753538,5,533.3333333333334,112.49999999999999,110.41867364833689
77933,true,2.538964027039654,5,533.3333333333334,112.49999999999999,110.6268062835032
77970,true,2.683980629753151,5,533.3333333333334,112.49999999999999,110.81412565515288
77993,true,2.734787085525639,5,533.3333333333334,112.49999999999999,110.9827130896376
78073,true,2.35914738851001,5,533.3333333333334,112.49999999999999,111.13444178067384
78099,true,1.9144453734275544,5,533.3333333333334,112.49999999999999,111.27099760260646
78130,true,1.4072151316625963,5,533.3333333333334,112.49999999999999,111.39389784234581
78169,true,0.8051566410967865,5,533.3333333333334,112.49999999999999,111.50450805811123
78195,true,0.2985739278373387,5,533.3333333333334,112.49999999999999,111.60405725230011
78230,true,0.17517056100186323,5,533.3333333333334,112.49999999999999,111.6936515270701
78269,true,0.1349609177804041,5,533.3333333333334,112.49999999999999,111.7742863743631
78305,true,0.11709523190235416,5,533.3333333333334,112.49999999999999,111.8468577369268
78380,true,0.21487067331283072,5,533.3333333333334,112.49999999999999,111.91217196323412
78402,true,0.2937712972132971,5,533.3333333333334,112.49999999999999,111.97095476691071
78470,true,0.4220914018437867,5,533.3333333333334,112.49999999999999,112.02385929021963
78508,true,0.5558954110822469,5,533.3333333333334,112.49999999999999,112.07147336119768
78578,true,0.7005558182780476,5,533.3333333333334,112.49999999999999,112.11432602507792
78599,true,0.922369357899484,5,533.3333333333334,112.49999999999999,112.15289342257013
78633,true,1.1657033220469515,5,533.3333333333334,112.49999999999999,112.18760408031312
78668,true,1.3808144316617899,5,533.3333333333334,112.49999999999999,112.2188436722818
78699,true,1.5705559322182978,4,533.3333333333334,112.49999999999999,112.24695930505362
78733,true,1.7113310253725729,4,533.3333333333334,112.49999999999999,112.27226337454826
78771,true,1.5504441166800405,6,566.6666666666666,105.88235294117648,112.29503703709344
78809,true,1.2528289981118945,6,566.6666666666666,105.88235294117648,111.65376862750175
78834,true,0.8685972236642954,6,566.6666666666666,105.88235294117648,111.07662705886922
78868,true,0.3662205108825276,6,566.6666666666666,105.88235294117648,110.55719964709995
78901,true,-0.13229679749440493,6,566.6666666666666,105.88235294117648,110.08971497650761
78929,true,-0.49813039095636213,6,566.6666666666666,105.88235294117648,109.6689787729745
79008,true,-0.6511233020901557,6,566.6666666666666,105.88235294117648,109.29031618979471
79036,true,-0.7178947989431066,6,566.6666666666666,105.88235294117648,108.9495198649329
79109,true,-0.6536045055616029,6,566.6666666666666,105.88235294117648,108.64280317255727
79142,true,-0.5731027269915359,6,566.6666666666666,105.88235294117648,108.3667581494192
79210,true,-0.401074923549416,6,566.6666666666666,105.88235294117648,108.11831762859494
79238,true,-0.2899420844911589,6,566.6666666666666,105.88235294117648,107.89472115985309
79302,true,-0.14418248433206315,6,566.6666666666666,105.88235294117648,107.69348433798544
79334,true,0.014433559645624428,5,533.3333333333334,112.49999999999999,107.51237119830455
79369,true,0.17059857866560435,5,533.3333333333334,112.49999999999999,108.0111340784741
79403,true,0.3935102962441448,5,533.3333333333334,112.49999999999999,108.46002067062669
79434,true,0.5994922950668524,5,533.3333333333334,112.49999999999999,108.86401860356402
79464,true,0.7059359360907393,5,533.3333333333334,112.49999999999999,109.22761674320762
79502,true,0.5610480868292598,6,566.6666666666666,105.88235294117648,109.55485506888687
79532,true,0.2725178164774036,6,566.6666666666666,105.88235294117648,109.18760485611584
79565,true,-0.15322395785379683,6,566.6666666666666,105.88235294117648,108.8570796646219
79599,true,-0.6486459737894421,6,566.6666666666666,105.88235294117648,108.55960699227737
79637,true,-1.070887376837291,6,566.6666666666666,105.88235294117648,108.29188158716728
79663,true,-1.365924729278447,6,566.6666666666666,105.88235294117648,108.0509287225682
79702,true,-1.4999977952642922,6,566.6666666666666,105.88235294117648,107.83407114442903
79735,true,-1.5560916792306472,6,566.6666666666666,105.88235294117648,107.63889932410379
79764,true,-1.5273166031422534,6,566.6666666666666,105.88235294117648,107.46324468581106
79803,true,-1.5004946095550764,6,566.6666666666666,105.88235294117648,107.3051555113476
79831,true,-1.3815153893384178,6,566.6666666666666,105.88235294117648,107.1628752543305
79867,true,-1.294606846335924,6,566.6666666666666,105.88235294117648,107.03482302301511
79899,true,-1.2183722942866382,6,566.6666666666666,105.88235294117648,106.91957601483125
79933,true,-1.1532731404598735,6,566.6666666666666,105.88235294117648,106.81585370746578
79970,true,-1.0818433338611442,5,533.3333333333334,112.49999999999999,106.72250363083685
80001,true,-0.9763439749832372,5,533.3333333333334,112.49999999999999,107.30025326775318
80031,true,-0.8480387426983924,5,533.3333333333334,112.49999999999999,107.82022794097786
80065,true,-0.6886814779460337,5,533.3333333333334,112.49999999999999,108.28820514688007
80144,true,-0.5280440696731858,5,533.3333333333334,112.49999999999999,108.70938463219207
80165,true,-0.4566518610764092,5,533.3333333333334,112.49999999999999,109.08844616897287
80202,true,-0.6482659709652552,6,600.0,100.0,109.42960155207558
80233,true,-0.9050086475518242,6,600.0,100.0,108.48664139686802
80268,true,-1.248862491511531,6,600.0,100.0,107.63797725718122
80300,true,-1.7280280355412714,6,600.0,100.0,106.8741795314631
80330,true,-2.1389881904724177,6,600.0,100.0,106.18676157831679
80368,true,-2.371301521514397,6,600.0,100.0,105.56808542048512
80400,true,-2.5260091957175774,6,600.0,100.0,105.0112768784366
80430,true,-2.6297908548425823,6,600.0,100.0,104.51014919059294
80465,true,-2.570921228517477,6,600.0,100.0,104.05913427153365
80502,true,-2.4869898214644905,6,600.0,100.0,103.65322084438029
80587,true,-2.348982063114704,6,600.0,100.0,103.28789875994227
80618,true,-2.220921022310023,6,600.0,100.0,102.95910888394805
80669,true,-2.049703431838651,6,600.0,100.0,102.66319799555325
80701,true,-1.879632212334414,6,600.0,100.0,102.39687819599793
80770,true,-1.6919897650066105,6,600.0,100.0,102.15719037639813
80804,true,-1.4611504314347883,6,600.0,100.0,101.94147133875832
80839,true,-1.2337651222807011,6,600.0,100.0,101.74732420488249
80868,true,-1.0719939257877797,6,600.0,100.0,101.57259178439425
80898,true,-1.185652388110313,6,600.0,100.0,101.41533260595483
80930,true,-1.4785897866252071,6,600.0,100.0,101.27379934535935
80970,true,-1.887740532631014,6,600.0,100.0,101.14641941082341
81001,true,-2.3984537903549636,6,600.0,100.0,101.03177746974107
81033,true,-2.900441911950921,6,600.0,100.0,100.92859972276696
81068,true,-3.2355796527964884,6,600.0,100.0,100.83573975049026
81102,true,-3.407436223114871,6,600.0,100.0,100.75216577544124
81136,true,-3.548916987458597,6,600.0,100.0,100.67694919789712
81171,true,-3.5644504302839124,6,600.0,100.0,100.6092542781074
81203,true,-3.546874685812611,6,600.0,100.0,100.54832885029666
81230,true,-3.4620539628468094,6,600.0,100.0,100.49349596526699
81268,true,-3.381052406108495,6,600.0,100.0,100.44414636874029
81300,true,-3.2623715649187943,6,600.0,100.0,100.39973173186627
81332,true,-3.13948356848411,6,600.0,100.0,100.35975855867964
81367,true,-3.018596335850418,6,600.0,100.0,100.32378270281168
81397,true,-2.8687231076960416,6,600.0,100.0,100.29140443253051
81428,true,-2.6998850874888944,6,600.0,100.0,100.26226398927746
81467,true,-2.468173938484398,6,600.0,100.0,100.23603759034971
81500,true,-2.2582189121070257,6,600.0,100.0,100.21243383131474
81534,true,-2.012565367091952,6,600.0,100.0,100.19119044818326
81570,true,-1.7789098048413763,6,600.0,100.0,100.17207140336494
81601,true,-1.5895620586778847,6,600.0,100.0,100.15486426302844
81641,true,-1.676253653921151,6,600.0,100.0,100.1393778367256
81667,true,-1.9266604622984147,6,600.0,100.0,100.12544005305304
81696,true,-2.306438866243127,6,600.0,100.0,100.11289604774774
81735,true,-2.776008277866083,6,600.0,100.0,100.10160644297297
81767,true,-3.2401109258041885,6,600.0,100.0,100.09144579867566
81801,true,-3.6012536065921097,6,600.0,100.0,100.0823012188081
81837,true,-3.803344643057059,6,600.0,100.0,100.07407109692728
81869,true,-3.898185335142543,6,600.0,100.0,100.06666398723456
81900,true,-3.8865805409559897,6,600.0,100.0,100.05999758851111
81934,true,-3.859441919757984,5,600.0,100.0,100.05399782966
81968,true,-3.7109749236811638,5,600.0,100.0,100.04859804669401
81999,true,-3.57712040289897,5,600.0,100.0,100.04373824202462
82036,true,-3.4830291301774565,5,600.0,100.0,100.03936441782216
82064,true,-3.4314468943219225,5,600.0,100.0,100.03542797603994
82098,true,-3.3709131575793094,5,600.0,100.0,100.03188517843594
82134,true,-3.274937352285818,5,600.0,100.0,100.02869666059235
82168,true,-3.153803560678,5,600.0,100.0,100.02582699453312
82199,true,-2.9844808307690727,5,600.0,100.0,100.0232442950798
82236,true,-2.771284903758797,5,600.0,100.0,100.02091986557183
82267,true,-2.5023591742724847,5,600.0,100.0,100.01882787901465
82299,true,-2.2429551532144245,5,600.0,100.0,100.01694509111319
82334,true,-2.0083168655365427,5,600.0,100.0,100.01525058200187
82365,true,-2.0252146059845018,7,600.0,100.0,100.01372552380168
82398,true,-2.2840883061751214,7,600.0,100.0,100.01235297142152
82432,true,-2.686441311519147,7,600.0,100.0,100.01111767427938
82468,true,-3.143035315776487,7,600.0,100.0,100.01000590685145
82498,true,-3.606395079150829,7,600.0,100.0,100.00900531616631
82536,true,-3.9320234120892366,7,600.0,100.0,100.00810478454969
82568,true,-4.029896487676581,12,733.3333333333333,81.81818181818183,100.00729430609472
82600,true,-4.0550590590348605,12,733.3333333333333,81.81818181818183,100.00729430609472
82636,true,-4.0159023722055025,12,733.3333333333333,81.81818181818183,100.00729430609472
82683,true,-3.9695197173372208,12,733.3333333333333,81.81818181818183,100.00729430609472
82703,true,-3.872903893082764,12,733.3333333333333,81.81818181818183,100.00729430609472
82732,true,-3.7973764887768624,12,733.3333333333333,81.81818181818183,100.00729430609472
82768,true,-3.7314374087882385,12,733.3333333333333,81.81818181818183,100.00729430609472
82800,true,-3.7012246296957017,12,733.3333333333333,81.81818181818183,100.00729430609472
82873,true,-3.631558845236981,12,733.3333333333333,81.81818181818183,100.00729430609472
82899,true,-3.4949997806207875,12,733.3333333333333,81.81818181818183,100.00729430609472
82976,true,-3.2959745472187336,12,733.3333333333333,81.81818181818183,100.00729430609472
83002,true,-3.03557762380467,12,733.3333333333333,81.81818181818183,100.00729430609472
83082,true,-2.988520117420876,12,733.3333333333333,81.81818181818183,100.00729430609472
83107,true,-3.1537427882428517,14,733.3333333333333,81.81818181818183,100.00729430609472
83170,true,-3.4433672259156083,14,733.3333333333333,81.81818181818183,100.00729430609472
83202,true,-3.8347496925970574,14,733.3333333333333,81.81818181818183,100.00729430609472
83280,true,-4.271895471732677,13,733.3333333333333,81.81818181818183,100.00729430609472
83302,true,-4.540293210470466,13,733.3333333333333,81.81818181818183,100.00729430609472
83333,true,-4.620296594616448,13,733.3333333333333,81.81818181818183,100.00729430609472
83368,true,-4.396268388936463,13,733.3333333333333,81.81818181818183,100.00729430609472
83399,true,-4.12918355717342,13,733.3333333333333,81.81818181818183,100.00729430609472
83430,true,-3.894479233232005,13,733.3333333333333,81.81818181818183,100.00729430609472
83465,true,-3.615119976298331,13,733.3333333333333,81.81818181818183,100.00729430609472
83501,true,-3.338974905666163,13,733.3333333333333,81.81818181818183,100.00729430609472
83533,true,-3.262853303057341,13,733.3333333333333,81.81818181818183,100.00729430609472
83565,true,-3.145721364480792,13,733.3333333333333,81.81818181818183,100.00729430609472
83598,true,-2.970526737159787,13,733.3333333333333,81.81818181818183,100.00729430609472
83632,true,-2.9750366516452686,14,733.3333333333333,81.81818181818183,100.00729430609472
83668,true,-2.9737208406952362,14,733.3333333333333,81.81818181818183,100.00729430609472
83699,true,-2.9031473671109893,14,733.3333333333333,81.81818181818183,100.00729430609472
83767,true,-2.863150755636923,14,733.3333333333333,81.81818181818183,100.00729430609472
83801,true,-3.0158419337194147,14,733.3333333333333,81.81818181818183,100.00729430609472
83868,true,-3.3627366879822915,14,733.3333333333333,81.81818181818183,100.00729430609472
83900,true,-3.7523657981730025,14,733.3333333333333,81.81818181818183,100.00729430609472
83941,true,-4.248632246694996,14,733.3333333333333,81.81818181818183,100.00729430609472
83979,true,-4.64093409749438,14,733.3333333333333,81.81818181818183,100.00729430609472
84002,true,-4.866549253572373,14,733.3333333333333,81.81818181818183,100.00729430609472
84028,true,-4.701634927852297,14,733.3333333333333,81.81818181818183,100.00729430609472
84065,true,-4.482760390364106,13,700.0,85.71428571428571,100.00729430609472
84099,true,-4.2644843289452865,13,700.0,85.71428571428571,98.57799344691382
84138,true,-4.135238314473199,13,700.0,85.71428571428571,97.291622673651
84163,true,-4.01105580534842,13,700.0,85.71428571428571,96.13388897771448
84240,true,-3.88175568993222,13,700.0,85.71428571428571,95.0919286513716
84265,true,-3.7171486745302786,13,700.0,85.71428571428571,94.15416435766302
84338,true,-3.4652032052128874,13,700.0,85.71428571428571,93.31017649332529
84367,true,-3.1987822748062626,13,700.0,85.71428571428571,92.55058741542133
84399,true,-2.8867311820977335,13,700.0,85.71428571428571,91.86695724530777
84436,true,-2.5502009586580385,13,700.0,85.71428571428571,91.25169009220556
84466,true,-2.2581764830898408,13,700.0,85.71428571428571,90.69794965441358
84499,true,-2.1600018407500414,13,700.0,85.71428571428571,90.19958326040079
84542,true,-2.0774240980292973,13,700.0,85.71428571428571,89.75105350578927
84569,true,-2.0526828625847457,13,700.0,85.71428571428571,89.34737672663891
84644,true,-2.5586864565721044,14,700.0,85.71428571428571,88.9840676254036
84670,true,-3.1422435327116887,14,700.0,85.71428571428571,88.6570894342918
84743,true,-3.635809831614125,14,700.0,85.71428571428571,88.36280906229119
84766,true,-4.253270428277943,14,700.0,85.71428571428571,88.09795672749064
84837,true,-4.81449761842849,14,700.0,85.71428571428571,87.85958962617015
84876,true,-4.627629052245439,14,700.0,85.71428571428571,87.6450592349817
84931,true,-4.373907396676358,14,700.0,85.71428571428571,87.45198188291211
84966,true,-4.1357473976758,14,700.0,85.71428571428571,87.27821226604947
85041,true,-3.78335783148043,13,700.0,85.71428571428571,87.12181961087309
85070,true,-3.4099625108528357,13,700.0,85.71428571428571,86.98106622121435
85143,true,-3.21109364954647,13,700.0,85.71428571428571,86.85438817052149
85171,true,-2.9686507384576117,13,700.0,85.71428571428571,86.74037792489791
85199,true,-2.637070566340583,13,700.0,85.71428571428571,86.6377687038367
85230,true,-2.2815428890998106,13,700.0,85.71428571428571,86.5454204048816
85267,true,-1.974594497491296,13,700.0,85.71428571428571,86.46230693582201
85298,true,-1.864636654227425,13,700.0,85.71428571428571,86.38750481366839
85341,true,-1.814042587515729,13,700.0,85.71428571428571,86.32018290373011
85375,true,-1.863400669040999,14,700.0,85.71428571428571,86.25959318478567
85434,true,-2.428780817365052,14,700.0,85.71428571428571,86.20506243773568
85469,true,-3.0357202965129773,14,700.0,85.71428571428571,86.15598476539068
85500,true,-3.5322348361186897,14,700.0,85.71428571428571,86.11181486028019
85532,true,-3.923739772861552,14,700.0,85.71428571428571,86.07206194568074
85565,true,-4.246797092690812,14,700.0,85.71428571428571,86.03628432254123
85599,true,-4.109702702024251,14,700.0,85.71428571428571,86.00408446171568
85627,true,-3.900227952740366,14,700.0,85.71428571428571,85.97510458697268
85664,true,-3.6477167195548645,14,700.0,85.71428571428571,85.94902269970397
85695,true,-3.500284026927204,14,700.0,85.71428571428571,85.92554900116215
85730,true,-3.3633616145234697,14,700.0,85.71428571428571,85.90442267247451
85764,true,-3.2121532784159257,14,700.0,85.71428571428571,85.88540897665563
85797,true,-3.061095696384754,14,700.0,85.71428571428571,85.86829665041863
85830,true,-2.9198081924614456,14,700.0,85.71428571428571,85.85289555680534
85858,true,-2.7491603353392975,14,700.0,85.71428571428571,85.83903457255337
85899,true,-2.545349642333065,14,700.0,85.71428571428571,85.82655968672661
85940,true,-2.2754996518215904,14,700.0,85.71428571428571,85.81533228948253
85966,true,-2.0186662701756006,13,666.6666666666666,90.0,85.80522763196285
85994,true,-1.756786090294682,13,666.6666666666666,90.0,86.22470486876657
86073,true,-1.4567514395659487,13,666.6666666666666,90.0,86.60223438188991
86101,true,-1.3284534572560602,13,666.6666666666666,90.0,86.94201094370092
86130,true,-1.3922783232419818,14,700.0,85.71428571428571,87.24780984933084
86181,true,-1.7583740368304746,14,700.0,85.71428571428571,87.09445743582633
86203,true,-2.2838882456258602,14,700.0,85.71428571428571,86.95644026367226
86237,true,-2.9715145584276996,14,700.0,85.71428571428571,86.83222480873361
86264,true,-3.544817918078934,14,700.0,85.71428571428571,86.72043089928883
86304,true,-3.894900466776747,14,700.0,85.71428571428571,86.61981638078852
86332,true,-3.971270754770515,14,700.0,85.71428571428571,86.52926331413823
86364,true,-3.9369843846687615,14,700.0,85.71428571428571,86.44776555415298
86396,true,-3.7851017947862573,14,700.0,85.71428571428571,86.37441757016626
86432,true,-3.595701425642332,14,700.0,85.71428571428571,86.30840438457821
86460,true,-3.482342887153223,14,700.0,85.71428571428571,86.24899251754896
86494,true,-3.3810653917621636,14,700.0,85.71428571428571,86.19552183722263
86531,true,-3.266943118677574,14,700.0,85.71428571428571,86.14739822492893
86563,true,-3.1818385811251773,14,700.0,85.71428571428571,86.10408697386461
86602,true,-3.082948044386569,14,700.0,85.71428571428571,86.06510684790672
86630,true,-2.9688163185097096,14,700.0,85.71428571428571,86.03002473454463
86670,true,-2.8215711114516324,14,700.0,85.71428571428571,85.99845083251873
86701,true,-2.5746295554163083,13,666.6666666666666,90.0,85.97003432069543
86743,true,-2.3141627464528653,13,666.6666666666666,90.0,86.37303088862589
86771,true,-2.015859631365899,13,666.6666666666666,90.0,86.73572779976331
86805,true,-1.7114857995366748,13,666.6666666666666,90.0,87.06215501978699
86834,true,-1.4176688926042544,13,666.6666666666666,90.0,87.3559395178083
86869,true,-1.179866479008112,13,666.6666666666666,90.0,87.62034556602747
86901,true,-1.092353465750321,13,666.6666666666666,90.0,87.85831100942472
86979,true,-1.2951779748202767,14,700.0,85.71428571428571,88.07247990848225
87003,true,-1.7999029698371771,14,700.0,85.71428571428571,87.8366604890626
87079,true,-2.464803104595248,14,700.0,85.71428571428571,87.62442301158491
87104,true,-3.2005749564699926,14,700.0,85.71428571428571,87.43340928185499
87177,true,-3.799193120117735,14,700.0,85.71428571428571,87.26149692509806
87210,true,-4.018538235057193,14,700.0,85.71428571428571,87.10677580401682
87265,true,-3.870152944685259,14,700.0,85.71428571428571,86.96752679504371
87298,true,-3.634853366459595,14,700.0,85.71428571428571,86.84220268696791
87332,true,-3.3663049015472666,14,700.0,85.71428571428571,86.72941098969969
87364,true,-3.089916765152168,14,700.0,85.71428571428571,86.62789846215829
87399,true,-2.952847554590363,14,700.0,85.71428571428571,86.53653718737102
87430,true,-2.8858141671400546,14,700.0,85.71428571428571,86.45431204006249
87464,true,-2.739243494392582,14,700.0,85.71428571428571,86.38030940748482
87495,true,-2.537126014720741,14,700.0,85.71428571428571,86.3137070381649
87531,true,-2.3183337029499853,14,700.0,85.71428571428571,86.25376490577699
87571,true,-2.03366415653781,14,700.0,85.71428571428571,86.19981698662787
87601,true,-1.7461195149071216,13,666.6666666666666,90.0,86.15126385939365
87633,true,-1.4617372480720263,13,666.6666666666666,90.0,86.53613747345429
87666,true,-1.1998376911329984,13,666.6666666666666,90.0,86.88252372610886
87702,true,-1.1441189128901499,13,666.6666666666666,90.0,87.19427135349797
87755,true,-1.1418419538366749,13,666.6666666666666,90.0,87.47484421814818
87776,true,-1.0903424416683407,13,666.6666666666666,90.0,87.72735979633336
87799,true,-1.1919247076959323,14,700.0,85.71428571428571,87.95462381670002
87829,true,-1.6252129068067802,14,700.0,85.71428571428571,87.73059000645858
87866,true,-2.05885529437937,14,700.0,85.71428571428571,87.5289595772413
87900,true,-2.584392135280396,14,700.0,85.71428571428571,87.34749219094574
87971,true,-3.213787918340458,14,700.0,85.71428571428571,87.18417154327975
88001,true,-3.5982371191761615,14,700.0,85.71428571428571,87.03718296038035
88076,true,-3.595221089691279,14,700.0,85.71428571428571,86.90489323577088
88100,true,-3.4664877124709506,14,700.0,85.71428571428571,86.78583248362237
88178,true,-3.2800363836666264,14,700.0,85.71428571428571,86.67867780668871
88202,true,-3.0866628404444327,14,700.0,85.71428571428571,86.58223859744841
88272,true,-2.9941370089709096,14,700.0,85.71428571428571,86.49544330913214
88304,true,-2.954170421648854,14,700.0,85.71428571428571,86.4173275496475
88368,true,-2.797027451488674,14,700.0,85.71428571428571,86.34702336611132
88399,true,-2.5729756025852737,14,700.0,85.71428571428571,86.28374960092876
88469,true,-2.2571015815660758,14,700.0,85.71428571428571,86.22680321226446
88504,true,-1.875116268091702,14,700.0,85.71428571428571,86.17555146246659
88564,true,-1.517549814949902,13,666.6666666666666,90.0,86.1294248876485
88597,true,-1.406640693244455,13,666.6666666666666,90.0,86.51648239888365
88674,true,-1.726854548271092,14,666.6666666666666,90.0,86.8648341589953
88699,true,-2.3135486528617832,14,666.6666666666666,90.0,87.17835074309576
88776,true,-2.9855794269311247,14,666.6666666666666,90.0,87.46051566878619
88803,true,-3.530656096775118,14,666.6666666666666,90.0,87.71446410190757
88871,true,-3.8109352805375067,14,666.6666666666666,90.0,87.94301769171682
88899,true,-3.695301582828847,14,666.6666666666666,90.0,88.14871592254514
88976,true,-3.4000292687173754,14,666.6666666666666,90.0,88.33384433029063
88998,true,-3.0951273896952927,14,666.6666666666666,90.0,88.50045989726156
89076,true,-2.8959273645813965,14,666.6666666666666,90.0,88.65041390753541
89109,true,-2.767122770047166,14,666.6666666666666,90.0,88.78537251678188
89176,true,-2.5856904259808857,14,666.6666666666666,90.0,88.9068352651037
89203,true,-2.329390453112808,14,666.6666666666666,90.0,89.01615173859332
89268,true,-2.0046654967818966,14,666.6666666666666,90.0,89.114536564734
89312,true,-1.6405835465462104,14,666.6666666666666,90.0,89.2030829082606
89331,true,-1.39212888001164,14,666.6666666666666,90.0,89.28277461743454
89366,true,-1.4926701303692909,15,633.3333333333333,94.73684210526316,89.35449715569109
89396,true,-1.820681493749106,15,633.3333333333333,94.73684210526316,89.8927316506483
89437,true,-2.2911768346838386,15,633.3333333333333,94.73684210526316,90.37714269610979
89470,true,-2.8691853951690405,15,633.3333333333333,94.73684210526316,90.81311263702513
89499,true,-3.457636235199942,15,633.3333333333333,94.73684210526316,91.20548558384893
89527,true,-3.777003046403678,14,666.6666666666666,90.0,91.55862123599034
89565,true,-4.003745890799678,14,666.6666666666666,90.0,91.40275911239131
89594,true,-4.119624606033568,14,666.6666666666666,90.0,91.26248320115218
89630,true,-4.176668307451536,14,666.6666666666666,90.0,91.13623488103697
89673,true,-4.098921963237942,14,666.6666666666666,90.0,91.02261139293327
89706,true,-4.009401599025324,14,666.6666666666666,90.0,90.92035025363995
89725,true,-3.8655922874088304,14,666.6666666666666,90.0,90.82831522827595
89786,true,-3.7397089768304426,14,666.6666666666666,90.0,90.74548370544836
89800,true,-3.6166048982988173,14,666.6666666666666,90.0,90.67093533490353
89835,true,-3.474225192559686,14,666.6666666666666,90.0,90.60384180141318
89882,true,-3.3082825856253493,14,666.6666666666666,90.0,90.54345762127187
89901,true,-3.069373076151436,14,666.6666666666666,90.0,90.48911185914469
89962,true,-2.797725825488129,14,666.6666666666666,90.0,90.44020067323022
90001,true,-2.430784376155472,14,666.6666666666666,90.0,90.3961806059072
90041,true,-2.063772927660338,14,666.6666666666666,90.0,90.35656254531649
90065,true,-1.6600366870550545,14,666.6666666666666,90.0,90.32090629078485
90106,true,-1.2752139963753137,14,666.6666666666666,90.0,90.28881566170637
90129,true,-0.8724388027568324,14,666.6666666666666,90.0,90.25993409553573
90166,true,-0.8409110258319856,13,666.6666666666666,90.0,90.23394068598216
90200,true,-1.130178058566301,13,666.6666666666666,90.0,90.21054661738395
90234,true,-1.5763120950875162,13,666.6666666666666,90.0,90.18949195564556
90270,true,-2.1083972800188775,13,666.6666666666666,90.0,90.170542760081
90296,true,-2.740770035780727,13,666.6666666666666,90.0,90.15348848407291
90327,true,-3.200620313911827,13,666.6666666666666,90.0,90.13813963566562
90366,true,-3.376394251968108,13,666.6666666666666,90.0,90.12432567209906
90399,true,-3.547920126005735,13,666.6666666666666,90.0,90.11189310488916
90439,true,-3.6137060142949053,13,666.6666666666666,90.0,90.10070379440025
90464,true,-3.6367247696851592,13,666.6666666666666,90.0,90.09063341496022
90542,true,-3.5800617917102358,13,666.6666666666666,90.0,90.0815700734642
90569,true,-3.5230753851566305,13,666.6666666666666,90.0,90.0734130661178
90640,true,-3.354660629548647,13,666.6666666666666,90.0,90.06607175950602
90669,true,-3.1909242102311595,13,666.6666666666666,90.0,90.05946458355541
90740,true,-2.968865657318389,13,666.6666666666666,90.0,90.05351812519987
90765,true,-2.670128686339652,13,666.6666666666666,90.0,90.04816631267988
90798,true,-2.3343436369545856,13,666.6666666666666,90.0,90.0433496814119
90834,true,-1.9149284891043692,13,666.6666666666666,90.0,90.0390147132707
90866,true,-1.511998747358092,12,700.0,85.71428571428571,90.03511324194363
90901,true,-1.1466452166160792,12,700.0,85.71428571428571,89.60303048917784
90936,true,-0.8966040667561259,12,700.0,85.71428571428571,89.21415601168863
90962,true,-0.8982985746801262,12,700.0,85.71428571428571,88.86416898194834
90998,true,-1.2361104634979512,12,700.0,85.71428571428571,88.54918065518207
91030,true,-1.6792539916158233,12,700.0,85.71428571428571,88.26569116109243
91063,true,-2.1984615601151063,12,700.0,85.71428571428571,88.01055061641176
91097,true,-2.8049229804698115,12,700.0,85.71428571428571,87.78092412619915
91126,true,-3.1888928394188554,12,700.0,85.71428571428571,87.57426028500781
91164,true,-3.414005316560605,12,700.0,85.71428571428571,87.3882628279356
91238,true,-3.458365104107301,12,700.0,85.71428571428571,87.22086511657062
91268,true,-3.4775585902395107,12,700.0,85.71428571428571,87.07020717634214
91338,true,-3.3835839993059693,12,700.0,85.71428571428571,86.9346150301365
91370,true,-3.285142770860773,12,700.0,85.71428571428571,86.81258209855142
91432,true,-3.0778749440650586,12,700.0,85.71428571428571,86.70275246012484
91465,true,-2.946214415414474,12,700.0,85.71428571428571,86.60390578554093
91497,true,-2.765273975785121,12,700.0,85.71428571428571,86.51494377841541
91533,true,-2.499655785850365,12,700.0,85.71428571428571,86.43487797200244
91581,true,-2.1994792470620297,12,700.0,85.71428571428571,86.36281874623077
91600,true,-1.8105510096895472,12,700.0,85.71428571428571,86.29796544303626
91629,true,-1.421644468518295,11,700.0,85.71428571428571,86.2395974701612
91663,true,-1.084669772847036,11,700.0,85.71428571428571,86.18706629457365
91697,true,-0.9724197443526208,11,700.0,85.71428571428571,86.13978823654486
91730,true,-1.177600511350306,11,700.0,85.71428571428571,86.09723798431895
91771,true,-1.6202433185968488,11,700.0,85.71428571428571,86.05894275731563
91806,true,-2.1908910846045018,11,700.0,85.71428571428571,86.02447705301265
91871,true,-2.7614651284119134,11,700.0,85.71428571428571,85.99345791913996
91905,true,-3.272479995619719,11,700.0,85.71428571428571,85.96554069865454
91972,true,-3.4371121043235178,11,700.0,85.71428571428571,85.94041520021766
91998,true,-3.4952907218097806,11,700.0,85.71428571428571,85.91780225162447
92075,true,-3.454568485484941,11,700.0,85.71428571428571,85.8974505978906
92107,true,-3.4202405474723605,11,700.0,85.71428571428571,85.87913410953011
92172,true,-3.258893894107132,11,700.0,85.71428571428571,85.86264927000568
92199,true,-3.139752979175384,11,700.0,85.71428571428571,85.84781291443367
92268,true,-2.93795204693113,11,700.0,85.71428571428571,85.83446019441888
92303,true,-2.6788423893628277,11,700.0,85.71428571428571,85.82244274640557
92380,true,-2.31888886045968,11,700.0,85.71428571428571,85.81162704319358
92398,true,-1.9223812895188956,11,700.0,85.71428571428571,85.8018929103028
92430,true,-1.5259631449880402,10,700.0,85.71428571428571,85.79313219070109
92465,true,-1.148366869682235,10,700.0,85.71428571428571,85.78524754305955
92496,true,-1.1017129104114503,10,700.0,85.71428571428571,85.77815136018216
92528,true,-1.3537938325959544,11,633.3333333333333,94.73684210526316,85.77176479559252
92566,true,-1.784191321415804,11,633.3333333333333,94.73684210526316,86.66827252655958
92596,true,-2.3472010260953766,11,633.3333333333333,94.73684210526316,87.47512948442994
92637,true,-3.0003876397581735,11,633.3333333333333,94.73684210526316,88.20130074651327
92664,true,-3.5147536774276205,11,633.3333333333333,94.73684210526316,88.85485488238825
92693,true,-3.802534371586532,11,633.3333333333333,94.73684210526316,89.44305360467574
92731,true,-4.003824830854612,11,633.3333333333333,94.73684210526316,89.97243245473449
92768,true,-4.040605059906966,11,633.3333333333333,94.73684210526316,90.44887341978736
92801,true,-4.021225925824865,11,633.3333333333333,94.73684210526316,90.87767028833494
92829,true,-3.8709380911068223,11,633.3333333333333,94.73684210526316,91.26358747002776
92862,true,-3.719621091739967,11,633.3333333333333,94.73684210526316,91.6109129335513
92893,true,-3.553622032152532,11,633.3333333333333,94.73684210526316,91.92350585072249
92927,true,-3.4248396096244704,11,633.3333333333333,94.73684210526316,92.20483947617656
92962,true,-3.3018847971960525,11,633.3333333333333,94.73684210526316,92.45803973908522
92998,true,-3.1343367844615813,11,633.3333333333333,94.73684210526316,92.68591997570302
93025,true,-2.933865551996547,11,633.3333333333333,94.73684210526316,92.89101218865903
93061,true,-2.654555535548269,11,633.3333333333333,94.73684210526316,93.07559518031945
93096,true,-2.356203766370399,11,633.3333333333333,94.73684210526316,93.24171987281383
93132,true,-2.005588744226486,11,633.3333333333333,94.73684210526316,93.39123209605877
93162,true,-1.6541749616859818,10,633.3333333333333,94.73684210526316,93.52579309697921
93199,true,-1.2115935931906279,10,633.3333333333333,94.73684210526316,93.64689799780761
93232,true,-0.8123787726528775,10,633.3333333333333,94.73684210526316,93.75589240855317
93268,true,-0.4451523533731603,10,633.3333333333333,94.73684210526316,93.85398737822416
93298,true,-0.24135050982764028,10,633.3333333333333,94.73684210526316,93.94227285092806
93329,true,-0.39660567342035336,10,633.3333333333333,94.73684210526316,94.02172977636157
93361,true,-0.860282668933138,10,633.3333333333333,94.73684210526316,94.09324100925173
93403,true,-1.434052111995456,10,633.3333333333333,94.73684210526316,94.15760111885287
93438,true,-2.0595208764512023,10,633.3333333333333,94.73684210526316,94.21552521749389
93472,true,-2.7266226318282207,10,633.3333333333333,94.73684210526316,94.26765690627082
93499,true,-3.074969434611333,10,633.3333333333333,94.73684210526316,94.31457542617005
93530,true,-3.337127155045337,10,633.3333333333333,94.73684210526316,94.35680209407937
93563,true,-3.466717698472195,10,633.3333333333333,94.73684210526316,94.39480609519775
93595,true,-3.505426741415107,10,633.3333333333333,94.73684210526316,94.42900969620429
93631,true,-3.384523466454155,10,633.3333333333333,94.73684210526316,94.45979293711018
93663,true,-3.258648847695298,10,633.3333333333333,94.73684210526316,94.48749785392548
93700,true,-3.0647499026824505,10,633.3333333333333,94.73684210526316,94.51243227905924
93726,true,-2.907352497561561,10,633.3333333333333,94.73684210526316,94.53487326167964
93767,true,-2.778226500247129,10,633.3333333333333,94.73684210526316,94.55507014603799
93795,true,-2.641215195648627,10,633.3333333333333,94.73684210526316,94.57324734196051
93833,true,-2.4597616511835554,10,633.3333333333333,94.73684210526316,94.58960681829078
93863,true,-2.1994914370924334,10,633.3333333333333,94.73684210526316,94.60433034698802
93904,true,-1.8973002444651286,9,600.0,100.0,94.61758152281554
93934,true,-1.5527337025686307,9,600.0,100.0,95.155823370534
93965,true,-1.2154168454964633,9,600.0,100.0,95.64024103348059
93997,true,-0.8034188492566301,9,600.0,100.0,96.07621693013253
94028,true,-0.4346598719072148,9,600.0,100.0,96.46859523711927
94063,true,-0.2450896939932079,9,600.0,100.0,96.82173571340735
94103,true,-0.4669225451280994,10,700.0,85.71428571428571,97.13956214206662
94132,true,-0.8360569028877194,10,700.0,85.71428571428571,95.99703449928853
94166,true,-1.4126956912457018,10,700.0,85.71428571428571,94.96875962078825
94193,true,-2.071109786462756,10,700.0,85.71428571428571,94.043312230138
94224,true,-2.6112555963769495,10,700.0,85.71428571428571,93.21040957855277
94265,true,-2.9389933928342487,10,700.0,85.71428571428571,92.46079719212607
94305,true,-3.1132863804190833,10,700.0,85.71428571428571,91.78614604434203
94330,true,-3.1943819444101678,10,700.0,85.71428571428571,91.1789600113364
94362,true,-3.1731385094318654,10,700.0,85.71428571428571,90.63249258163133
94399,true,-3.127414966169198,10,700.0,85.71428571428571,90.14067189489677
94426,true,-2.957396032458547,10,700.0,85.71428571428571,89.69803327683566
94463,true,-2.8208060891286806,10,700.0,85.71428571428571,89.29965852058066
94496,true,-2.7047488243263302,10,700.0,85.71428571428571,88.94112123995117
94529,true,-2.6397496267594533,9,700.0,85.71428571428571,88.61843768738463
94562,true,-2.5655929262854613,9,700.0,85.71428571428571,88.32802249007473
94600,true,-2.3995257859953654,9,700.0,85.71428571428571,88.06664881249583
94669,true,-2.148023565529627,9,700.0,85.71428571428571,87.83141250267482
94698,true,-1.8184125356577283,9,700.0,85.71428571428571,87.61969982383592
94766,true,-1.4010007837222815,9,700.0,85.71428571428571,87.4291584128809
94800,true,-0.9611771848031481,9,700.0,85.71428571428571,87.25767114302138
94879,true,-1.1337263132000004,10,700.0,85.71428571428571,87.10333260014782
94903,true,-1.3853528174825271,10,700.0,85.71428571428571,86.96442791156161
94966,true,-1.747482103401893,10,700.0,85.71428571428571,86.83941369183403
95002,true,-2.295785357937447,10,700.0,85.71428571428571,86.7269008940792
95037,true,-2.8853567238674884,10,700.0,85.71428571428571,86.62563937609984
95069,true,-2.963537603025813,10,700.0,85.71428571428571,86.53450400991842
95100,true,-2.9932788684321565,10,700.0,85.71428571428571,86.45248218035515
95128,true,-2.96068052674336,10,700.0,85.71428571428571,86.3786625337482
95162,true,-2.8147394327749993,10,700.0,85.71428571428571,86.31222485180194
95195,true,-2.695768240834326,10,700.0,85.71428571428571,86.25243093805032
95236,true,-2.560667437934839,10,700.0,85.71428571428571,86.19861641567387
95268,true,-2.4492558245014777,9,666.6666666666666,90.0,86.15018334553505
95299,true,-2.342156077486564,9,666.6666666666666,90.0,86.53516501098156
95325,true,-2.230085278285202,9,666.6666666666666,90.0,86.8816485098834
95366,true,-2.066506128245422,9,666.6666666666666,90.0,87.19348365889506
95395,true,-1.7836416515220321,9,666.6666666666666,90.0,87.47413529300556
95428,true,-1.4905840638404584,9,666.6666666666666,90.0,87.726721763705
95462,true,-1.1340303706765553,9,666.6666666666666,90.0,87.95404958733451
95498,true,-0.7474837991817793,9,666.6666666666666,90.0,88.15864462860107
95528,true,-0.26889334083219296,9,666.6666666666666,90.0,88.34278016574096
95565,true,0.12258879605818152,9,666.6666666666666,90.0,88.50850214916687
95596,true,0.45318101280045653,9,666.6666666666666,90.0,88.65765193425018
95627,true,0.4479085918923005,10,700.0,85.71428571428571,88.79188674082516
95665,true,0.1232514294980831,10,700.0,85.71428571428571,88.48412663817122
95699,true,-0.44380492860793197,10,700.0,85.71428571428571,88.20714254578267
95726,true,-1.1170519070744689,10,700.0,85.71428571428571,87.95785686263298
95766,true,-1.7906212557988255,10,700.0,85.71428571428571,87.73349974779825
95796,true,-2.3262681080788923,10,700.0,85.71428571428571,87.531578344447
95828,true,-2.554422550427944,10,700.0,85.71428571428571,87.34984908143088
95871,true,-2.7027693168467266,10,700.0,85.71428571428571,87.18629274471635
95899,true,-2.7078780683660852,10,700.0,85.71428571428571,87.03909204167329
95932,true,-2.6639865305441646,10,700.0,85.71428571428571,86.90661140893452
95962,true,-2.4852609269013612,9,700.0,85.71428571428571,86.78737883946964
95993,true,-2.312853665950641,9,700.0,85.71428571428571,86.68006952695124
96028,true,-2.1421766119581065,9,700.0,85.71428571428571,86.58349114568469
96062,true,-2.0440745671018874,9,700.0,85.71428571428571,86.4965706025448
96105,true,-1.9626616837056758,9,700.0,85.71428571428571,86.41834211371888
96132,true,-1.804563293869947,9,700.0,85.71428571428571,86.34793647377556
96165,true,-1.619198541601861,9,700.0,85.71428571428571,86.28457139782658
96197,true,-1.3611295647117885,9,700.0,85.71428571428571,86.2275428294725
96223,true,-1.0440883008087525,9,700.0,85.71428571428571,86.17621711795383
96262,true,-0.6753957074083417,9,700.0,85.71428571428571,86.13002397758702
96302,true,-0.36048171209979785,9,700.0,85.71428571428571,86.08845015125688
96332,true,0.04563058498082739,9,700.0,85.71428571428571,86.05103370755977
96363,true,0.40465791345015134,9,700.0,85.71428571428571,86.01735890823237
96396,true,0.5924012288933653,9,700.0,85.71428571428571,85.9870515888377
96428,true,0.35395180854152386,10,733.3333333333333,81.81818181818183,85.9597750013825
96462,true,-0.018113822824162185,10,733.3333333333333,81.81818181818183,85.54561568306244
96494,true,-0.6010892163899939,10,733.3333333333333,81.81818181818183,85.17287229657438
96529,true,-1.265224890368998,9,733.3333333333333,81.81818181818183,84.83740324873513
96567,true,-1.7973399825273049,9,733.3333333333333,81.81818181818183,84.5354811056798
96598,true,-2.0983473621940476,9,733.3333333333333,81.81818181818183,84.26375117693001
96631,true,-2.2669654315443353,9,733.3333333333333,81.81818181818183,84.0191942410552
96666,true,-2.332219355175397,9,733.3333333333333,81.81818181818183,83.79909299876788
96736,true,-2.263512573334353,9,733.3333333333333,81.81818181818183,83.60100188070928
96774,true,-2.203093973813438,9,733.3333333333333,81.81818181818183,83.42271987445653
96847,true,-2.011971496343932,9,733.3333333333333,81.81818181818183,83.26226606882906
96885,true,-1.8340501046520643,9,733.3333333333333,81.81818181818183,83.11785764376435
96938,true,-1.6042949397726147,9,733.3333333333333,81.81818181818183,82.9878900612061
96969,true,-1.3269766033350407,9,733.3333333333333,81.81818181818183,82.87091923690367
97040,true,-0.9591950264213267,9,733.3333333333333,81.81818181818183,82.76564549503149
97067,true,-0.5053931721674871,9,733.3333333333333,81.81818181818183,82.67089912734653
97095,true,-0.05593100257635797,9,733.3333333333333,81.81818181818183,82.58562739643007
97126,true,0.3280327723266794,9,733.3333333333333,81.81818181818183,82.50888283860525
97169,true,0.27017209041308377,10,733.3333333333333,81.81818181818183,82.43981273656291
97196,true,-0.018421838208709573,10,733.3333333333333,81.81818181818183,82.37764964472481
97241,true,-0.4559921717980444,10,733.3333333333333,81.81818181818183,82.32170286207052
97263,true,-0.9686922850311248,10,733.3333333333333,81.81818181818183,82.27135075768166
97348,true,-1.4836393531041523,10,733.3333333333333,81.81818181818183,82.22603386373169
97368,true,-1.75469761368916,10,733.3333333333333,81.81818181818183,82.18524865917671
97404,true,-1.8232812463111827,9,666.6666666666666,90.0,82.14854197507722
97434,true,-1.81609837773199,9,666.6666666666666,90.0,82.9336877775695
97468,true,-1.732288853905203,9,666.6666666666666,90.0,83.64031899981255
97498,true,-1.6526057874068982,9,666.6666666666666,90.0,84.2762870998313
97531,true,-1.5038520305212728,9,666.6666666666666,90.0,84.84865838984817
97561,true,-1.3835858639822192,9,666.6666666666666,90.0,85.36379255086335
97599,true,-1.2643298975756636,9,666.6666666666666,90.0,85.82741329577702
97633,true,-1.1430797028709208,9,666.6666666666666,90.0,86.24467196619932
97666,true,-0.9896763086278924,9,666.6666666666666,90.0,86.62020476957939
97701,true,-0.7543954111028626,9,666.6666666666666,90.0,86.95818429262145
97732,true,-0.5015777810857855,9,666.6666666666666,90.0,87.2623658633593
97760,true,-0.2027964956993742,9,666.6666666666666,90.0,87.53612927702338
97796,true,0.09111435217994313,9,666.6666666666666,90.0,87.78251634932104
97829,true,0.47811180637928885,9,666.6666666666666,90.0,88.00426471438894
97862,true,0.845339759112548,9,666.6666666666666,90.0,88.20383824295004
97894,true,1.0901918313720103,9,666.6666666666666,90.0,88.38345441865503
97936,true,0.8980224914867136,10,733.3333333333333,81.81818181818183,88.54510897678954
97967,true,0.5802277260287383,10,733.3333333333333,81.81818181818183,87.87241626092877
97998,true,0.03993776001308902,10,733.3333333333333,81.81818181818183,87.26699281665408
98028,true,-0.5866380591294558,10,733.3333333333333,81.81818181818183,86.72211171680686
98064,true,-1.1341083154636635,10,733.3333333333333,81.81818181818183,86.23171872694437
98098,true,-1.4432780023831526,10,733.3333333333333,81.81818181818183,85.79036503606812
98128,true,-1.6318459378640569,10,733.3333333333333,81.81818181818183,85.3931467142795
98162,true,-1.7146913436447022,10,733.3333333333333,81.81818181818183,85.03565022466974
98193,true,-1.6956587539060024,9,666.6666666666666,90.0,84.71390338402095
98223,true,-1.6513126455691207,9,666.6666666666666,90.0,85.24251304561886
98261,true,-1.4623601259008012,9,666.6666666666666,90.0,85.71826174105698
98299,true,-1.326256464299206,9,666.6666666666666,90.0,86.14643556695128
98333,true,-1.211496452608813,9,666.6666666666666,90.0,86.53179201025615
98366,true,-1.0766211757773334,9,666.6666666666666,90.0,86.87861280923055
98398,true,-0.9362255829683477,9,666.6666666666666,90.0,87.19075152830749
98427,true,-0.7402999578905565,9,666.6666666666666,90.0,87.47167637547675
98460,true,-0.46809255579101716,9,666.6666666666666,90.0,87.72450873792907
98496,true,-0.13071089595798924,9,666.6666666666666,90.0,87.95205786413617
98534,true,0.16944006459853256,9,666.6666666666666,90.0,88.15685207772255
98569,true,0.5754860503905945,9,666.6666666666666,90.0,88.3411668699503
98597,true,0.9635064859743636,9,666.6666666666666,90.0,88.50705018295527
98630,true,1.331563509671625,9,666.6666666666666,90.0,88.65634516465974
98661,true,1.6344734761077575,9,666.6666666666666,90.0,88.79071064819377
98696,true,1.7152482530141668,9,666.6666666666666,90.0,88.9116395833744
98729,true,1.3153503810969198,10,733.3333333333333,81.81818181818183,89.02047562503695
98764,true,0.8360382915362408,10,733.3333333333333,81.81818181818183,88.30024624435144
98801,true,0.28905232109357826,10,733.3333333333333,81.81818181818183,87.65203980173449
98829,true,-0.3530042462202374,10,733.3333333333333,81.81818181818183,87.06865400337922
98861,true,-0.7994361515992807,10,733.3333333333333,81.81818181818183,86.54360678485949
98911,true,-1.0120395847941808,10,733.3333333333333,81.81818181818183,86.07106428819174
98929,true,-1.120595413021917,9,733.3333333333333,81.81818181818183,85.64577604119076
98966,true,-1.1597035561698874,9,733.3333333333333,81.81818181818183,85.26301661888986
98999,true,-1.0662195026278454,9,733.3333333333333,81.81818181818183,84.91853313881907
99029,true,-1.0113438303363438,9,733.3333333333333,81.81818181818183,84.60849800675535
99066,true,-0.8575083848013207,9,733.3333333333333,81.81818181818183,84.32946638789801
99092,true,-0.7030423697157175,9,733.3333333333333,81.81818181818183,84.0783379309264
99131,true,-0.5738808333588565,9,733.3333333333333,81.81818181818183,83.85232231965195
99164,true,-0.4502883690025783,9,733.3333333333333,81.81818181818183,83.64890826950494
99193,true,-0.26283814824508056,9,733.3333333333333,81.81818181818183,83.46583562437264
99225,true,-0.0014331541242569301,9,733.3333333333333,81.81818181818183,83.30107024375357
99261,true,0.24172852320531035,9,733.3333333333333,81.81818181818183,83.1527814011964
99295,true,0.5488829822848231,9,733.3333333333333,81.81818181818183,83.01932144289495
99335,true,0.8571068288978125,9,733.3333333333333,81.81818181818183,82.89920748042364
99361,true,1.2425609090772554,9,733.3333333333333,81.81818181818183,82.79110491419947
99391,true,1.588892936530982,9,733.3333333333333,81.81818181818183,82.69381260459771
99430,true,1.7776179746439027,9,733.3333333333333,81.81818181818183,82.60624952595613
99461,true,1.534711426972649,10,733.3333333333333,81.81818181818183,82.52744275517871
99495,true,1.2004179155501475,10,733.3333333333333,81.81818181818183,82.45651666147903
99529,true,0.6891347705111031,12,733.3333333333333,81.81818181818183,82.39268317714931
99560,true,0.021053285595129978,12,733.3333333333333,81.81818181818183,82.33523304125256
99595,true,-0.5426845785505492,12,733.3333333333333,81.81818181818183,82.2835279189455
99623,true,-0.828522894516226,12,733.3333333333333,81.81818181818183,82.23699330886913
99656,true,-1.0254173561711895,12,733.3333333333333,81.81818181818183,82.1951121598004