Timestamp(ms),isGoodSignal,filteredIntensity,rrIntervals_count,medianRrMs,rawBpm,filteredBpm
9,true,-0.5467994879078901,0,0.0,0.0,0.0
45,true,-0.6145623475076434,0,0.0,0.0,0.0
81,true,-0.660216214495307,0,0.0,0.0,0.0
111,true,-0.6803674842041403,0,0.0,0.0,0.0
145,true,-0.6240148385746238,0,0.0,0.0,0.0
177,true,-0.5809471300549944,0,0.0,0.0,0.0
209,true,-0.5493548498699852,0,0.0,0.0,0.0
244,true,-0.551854379835703,0,0.0,0.0,0.0
281,true,-0.5534468077789825,0,0.0,0.0,0.0
311,true,-0.49334686386217186,0,0.0,0.0,0.0
343,true,-0.42551025884850446,0,0.0,0.0,0.0
379,true,-0.33813421852030956,0,0.0,0.0,0.0
411,true,-0.23400867336081888,0,0.0,0.0,0.0
445,true,-0.10270478007120687,0,0.0,0.0,0.0
477,true,-0.030897167095190525,0,0.0,0.0,0.0
511,true,-0.02696613815857063,0,0.0,0.0,0.0
549,true,-0.1275333995548067,1,766.6666666666667,78.26086956521738,0.0
582,true,-0.3327601321126963,1,766.6666666666667,78.26086956521738,0.0
615,true,-0.5921412208094807,1,766.6666666666667,78.26086956521738,0.0
645,true,-0.8823592655864445,1,766.6666666666667,78.26086956521738,0.0
682,true,-1.1083313274202453,1,766.6666666666667,78.26086956521738,0.0
712,true,-1.2670429112393151,1,766.6666666666667,78.26086956521738,0.0
751,true,-1.3069546823700762,1,766.6666666666667,78.26086956521738,0.0
780,true,-1.3105545967421506,1,766.6666666666667,78.26086956521738,0.0
814,true,-1.2640704267001581,1,766.6666666666667,78.26086956521738,0.0
848,true,-1.2146260082997173,1,766.6666666666667,78.26086956521738,0.0
878,true,-1.1300282994498332,1,766.6666666666667,78.26086956521738,0.0
916,true,-1.051273189998227,1,766.6666666666667,78.26086956521738,0.0
950,true,-0.9774935918277947,1,766.6666666666667,78.26086956521738,0.0
981,true,-0.9139033629429605,1,766.6666666666667,78.26086956521738,0.0
1017,true,-0.8390051885961043,1,766.6666666666667,78.26086956521738,0.0
1054,true,-0.7537355141039086,1,766.6666666666667,78.26086956521738,0.0
1077,true,-0.6653645991361259,1,766.6666666666667,78.26086956521738,0.0
1110,true,-0.5634040664180588,1,766.6666666666667,78.26086956521738,0.0
1147,true,-0.45464821746060124,1,766.6666666666667,78.26086956521738,0.0
1179,true,-0.33984968670603166,1,766.6666666666667,78.26086956521738,0.0
1211,true,-0.2459119004216177,1,766.6666666666667,78.26086956521738,0.0
1245,true,-0.213150962070074,1,766.6666666666667,78.26086956521738,0.0
1280,true,-0.33841577125431854,2,766.6666666666667,78.26086956521738,0.0
1340,true,-0.466692722851775,2,766.6666666666667,78.26086956521738,0.0
1347,true,-0.6536760006653424,2,766.6666666666667,78.26086956521738,0.0
1381,true,-0.9174622425885275,2,766.6666666666667,78.26086956521738,0.0
1413,true,-1.1315211324220797,2,766.6666666666667,78.26086956521738,0.0
1446,true,-1.2269322594903826,2,766.6666666666667,78.26086956521738,0.0
1480,true,-1.3347809094425145,2,766.6666666666667,78.26086956521738,0.0
1513,true,-1.3669754363755544,2,766.6666666666667,78.26086956521738,0.0
1545,true,-1.3053885846516096,2,766.6666666666667,78.26086956521738,0.0
1580,true,-1.2920674941065613,2,766.6666666666667,78.26086956521738,0.0
1614,true,-1.2425842481772804,2,766.6666666666667,78.26086956521738,0.0
1650,true,-1.1484306050714395,2,766.6666666666667,78.26086956521738,0.0
1684,true,-1.0944120855641017,2,766.6666666666667,78.26086956521738,0.0
1723,true,-1.053082886013243,2,766.6666666666667,78.26086956521738,0.0
1753,true,-0.9618348313899787,2,766.6666666666667,78.26086956521738,0.0
1792,true,-0.9335692656685239,2,766.6666666666667,78.26086956521738,0.0
1848,true,-0.955083535128324,3,733.3333333333333,81.81818181818183,0.0
1885,true,-0.9624443846907695,3,733.3333333333333,81.81818181818183,0.0
1926,true,-0.9652275113630537,3,733.3333333333333,81.81818181818183,0.0
1952,true,-1.021096565915201,3,733.3333333333333,81.81818181818183,0.0
1982,true,-1.0880250991525884,3,733.3333333333333,81.81818181818183,0.0
2015,true,-1.206011156398887,3,733.3333333333333,81.81818181818183,0.0
2045,true,-1.3664731006353747,3,733.3333333333333,81.81818181818183,0.0
2082,true,-1.5249109168366601,3,733.3333333333333,81.81818181818183,0.0
2113,true,-1.62584476225544,3,733.3333333333333,81.81818181818183,0.0
2151,true,-1.7348217484491215,3,733.3333333333333,81.81818181818183,0.0
2178,true,-1.8165647118506172,3,733.3333333333333,81.81818181818183,0.0
2211,true,-1.8899315868146118,3,733.3333333333333,81.81818181818183,0.0
2244,true,-1.966802012753277,3,733.3333333333333,81.81818181818183,0.0
2283,true,-2.0469789467190935,3,733.3333333333333,81.81818181818183,0.0
2312,true,-2.047437199803653,3,733.3333333333333,81.81818181818183,0.0
2348,true,-2.0276693192163577,3,733.3333333333333,81.81818181818183,0.0
2377,true,-1.9960389540030121,3,733.3333333333333,81.81818181818183,0.0
2410,true,-1.9676498641204603,3,733.3333333333333,81.81818181818183,0.0
2448,true,-1.939495635134847,3,733.3333333333333,81.81818181818183,0.0
2480,true,-1.9121532689669891,3,733.3333333333333,81.81818181818183,0.0
2511,true,-1.8927934798828971,3,733.3333333333333,81.81818181818183,0.0
2545,true,-1.8611766749152423,3,733.3333333333333,81.81818181818183,0.0
2577,true,-1.8258503054629216,3,733.3333333333333,81.81818181818183,0.0
2613,true,-1.7802914872240478,3,733.3333333333333,81.81818181818183,0.0
2647,true,-1.782291857385502,3,733.3333333333333,81.81818181818183,0.0
2678,true,-1.8626830199141295,3,733.3333333333333,81.81818181818183,0.0
2710,true,-2.0031049098781466,3,733.3333333333333,81.81818181818183,0.0
2744,true,-2.1913937820332308,3,733.3333333333333,81.81818181818183,0.0
2777,true,-2.416085811399853,3,733.3333333333333,81.81818181818183,0.0
2814,true,-2.662768325330603,3,733.3333333333333,81.81818181818183,0.0
2847,true,-2.819481375570433,3,733.3333333333333,81.81818181818183,0.0
2876,true,-2.92699662449661,3,733.3333333333333,81.81818181818183,0.0
2912,true,-2.9821163619165247,3,733.3333333333333,81.81818181818183,0.0
2948,true,-3.021937386169583,3,733.3333333333333,81.81818181818183,0.0
2980,true,-2.9780639859766325,3,733.3333333333333,81.81818181818183,0.0
3011,true,-2.941211943669657,3,733.3333333333333,81.81818181818183,0.0
3053,true,-2.906873972344613,3,733.3333333333333,81.81818181818183,0.0
3081,true,-2.883129204583355,3,733.3333333333333,81.81818181818183,0.0
3113,true,-2.841872072579207,3,733.3333333333333,81.81818181818183,0.0
3146,true,-2.8011457678629768,3,733.3333333333333,81.81818181818183,0.0
3181,true,-2.751204787547067,3,733.3333333333333,81.81818181818183,0.0
3216,true,-2.6799070980155477,3,733.3333333333333,81.81818181818183,0.0
3249,true,-2.592319993712408,3,733.3333333333333,81.81818181818183,0.0
3279,true,-2.5497927843892967,3,733.3333333333333,81.81818181818183,0.0
3322,true,-2.499872807170334,3,733.3333333333333,81.81818181818183,0.0
3351,true,-2.4434937037024724,3,733.3333333333333,81.81818181818183,0.0
3387,true,-2.479180413279181,3,733.3333333333333,81.81818181818183,0.0
3427,true,-2.558395909141069,3,733.3333333333333,81.81818181818183,0.0
3448,true,-2.6385568784779707,3,733.3333333333333,81.81818181818183,0.0
3479,true,-2.8279045465739614,3,733.3333333333333,81.81818181818183,0.0
3510,true,-3.0425207914173598,3,733.3333333333333,81.81818181818183,0.0
3547,true,-3.166738125680723,3,733.3333333333333,81.81818181818183,0.0
3580,true,-3.2644758201924446,3,733.3333333333333,81.81818181818183,0.0
3611,true,-3.3377237070635033,3,733.3333333333333,81.81818181818183,0.0
3646,true,-3.304820559609283,3,733.3333333333333,81.81818181818183,0.0
3680,true,-3.2581333820410805,3,733.3333333333333,81.81818181818183,0.0
3712,true,-3.217986772575415,3,733.3333333333333,81.81818181818183,0.0
3745,true,-3.177944864779988,3,733.3333333333333,81.81818181818183,0.0
3782,true,-3.1315390954239035,3,733.3333333333333,81.81818181818183,0.0
3812,true,-3.089047871610319,3,733.3333333333333,81.81818181818183,0.0
3844,true,-3.0404296912468,3,733.3333333333333,81.81818181818183,0.0
3880,true,-2.9794316535289624,3,733.3333333333333,81.81818181818183,0.0
3914,true,-2.9125884980839487,3,733.3333333333333,81.81818181818183,0.0
3943,true,-2.824982098877882,3,733.3333333333333,81.81818181818183,0.0
3977,true,-2.7336122742964903,3,733.3333333333333,81.81818181818183,0.0
4015,true,-2.639580513930241,3,733.3333333333333,81.81818181818183,0.0
4047,true,-2.5866648297498216,3,733.3333333333333,81.81818181818183,0.0
4081,true,-2.61413754372046,3,733.3333333333333,81.81818181818183,0.0
4114,true,-2.71726368449049,3,733.3333333333333,81.81818181818183,0.0
4146,true,-2.883304404101466,3,733.3333333333333,81.81818181818183,0.0
4184,true,-3.0939880007691443,3,733.3333333333333,81.81818181818183,0.0
4216,true,-3.324613849118066,3,733.3333333333333,81.81818181818183,0.0
4247,true,-3.4810461961130557,3,733.3333333333333,81.81818181818183,0.0
4284,true,-3.6451579628100035,3,733.3333333333333,81.81818181818183,0.0
4316,true,-3.7458001053924193,3,733.3333333333333,81.81818181818183,0.0
4346,true,-3.8290990541251233,3,733.3333333333333,81.81818181818183,0.0
4379,true,-3.865821625417027,3,733.3333333333333,81.81818181818183,0.0
4413,true,-3.9015544658261945,3,733.3333333333333,81.81818181818183,0.0
4448,true,-3.871409617510011,3,733.3333333333333,81.81818181818183,0.0
4479,true,-3.847859767961012,3,733.3333333333333,81.81818181818183,0.0
4512,true,-3.815500059935573,3,733.3333333333333,81.81818181818183,0.0
4546,true,-3.785125417890754,3,733.3333333333333,81.81818181818183,0.0
4580,true,-3.7492585764012745,3,733.3333333333333,81.81818181818183,0.0
4615,true,-3.699487306072001,3,733.3333333333333,81.81818181818183,0.0
4645,true,-3.645652518973094,3,733.3333333333333,81.81818181818183,0.0
4681,true,-3.566586994011601,3,733.3333333333333,81.81818181818183,0.0
4711,true,-3.4743871316169646,3,733.3333333333333,81.81818181818183,0.0
4751,true,-3.3873201767084424,3,733.3333333333333,81.81818181818183,0.0
4780,true,-3.377127239705743,3,733.3333333333333,81.81818181818183,0.0
4816,true,-3.401905039313249,3,733.3333333333333,81.81818181818183,0.0
4847,true,-3.5087370502524777,3,733.3333333333333,81.81818181818183,0.0
4884,true,-3.71744193290138,3,733.3333333333333,81.81818181818183,0.0
4910,true,-3.948655501285458,3,733.3333333333333,81.81818181818183,0.0
4950,true,-4.118401676871599,3,733.3333333333333,81.81818181818183,0.0
4985,true,-4.254007584467445,3,733.3333333333333,81.81818181818183,0.0
5013,true,-4.341519936729867,3,733.3333333333333,81.81818181818183,0.0
5045,true,-4.327681140099003,3,733.3333333333333,81.81818181818183,0.0
5082,true,-4.28094896438904,3,733.3333333333333,81.81818181818183,0.0
5119,true,-4.234836509523149,3,733.3333333333333,81.81818181818183,0.0
5148,true,-4.19989062046028,3,733.3333333333333,81.81818181818183,0.0
5180,true,-4.1438187639247985,3,733.3333333333333,81.81818181818183,0.0
5217,true,-4.094563829833049,3,733.3333333333333,81.81818181818183,0.0
5246,true,-4.036872347005357,3,733.3333333333333,81.81818181818183,0.0
5283,true,-3.957143303385436,3,733.3333333333333,81.81818181818183,0.0
5317,true,-3.8607224076845057,3,733.3333333333333,81.81818181818183,0.0
5347,true,-3.7543338873813354,3,733.3333333333333,81.81818181818183,0.0
5379,true,-3.6381598206154138,3,733.3333333333333,81.81818181818183,0.0
5416,true,-3.503265789906436,3,733.3333333333333,81.81818181818183,0.0
5448,true,-3.36187953916442,3,733.3333333333333,81.81818181818183,0.0
5483,true,-3.209681014012432,3,733.3333333333333,81.81818181818183,0.0
5517,true,-3.1275180814595274,3,733.3333333333333,81.81818181818183,0.0
5550,true,-3.18962276155699,3,733.3333333333333,81.81818181818183,0.0
5582,true,-3.367549804237086,3,733.3333333333333,81.81818181818183,0.0
5617,true,-3.6292432799764924,3,733.3333333333333,81.81818181818183,0.0
5649,true,-3.9424138635084773,3,733.3333333333333,81.81818181818183,0.0
5685,true,-4.202437691886246,3,733.3333333333333,81.81818181818183,0.0
5716,true,-4.334440470529046,3,733.3333333333333,81.81818181818183,0.0
5744,true,-4.453258958273636,3,733.3333333333333,81.81818181818183,0.0
5782,true,-4.493344123437282,3,733.3333333333333,81.81818181818183,0.0
5812,true,-4.19138273270832,3,733.3333333333333,81.81818181818183,0.0
5843,true,-3.8772039887958556,3,733.3333333333333,81.81818181818183,0.0
5881,true,-3.5549885726700268,3,733.3333333333333,81.81818181818183,0.0
5910,true,-3.173733420930688,3,733.3333333333333,81.81818181818183,0.0
5951,true,-2.802549747114682,3,733.3333333333333,81.81818181818183,0.0
5983,true,-2.75482428759139,3,733.3333333333333,81.81818181818183,0.0
6011,true,-2.704060291584824,3,733.3333333333333,81.81818181818183,0.0
6046,true,-2.6383650054926875,3,733.3333333333333,81.81818181818183,0.0
6083,true,-2.8672365786390515,4,733.3333333333333,81.81818181818183,0.0
6119,true,-3.090892309893661,4,733.3333333333333,81.81818181818183,0.0
6154,true,-3.2468331353687745,4,733.3333333333333,81.81818181818183,0.0
6182,true,-3.392124950624577,4,733.3333333333333,81.81818181818183,0.0
6218,true,-3.5370695137395387,4,733.3333333333333,81.81818181818183,0.0
6251,true,-3.3608155230881493,4,733.3333333333333,81.81818181818183,0.0
6279,true,-3.2390678411893816,4,733.3333333333333,81.81818181818183,0.0
6312,true,-3.2752111103521315,4,733.3333333333333,81.81818181818183,0.0
6352,true,-3.4001412679306497,4,733.3333333333333,81.81818181818183,0.0
6391,true,-3.5990954931070007,4,733.3333333333333,81.81818181818183,0.0
6416,true,-3.8727562480710844,4,733.3333333333333,81.81818181818183,81.81818181818183
6444,true,-4.1068415165266,4,733.3333333333333,81.81818181818183,81.81818181818183
6479,true,-4.003471972258097,4,733.3333333333333,81.81818181818183,81.81818181818183
6511,true,-3.828756401735916,4,733.3333333333333,81.81818181818183,81.81818181818183
6554,true,-3.626350211852241,4,733.3333333333333,81.81818181818183,81.81818181818183
6578,true,-3.349744908896497,4,733.3333333333333,81.81818181818183,81.81818181818183
6615,true,-3.068685677419438,4,733.3333333333333,81.81818181818183,81.81818181818183
6646,true,-3.0516724772640202,4,733.3333333333333,81.81818181818183,81.81818181818183
6682,true,-3.053362860502716,5,600.0,100.0,81.81818181818183
6718,true,-3.031900425457195,5,600.0,100.0,81.81818181818183
6747,true,-3.0187409628133253,5,600.0,100.0,81.81818181818183
6781,true,-3.000794168092682,5,600.0,100.0,81.81818181818183
6843,true,-2.955645253482885,5,600.0,100.0,81.81818181818183
6860,true,-2.880223449586566,5,600.0,100.0,81.81818181818183
6881,true,-2.780804870120164,5,600.0,100.0,81.81818181818183
6915,true,-2.661313569266383,5,600.0,100.0,81.81818181818183
6949,true,-2.5122506831380917,5,600.0,100.0,81.81818181818183
6983,true,-2.359068759979806,5,600.0,100.0,81.81818181818183
7015,true,-2.5239890422772078,5,600.0,100.0,81.81818181818183
7047,true,-2.7814171513823283,5,600.0,100.0,81.81818181818183
7088,true,-3.0971988263165997,5,600.0,100.0,81.81818181818183
7112,true,-3.5456755331622674,5,600.0,100.0,81.81818181818183
7145,true,-4.072707923756667,5,600.0,100.0,81.81818181818183
7177,true,-4.325221467730842,5,600.0,100.0,81.81818181818183
7215,true,-4.287841813055138,5,600.0,100.0,81.81818181818183
7246,true,-4.215570492371143,5,600.0,100.0,81.81818181818183
7286,true,-4.024612978419924,5,600.0,100.0,81.81818181818183
7312,true,-3.7705070341268083,5,600.0,100.0,81.81818181818183
7349,true,-3.488436115095112,5,600.0,100.0,81.81818181818183
7378,true,-3.425913366081602,5,600.0,100.0,81.81818181818183
7416,true,-3.354706676746929,5,600.0,100.0,81.81818181818183
7445,true,-3.3012896010372117,5,600.0,100.0,81.81818181818183
7479,true,-3.246635230325296,5,600.0,100.0,81.81818181818183
7511,true,-3.1796768842208394,5,600.0,100.0,81.81818181818183
7544,true,-3.09723496184165,5,600.0,100.0,81.81818181818183
7584,true,-3.005843336764201,5,600.0,100.0,81.81818181818183
7620,true,-2.896686136304595,5,600.0,100.0,81.81818181818183
7648,true,-2.7814962365980023,5,600.0,100.0,81.81818181818183
7681,true,-2.6475295643720074,5,600.0,100.0,81.81818181818183
7715,true,-2.513103624614189,5,600.0,100.0,81.81818181818183
7745,true,-2.416076339651795,5,600.0,100.0,81.81818181818183
7779,true,-2.322845295327568,5,600.0,100.0,81.81818181818183
7815,true,-2.2167868172053318,5,600.0,100.0,81.81818181818183
7856,true,-2.1298954437863813,5,600.0,100.0,81.81818181818183
7886,true,-2.106377135520205,5,600.0,100.0,81.81818181818183
7916,true,-2.173742920462928,5,600.0,100.0,81.81818181818183
7948,true,-2.6178412475615858,5,600.0,100.0,81.81818181818183
7978,true,-3.140403113703371,5,600.0,100.0,81.81818181818183
8018,true,-3.458399085682231,5,600.0,100.0,81.81818181818183
8045,true,-3.743777387029155,5,600.0,100.0,81.81818181818183
8086,true,-3.917249308774444,5,600.0,100.0,81.81818181818183
8116,true,-3.7102662845035184,5,600.0,100.0,81.81818181818183
8158,true,-3.4980127226497473,5,600.0,100.0,81.81818181818183
8185,true,-3.492769876431595,5,600.0,100.0,81.81818181818183
8211,true,-3.4718088179793654,5,600.0,100.0,81.81818181818183
8243,true,-3.4502402987469054,5,600.0,100.0,81.81818181818183
8289,true,-3.4410377696642627,5,600.0,100.0,81.81818181818183
8315,true,-3.381818473721438,5,600.0,100.0,81.81818181818183
8355,true,-3.322016696383514,5,600.0,100.0,81.81818181818183
8381,true,-3.263318751549832,5,600.0,100.0,81.81818181818183
8412,true,-3.1352781422017983,5,600.0,100.0,81.81818181818183
8443,true,-2.991621083886372,5,600.0,100.0,81.81818181818183
8491,true,-2.819836388990865,5,600.0,100.0,81.81818181818183
8511,true,-2.640795216736848,5,600.0,100.0,81.81818181818183
8547,true,-2.429585717966205,5,600.0,100.0,81.81818181818183
8577,true,-2.270061403916799,5,600.0,100.0,81.81818181818183
8613,true,-2.1228333812955213,5,600.0,100.0,81.81818181818183
8648,true,-1.9753447737441832,5,600.0,100.0,81.81818181818183
8680,true,-1.7958268708126184,5,600.0,100.0,81.81818181818183
8718,true,-1.6390347893496653,5,600.0,100.0,81.81818181818183
8746,true,-1.8747994347700683,5,600.0,100.0,81.81818181818183
8780,true,-2.217801190312116,5,600.0,100.0,81.81818181818183
8816,true,-2.6075104440718633,5,600.0,100.0,81.81818181818183
8844,true,-3.0831344672959062,5,600.0,100.0,81.81818181818183
8881,true,-3.322113112418009,5,600.0,100.0,81.81818181818183
8909,true,-3.1675409823368454,5,600.0,100.0,81.81818181818183
8946,true,-2.9168485023026562,5,600.0,100.0,81.81818181818183
8980,true,-2.608163375997691,5,600.0,100.0,81.81818181818183
9017,true,-2.2040174474373373,5,600.0,100.0,81.81818181818183
9047,true,-2.0450831414873107,5,600.0,100.0,81.81818181818183
9085,true,-1.9405216005553996,5,600.0,100.0,81.81818181818183
9115,true,-1.8260325654256349,5,600.0,100.0,81.81818181818183
9146,true,-1.7469521362222338,5,600.0,100.0,81.81818181818183
9179,true,-1.7382281492884317,5,600.0,100.0,81.81818181818183
9215,true,-1.724224395405372,5,600.0,100.0,81.81818181818183
9248,true,-1.64917859940212,5,600.0,100.0,81.81818181818183
9278,true,-1.5394568899059777,5,600.0,100.0,81.81818181818183
9314,true,-1.420289460542449,5,600.0,100.0,81.81818181818183
9348,true,-1.2607726444598484,5,600.0,100.0,81.81818181818183
9381,true,-1.1017454448368085,5,600.0,100.0,81.81818181818183
9422,true,-1.2577484561789163,6,666.6666666666666,90.0,81.81818181818183
9445,true,-1.4186943957494407,6,666.6666666666666,90.0,82.63636363636364
9482,true,-1.5310114733989337,6,666.6666666666666,90.0,83.37272727272727
9518,true,-1.6622702177806161,6,666.6666666666666,90.0,84.03545454545456
9551,true,-1.7969455085329855,6,666.6666666666666,90.0,84.6319090909091
9577,true,-1.756498773804509,6,666.6666666666666,90.0,85.16871818181819
9614,true,-1.8292388351335092,6,666.6666666666666,90.0,85.65184636363638
9645,true,-2.0526253217481383,6,666.6666666666666,90.0,86.08666172727274
9685,true,-2.3771499326526566,6,666.6666666666666,90.0,86.47799555454547
9717,true,-2.731992270757445,6,666.6666666666666,90.0,86.83019599909093
9755,true,-2.73414766302119,5,600.0,100.0,87.14717639918184
9784,true,-2.6509541045649314,5,600.0,100.0,88.43245875926367
9818,true,-2.52329671829375,5,600.0,100.0,89.5892128833373
9847,true,-2.30098993132367,5,600.0,100.0,90.63029159500357
9879,true,-2.0247856988926003,5,600.0,100.0,91.56726243550321
9917,true,-1.98040972299097,5,600.0,100.0,92.41053619195289
9945,true,-1.9469386491157081,5,600.0,100.0,93.1694825727576
10018,true,-1.89012973388472,5,600.0,100.0,93.85253431548185
10055,true,-1.850996483370352,5,600.0,100.0,94.46728088393367
10081,true,-1.8437414759118838,5,600.0,100.0,95.0205527955403
10115,true,-1.8198170596372165,5,600.0,100.0,95.51849751598627
10146,true,-1.763916516931232,5,600.0,100.0,95.96664776438764
10181,true,-1.6719463857820358,5,600.0,100.0,96.36998298794889
10214,true,-1.5497005763764378,5,600.0,100.0,96.732984689154
10245,true,-1.3994187479477205,5,600.0,100.0,97.0596862202386
10278,true,-1.2353399759672925,5,600.0,100.0,97.35371759821474
10314,true,-1.105501518315009,5,600.0,100.0,97.61834583839327
10342,true,-0.9797124762609997,5,600.0,100.0,97.85651125455394
10390,true,-0.8337758430614599,5,600.0,100.0,98.07086012909855
10438,true,-0.7263940064481176,5,600.0,100.0,98.2637741161887
10449,true,-1.0729641080046974,5,600.0,100.0,98.43739670456984
10478,true,-1.514306979689536,5,600.0,100.0,98.59365703411285
10516,true,-2.0079842453891104,5,600.0,100.0,98.73429133070157
10544,true,-2.6067415707333907,4,600.0,100.0,98.8608621976314
10583,true,-2.9962564404585805,4,600.0,100.0,98.97477597786826
10614,true,-2.9546802452614713,4,600.0,100.0,99.07729838008144
10644,true,-2.811168031967071,4,600.0,100.0,99.1695685420733
10681,true,-2.6264189972191616,4,600.0,100.0,99.25261168786598
10718,true,-2.423934510844532,4,600.0,100.0,99.32735051907939
10743,true,-2.416298364268556,4,600.0,100.0,99.39461546717145
10783,true,-2.4165802307444437,4,600.0,100.0,99.45515392045431
10811,true,-2.418793384648268,4,600.0,100.0,99.50963852840889
10854,true,-2.416536284583856,4,600.0,100.0,99.558674675568
10879,true,-2.378317560353622,4,600.0,100.0,99.6028072080112
10911,true,-2.350527576917216,4,600.0,100.0,99.64252648721008
10950,true,-2.3059216210428417,4,600.0,100.0,99.67827383848908
10984,true,-2.2436271008882045,4,600.0,100.0,99.71044645464018
11010,true,-2.1763967832050923,4,600.0,100.0,99.73940180917616
11043,true,-2.0728318318030006,4,600.0,100.0,99.76546162825855
11079,true,-1.953496348444844,4,600.0,100.0,99.7889154654327
11119,true,-1.8061226658429916,4,600.0,100.0,99.81002391888943
11145,true,-1.640373902817032,4,600.0,100.0,99.82902152700049
11181,true,-1.4210023699288854,4,600.0,100.0,99.84611937430044
11216,true,-1.2198155312961774,4,600.0,100.0,99.8615074368704
11269,true,-1.010382457467074,4,600.0,100.0,99.87535669318336
11276,true,-0.8206571363027706,8,733.3333333333333,81.81818181818183,99.88782102386503
11314,true,-0.7001905063388847,8,733.3333333333333,81.81818181818183,99.88782102386503
11346,true,-0.7606678142164469,9,700.0,85.71428571428571,99.88782102386503
11381,true,-0.9161926615333016,9,700.0,85.71428571428571,98.4704674929071
11414,true,-1.1841267624002967,9,700.0,85.71428571428571,97.19484931504496
11453,true,-1.550477313883107,9,700.0,85.71428571428571,96.04679295496904
11479,true,-1.887264277413749,9,700.0,85.71428571428571,95.0135422309007
11510,true,-2.144634772005759,9,700.0,85.71428571428571,94.0836165792392
11544,true,-2.304146907528036,9,700.0,85.71428571428571,93.24668349274386
11584,true,-2.398420466276832,9,700.0,85.71428571428571,92.49344371489804
11616,true,-2.3907244438034922,9,700.0,85.71428571428571,91.8155279148368
11646,true,-2.366617171668622,9,700.0,85.71428571428571,91.2054036947817
11682,true,-2.3132011920062325,9,700.0,85.71428571428571,90.6562918967321
11715,true,-2.282046860594164,9,700.0,85.71428571428571,90.16209127848747
11744,true,-2.238958707921199,9,700.0,85.71428571428571,89.7173107220673
11783,true,-2.205301261492707,9,700.0,85.71428571428571,89.31700822128914
11816,true,-2.1703980906509344,8,700.0,85.71428571428571,88.9567359705888
11849,true,-2.127992094985416,8,700.0,85.71428571428571,88.63249094495849
11884,true,-2.0586108051490157,8,700.0,85.71428571428571,88.34067042189122
11913,true,-1.9694789486982813,8,700.0,85.71428571428571,88.07803195113067
11947,true,-1.8696406490170148,8,700.0,85.71428571428571,87.84165732744617
11979,true,-1.7507296931991618,8,700.0,85.71428571428571,87.62892016613013
12012,true,-1.6217637721705103,8,700.0,85.71428571428571,87.43745672094569
12049,true,-1.459265558964944,8,700.0,85.71428571428571,87.2651396202797
12083,true,-1.2851507988135893,8,700.0,85.71428571428571,87.1100542296803
12115,true,-1.0552413205923301,8,700.0,85.71428571428571,86.97047737814084
12153,true,-0.8205212184692527,8,700.0,85.71428571428571,86.84485821175532
12186,true,-0.5703187508980818,8,700.0,85.71428571428571,86.73180096200836
12216,true,-0.4679629523665767,8,700.0,85.71428571428571,86.6300494372361
12260,true,-0.5297442152252074,8,700.0,85.71428571428571,86.53847306494106
12278,true,-0.7626799217571545,8,700.0,85.71428571428571,86.45605432987553
12313,true,-1.0439790488168512,8,700.0,85.71428571428571,86.38187746831655
12345,true,-1.3884481762036955,8,700.0,85.71428571428571,86.31511829291347
12382,true,-1.7229645901470008,8,700.0,85.71428571428571,86.2550350350507
12413,true,-1.9037472926832208,8,700.0,85.71428571428571,86.2009601029742
12444,true,-2.009335856484512,8,700.0,85.71428571428571,86.15229266410535
12480,true,-2.0785166490744587,8,700.0,85.71428571428571,86.10849196912338
12512,true,-2.1141697722062816,8,700.0,85.71428571428571,86.0690713436396
12546,true,-2.0597888519329217,8,700.0,85.71428571428571,86.03359278070421
12586,true,-2.0200209355221546,8,700.0,85.71428571428571,86.00166207406237
12615,true,-1.9730297179774539,7,666.6666666666666,90.0,85.9729244380847
12644,true,-1.9408253995182747,7,666.6666666666666,90.0,86.37563199427623
12682,true,-1.906360974590001,7,666.6666666666666,90.0,86.73806879484862
12718,true,-1.8569380627497196,7,666.6666666666666,90.0,87.06426191536376
12746,true,-1.8024128447055148,7,666.6666666666666,90.0,87.35783572382738
12782,true,-1.713137608721837,7,666.6666666666666,90.0,87.62205215144465
12812,true,-1.6061409909108022,7,666.6666666666666,90.0,87.85984693630019
12852,true,-1.4680566661566843,7,666.6666666666666,90.0,88.07386224267017
12878,true,-1.3156171560118537,7,666.6666666666666,90.0,88.26647601840315
12916,true,-1.1228521889145213,7,666.6666666666666,90.0,88.43982841656285
12948,true,-0.9230906297642605,7,666.6666666666666,90.0,88.59584557490656
12981,true,-0.6541856850299155,7,666.6666666666666,90.0,88.73626101741591
13015,true,-0.4007404082472874,7,666.6666666666666,90.0,88.86263491567432
13049,true,-0.14301032049226592,7,666.6666666666666,90.0,88.97637142410689
13080,true,0.08397908792670705,7,666.6666666666666,90.0,89.0787342816962
13111,true,0.22198590951344954,7,666.6666666666666,90.0,89.17086085352658
13145,true,0.11627131695925641,7,666.6666666666666,90.0,89.25377476817393
13181,true,-0.09160772985993049,7,666.6666666666666,90.0,89.32839729135654
13211,true,-0.405812715340204,7,666.6666666666666,90.0,89.39555756222089
13251,true,-0.8081509252194792,7,666.6666666666666,90.0,89.4560018059988
13279,true,-1.1689208863967337,7,666.6666666666666,90.0,89.51040162539891
13314,true,-1.4081277055654766,7,666.6666666666666,90.0,89.55936146285903
13344,true,-1.5561316347886134,6,666.6666666666666,90.0,89.60342531657312
13379,true,-1.6591220339893198,6,666.6666666666666,90.0,89.64308278491582
13416,true,-1.6656606556819327,6,666.6666666666666,90.0,89.67877450642423
13452,true,-1.6513891469105602,6,666.6666666666666,90.0,89.71089705578181
13480,true,-1.5915650313058904,6,666.6666666666666,90.0,89.73980735020363
13509,true,-1.5507202257275878,6,666.6666666666666,90.0,89.76582661518327
13539,true,-1.490908601386252,6,666.6666666666666,90.0,89.78924395366495
13576,true,-1.4474617373195144,6,666.6666666666666,90.0,89.81031955829846
13607,true,-1.3964301890865443,6,666.6666666666666,90.0,89.82928760246861
13644,true,-1.3361796731564937,6,666.6666666666666,90.0,89.84635884222175
13681,true,-1.2551309563848747,6,666.6666666666666,90.0,89.86172295799958
13717,true,-1.1334917941067602,6,666.6666666666666,90.0,89.87555066219961
13744,true,-0.9970925291447372,6,666.6666666666666,90.0,89.88799559597966
13776,true,-0.8196981441279547,6,666.6666666666666,90.0,89.8991960363817
13811,true,-0.6335437373772947,6,666.6666666666666,90.0,89.90927643274352
13855,true,-0.3749998210519152,6,666.6666666666666,90.0,89.91834878946918
13882,true,-0.12325060956194989,6,666.6666666666666,90.0,89.92651391052226
13916,true,0.154239994064568,6,666.6666666666666,90.0,89.93386251947004
13952,true,0.40130911610049225,6,666.6666666666666,90.0,89.94047626752304
13984,true,0.6180938116766015,6,666.6666666666666,90.0,89.94642864077073
14017,true,0.7009896235403801,6,666.6666666666666,90.0,89.95178577669367
14054,true,0.631893442185202,5,600.0,100.0,89.9566071990243
14087,true,0.43091312901447054,5,600.0,100.0,90.96094647912187
14112,true,0.14924691618224983,5,600.0,100.0,91.86485183120969
14143,true,-0.17386162927508053,5,600.0,100.0,92.67836664808873
14181,true,-0.4779953589710715,5,600.0,100.0,93.41052998327986
14209,true,-0.6610496548805713,5,600.0,100.0,94.06947698495188
14253,true,-0.8252193801326939,5,600.0,100.0,94.66252928645669
14279,true,-0.9052859655978693,5,600.0,100.0,95.19627635781102
14310,true,-0.9552651517350625,5,600.0,100.0,95.67664872202991
14345,true,-0.9674276014077634,5,600.0,100.0,96.10898384982693
14382,true,-0.9757862217435616,5,600.0,100.0,96.49808546484424
14416,true,-0.9315791564214919,5,600.0,100.0,96.84827691835982
14448,true,-0.9103391540666053,5,600.0,100.0,97.16344922652384
14500,true,-0.8815697489883689,5,600.0,100.0,97.44710430387146
14513,true,-0.8599671032276603,5,600.0,100.0,97.70239387348431
14542,true,-0.8226493320227917,5,600.0,100.0,97.93215448613589
14583,true,-0.759328408957316,5,600.0,100.0,98.1389390375223
14611,true,-0.6864930759508354,5,600.0,100.0,98.32504513377008
14645,true,-0.585526261548722,5,600.0,100.0,98.49254062039307
14680,true,-0.45302512968558517,5,600.0,100.0,98.64328655835376
14716,true,-0.2502746636239124,5,600.0,100.0,98.77895790251839
14750,true,-0.03855920809698432,5,600.0,100.0,98.90106211226654
14779,true,0.202586946572211,4,600.0,100.0,99.01095590103989
14814,true,0.44467257348657085,4,600.0,100.0,99.1098603109359
14849,true,0.6391921701878402,4,600.0,100.0,99.19887427984231
14878,true,0.6898943767597814,4,600.0,100.0,99.27898685185808
14909,true,0.5863837792950619,4,600.0,100.0,99.35108816667227
14941,true,0.3458157895800582,4,600.0,100.0,99.41597935000505
14977,true,0.01458566118589033,4,600.0,100.0,99.47438141500454
15015,true,-0.33870282575321653,4,600.0,100.0,99.52694327350409
15051,true,-0.6488247276835182,4,600.0,100.0,99.57424894615369
15078,true,-0.8276229649696631,4,600.0,100.0,99.61682405153832
15114,true,-0.9761046219830405,4,600.0,100.0,99.6551416463845
15143,true,-1.0399995619581262,4,600.0,100.0,99.68962748174604
15178,true,-1.079071526613177,4,600.0,100.0,99.72066473357144
15210,true,-1.0880698758399774,4,600.0,100.0,99.7485982602143
15247,true,-1.0906077513256207,4,600.0,100.0,99.77373843419286
15276,true,-1.0403621144074577,4,600.0,100.0,99.79636459077358
15313,true,-0.9994047724421762,4,600.0,100.0,99.81672813169622
15343,true,-0.9482353773188095,4,600.0,100.0,99.8350553185266
15381,true,-0.8903589117724948,4,600.0,100.0,99.85154978667394
15414,true,-0.827147812521531,4,600.0,100.0,99.86639480800655
15450,true,-0.7270302474393873,4,600.0,100.0,99.8797553272059
15484,true,-0.6147551269994267,4,600.0,100.0,99.89177979448532
15516,true,-0.4716392086287726,3,600.0,100.0,99.90260181503679
15542,true,-0.3295575439984475,3,600.0,100.0,99.90260181503679
15584,true,-0.1095371316104945,3,600.0,100.0,99.90260181503679
15612,true,0.10792588260306957,3,600.0,100.0,99.90260181503679
15648,true,0.3492392806882947,3,600.0,100.0,99.90260181503679
15678,true,0.5806029958833108,3,600.0,100.0,99.90260181503679
15714,true,0.7827732344779861,3,600.0,100.0,99.90260181503679
15743,true,0.9075055612430276,3,600.0,100.0,99.90260181503679
15778,true,0.9522229617590199,3,600.0,100.0,99.90260181503679
15813,true,0.8222613059896844,3,600.0,100.0,99.90260181503679
15846,true,0.3335559116267177,3,600.0,100.0,99.90260181503679
15876,true,-0.19804195042397055,3,600.0,100.0,99.90260181503679
15911,true,-0.526326306723206,3,600.0,100.0,99.90260181503679
15943,true,-0.8026218421479712,3,600.0,100.0,99.90260181503679
15984,true,-0.9483033490231207,3,600.0,100.0,99.90260181503679
16011,true,-0.7278399970867042,3,600.0,100.0,99.90260181503679
16046,true,-0.48537437777235937,3,333.3333333333333,180.0,99.90260181503679
16084,true,-0.44583273975700877,3,333.3333333333333,180.0,99.90260181503679
16112,true,-0.3990272756786055,3,333.3333333333333,180.0,99.90260181503679
16142,true,-0.36398589043545826,3,333.3333333333333,180.0,99.90260181503679
16179,true,-0.3005140681935359,3,333.3333333333333,180.0,99.90260181503679
16213,true,-0.2086067095108035,3,333.3333333333333,180.0,99.90260181503679
16251,true,-0.12170302757513696,3,333.3333333333333,180.0,99.90260181503679
16286,true,-0.03537550059505179,2,333.3333333333333,180.0,99.90260181503679
16318,true,0.08727182251300292,2,333.3333333333333,180.0,99.90260181503679
16350,true,0.1788855961579543,2,333.3333333333333,180.0,99.90260181503679
16380,true,0.2961868505080645,2,333.3333333333333,180.0,99.90260181503679
16411,true,0.42089632535763144,2,333.3333333333333,180.0,99.90260181503679
16452,true,0.5703889615323874,2,333.3333333333333,180.0,99.90260181503679
16484,true,0.7100054211644533,2,333.3333333333333,180.0,99.90260181503679
16534,true,0.8243369724266927,2,333.3333333333333,180.0,99.90260181503679
16547,true,0.9326475448403642,2,333.3333333333333,180.0,99.90260181503679
16580,true,1.052964539515557,4,833.3333333333334,72.0,99.90260181503679
16613,true,1.078346767799843,4,833.3333333333334,72.0,99.90260181503679
16643,true,0.7089536635027969,4,833.3333333333334,72.0,99.90260181503679
16680,true,0.2695034703778276,4,833.3333333333334,72.0,99.90260181503679
16715,true,-0.28537456363969227,4,833.3333333333334,72.0,99.90260181503679
16744,true,-0.9013982194250048,4,833.3333333333334,72.0,99.90260181503679
16783,true,-1.2001628387373842,4,833.3333333333334,72.0,99.90260181503679
16813,true,-1.1140964217376563,4,833.3333333333334,72.0,99.90260181503679
16848,true,-0.9163524770810909,4,833.3333333333334,72.0,99.90260181503679
16880,true,-0.5986918574875801,4,833.3333333333334,72.0,99.90260181503679
16910,true,-0.25373200831595,4,833.3333333333334,72.0,99.90260181503679
16946,true,-0.15867343554836566,4,833.3333333333334,72.0,99.90260181503679
16978,true,-0.06176769591456832,3,666.6666666666666,90.0,99.90260181503679
17013,true,0.007001777682347665,3,666.6666666666666,90.0,99.90260181503679
17051,true,0.047304474082807246,3,666.6666666666666,90.0,99.90260181503679
17076,true,0.09352126171546615,3,666.6666666666666,90.0,99.90260181503679
17111,true,0.14176269128739705,3,666.6666666666666,90.0,99.90260181503679
17145,true,0.19861551422880552,3,666.6666666666666,90.0,99.90260181503679
17181,true,0.27461570324601325,3,666.6666666666666,90.0,99.90260181503679
17212,true,0.36692460845952724,3,666.6666666666666,90.0,99.90260181503679
17246,true,0.48407803873251964,3,666.6666666666666,90.0,99.90260181503679
17276,true,0.6058766845852688,3,666.6666666666666,90.0,99.90260181503679
17312,true,0.6874597320912699,3,666.6666666666666,90.0,99.90260181503679
17344,true,0.7648438878763955,3,666.6666666666666,90.0,99.90260181503679
17378,true,0.8638782161754079,3,666.6666666666666,90.0,99.90260181503679
17412,true,0.9516728079912866,3,666.6666666666666,90.0,99.90260181503679
17446,true,1.02962612229652,3,666.6666666666666,90.0,99.90260181503679
17483,true,1.0211405222912617,3,666.6666666666666,90.0,99.90260181503679
17517,true,0.6394282449562638,3,666.6666666666666,90.0,99.90260181503679
17547,true,0.15332812838147447,3,666.6666666666666,90.0,99.90260181503679
17580,true,-0.12877310505675155,3,666.6666666666666,90.0,99.90260181503679
17620,true,-0.4282875971394162,3,666.6666666666666,90.0,99.90260181503679
17651,true,-0.6672349776679596,3,666.6666666666666,90.0,99.90260181503679
17681,true,-0.5473011977081512,3,666.6666666666666,90.0,99.90260181503679
17718,true,-0.32130163087373376,3,666.6666666666666,90.0,99.90260181503679
17750,true,-0.31226280387767247,3,666.6666666666666,90.0,99.90260181503679
17781,true,-0.33596009140561023,3,666.6666666666666,90.0,99.90260181503679
17816,true,-0.30533566578466775,3,666.6666666666666,90.0,99.90260181503679
17852,true,-0.2368897717213656,3,666.6666666666666,90.0,99.90260181503679
17880,true,-0.21936390529978667,2,666.6666666666666,90.0,99.90260181503679
17915,true,-0.2128845217087587,2,666.6666666666666,90.0,99.90260181503679
17944,true,-0.1611603173022047,2,666.6666666666666,90.0,99.90260181503679
17990,true,-0.10818842311519461,2,666.6666666666666,90.0,99.90260181503679
18013,true,-0.0816534628320369,2,666.6666666666666,90.0,99.90260181503679
18048,true,-0.019019937999104286,2,666.6666666666666,90.0,99.90260181503679
18079,true,0.06555118962674555,2,666.6666666666666,90.0,99.90260181503679
18113,true,0.1695405839554951,2,666.6666666666666,90.0,99.90260181503679
18186,true,0.21958265812813238,2,666.6666666666666,90.0,99.90260181503679
18217,true,0.2162031657235559,3,566.6666666666666,105.88235294117648,99.90260181503679
18240,true,0.16615614528222977,3,566.6666666666666,105.88235294117648,99.90260181503679
18282,true,0.052852373786407725,3,566.6666666666666,105.88235294117648,99.90260181503679
18310,true,-0.07468402299409149,3,566.6666666666666,105.88235294117648,99.90260181503679
18349,true,-0.20905352272782807,3,566.6666666666666,105.88235294117648,99.90260181503679
18384,true,-0.406513144246901,3,566.6666666666666,105.88235294117648,99.90260181503679
18412,true,-0.6195733079858599,3,566.6666666666666,105.88235294117648,99.90260181503679
18476,true,-0.7656070037336917,3,566.6666666666666,105.88235294117648,99.90260181503679
18511,true,-0.8774005882852407,3,566.6666666666666,105.88235294117648,99.90260181503679
18551,true,-0.9076359819616471,3,566.6666666666666,105.88235294117648,99.90260181503679
18576,true,-0.8182276000626985,3,566.6666666666666,105.88235294117648,99.90260181503679
18610,true,-0.6279933669656828,3,566.6666666666666,105.88235294117648,99.90260181503679
18648,true,-0.34283464128589003,3,566.6666666666666,105.88235294117648,99.90260181503679
18680,true,0.0062678332579366725,3,566.6666666666666,105.88235294117648,99.90260181503679
18713,true,0.42946380729927114,3,566.6666666666666,105.88235294117648,99.90260181503679
18754,true,0.9184675752309772,3,566.6666666666666,105.88235294117648,99.90260181503679
18779,true,1.3790313260549567,7,900.0,66.66666666666667,99.90260181503679
18805,true,1.7512867570512185,7,900.0,66.66666666666667,99.90260181503679
18842,true,1.7698504737299174,7,900.0,66.66666666666667,99.90260181503679
18881,true,1.6993439990358183,8,900.0,66.66666666666667,99.90260181503679
18919,true,1.6176515090437817,8,900.0,66.66666666666667,99.90260181503679
18941,true,1.5890378469893847,8,900.0,66.66666666666667,99.90260181503679
18977,true,1.571849668112236,8,900.0,66.66666666666667,99.90260181503679
19007,true,1.8484700544126724,8,900.0,66.66666666666667,99.90260181503679
19043,true,2.2357424978042104,8,900.0,66.66666666666667,99.90260181503679
19075,true,2.5956629235185744,8,900.0,66.66666666666667,99.90260181503679
19110,true,2.968870618563102,8,900.0,66.66666666666667,99.90260181503679
19142,true,3.3514460060353883,8,900.0,66.66666666666667,99.90260181503679
19179,true,3.666031583638528,8,900.0,66.66666666666667,99.90260181503679
19206,true,3.6957534306251887,8,900.0,66.66666666666667,99.90260181503679
19245,true,3.6994510723375527,9,900.0,66.66666666666667,99.90260181503679
19275,true,3.5652863401962236,9,900.0,66.66666666666667,99.90260181503679
19309,true,3.3313502645748088,9,900.0,66.66666666666667,99.90260181503679
19344,true,3.0985686024947086,9,900.0,66.66666666666667,99.90260181503679
19377,true,2.988161765238715,9,900.0,66.66666666666667,99.90260181503679
19411,true,2.9731364610535422,9,900.0,66.66666666666667,99.90260181503679
19446,true,3.1666308034718895,10,900.0,66.66666666666667,99.90260181503679
19474,true,3.497511127666769,10,900.0,66.66666666666667,99.90260181503679
19507,true,3.905686100777558,10,900.0,66.66666666666667,99.90260181503679
19541,true,4.343133121430213,10,900.0,66.66666666666667,99.90260181503679
19582,true,4.787683936092634,10,900.0,66.66666666666667,99.90260181503679
19606,true,5.1045001590542824,10,900.0,66.66666666666667,99.90260181503679
19646,true,5.347410608539036,8,900.0,66.66666666666667,99.90260181503679
19677,true,5.5985027826756095,8,900.0,66.66666666666667,99.90260181503679
19707,true,5.944412298171358,8,900.0,66.66666666666667,99.90260181503679
19741,true,6.214408248325412,8,900.0,66.66666666666667,99.90260181503679
19777,true,6.533321415955271,8,900.0,66.66666666666667,99.90260181503679
19810,true,6.933932151872398,8,900.0,66.66666666666667,99.90260181503679
19848,true,7.418796371267803,8,900.0,66.66666666666667,99.90260181503679
19885,true,8.13297319873243,8,900.0,66.66666666666667,99.90260181503679
19908,true,8.704059763181277,8,900.0,66.66666666666667,99.90260181503679
19939,true,9.242220249611165,8,900.0,66.66666666666667,99.90260181503679
19977,true,9.7456447043715,8,900.0,66.66666666666667,99.90260181503679
20010,true,10.087708685814476,8,900.0,66.66666666666667,99.90260181503679
20042,true,10.272932608049047,8,900.0,66.66666666666667,99.90260181503679
20075,true,10.676785813932526,8,900.0,66.66666666666667,99.90260181503679
20108,true,11.127823934296885,6,900.0,66.66666666666667,99.90260181503679
20139,true,11.524662446529106,2,900.0,66.66666666666667,99.90260181503679
20176,true,11.894663677347694,2,900.0,66.66666666666667,99.90260181503679
20211,true,12.100359001899307,1,833.3333333333334,72.0,99.90260181503679
20241,true,12.222619037404627,1,400.0,150.0,99.90260181503679
20316,true,12.386890780120325,1,400.0,150.0,99.90260181503679
20349,true,12.560148399142236,1,400.0,150.0,99.90260181503679
20378,true,12.80917010914925,1,400.0,150.0,99.90260181503679
20408,true,13.136850666510384,0,0.0,0.0,99.90260181503679
20442,true,13.4839880527214,0,0.0,0.0,99.90260181503679
20478,true,13.64958722799554,0,0.0,0.0,99.90260181503679
20508,true,13.726033271833757,0,0.0,0.0,99.90260181503679
20542,true,13.677331630683426,0,0.0,0.0,99.90260181503679
20575,true,13.477348891646812,0,0.0,0.0,99.90260181503679
20609,true,13.152661979076385,0,0.0,0.0,99.90260181503679
20641,true,12.836529464872939,0,0.0,0.0,99.90260181503679
20678,true,12.632880880598321,0,0.0,0.0,99.90260181503679
20709,true,12.495312724849356,0,0.0,0.0,99.90260181503679
20745,true,12.278850036237685,0,0.0,0.0,99.90260181503679
20773,true,11.947242957514874,0,0.0,0.0,99.90260181503679
20807,true,11.541384080801919,0,0.0,0.0,99.90260181503679
20841,true,11.083994981758792,0,0.0,0.0,99.90260181503679
20876,true,10.606471031360428,0,0.0,0.0,99.90260181503679
20912,true,10.252473857413293,0,0.0,0.0,99.90260181503679
20943,true,10.067771328878166,1,400.0,150.0,99.90260181503679
20973,true,9.948608762559672,1,400.0,150.0,99.90260181503679
21007,true,9.835571426191763,1,400.0,150.0,99.90260181503679
21043,true,9.73519279236433,1,400.0,150.0,99.90260181503679
21074,true,9.679813500601938,1,833.3333333333334,72.0,99.90260181503679
21106,true,9.591425772394388,1,833.3333333333334,72.0,99.90260181503679
21144,true,9.48676739357353,2,900.0,66.66666666666667,99.90260181503679
21179,true,9.383946843667985,2,900.0,66.66666666666667,99.90260181503679
21207,true,9.229858534198655,2,900.0,66.66666666666667,99.90260181503679
21238,true,9.052313527282905,2,900.0,66.66666666666667,99.90260181503679
21281,true,8.891890611915898,3,1333.3333333333333,45.0,99.90260181503679
21310,true,8.794289225416208,3,1333.3333333333333,45.0,99.90260181503679
21352,true,8.701627416918257,7,900.0,66.66666666666667,99.90260181503679
21372,true,8.658773636099454,6,900.0,66.66666666666667,99.90260181503679
21407,true,8.636746598295701,6,900.0,66.66666666666667,99.90260181503679
21449,true,8.617219698110574,6,900.0,66.66666666666667,99.90260181503679
21481,true,8.502613160129272,6,900.0,66.66666666666667,99.90260181503679
21574,true,7.978625997845114,6,900.0,66.66666666666667,99.90260181503679
21582,true,7.396219262220285,6,900.0,66.66666666666667,99.90260181503679
21608,true,6.724856494738191,6,900.0,66.66666666666667,99.90260181503679
21645,true,5.990980998510821,6,900.0,66.66666666666667,99.90260181503679
21673,true,5.3353936247285105,6,900.0,66.66666666666667,99.90260181503679
21708,true,4.981310472028213,6,900.0,66.66666666666667,99.90260181503679
21738,true,4.759537310655929,6,900.0,66.66666666666667,99.90260181503679
21775,true,4.702937181459703,6,900.0,66.66666666666667,99.90260181503679
21809,true,4.757738555990727,6,900.0,66.66666666666667,99.90260181503679
21842,true,4.769923287636999,6,900.0,66.66666666666667,99.90260181503679
21874,true,4.935014125688696,6,900.0,66.66666666666667,99.90260181503679
21912,true,5.091026682739596,6,900.0,66.66666666666667,99.90260181503679
21941,true,5.210046196383189,6,900.0,66.66666666666667,99.90260181503679
21973,true,5.495210996774716,6,900.0,66.66666666666667,99.90260181503679
22006,true,5.88772626371798,6,900.0,66.66666666666667,99.90260181503679
22041,true,6.321587066944403,6,900.0,66.66666666666667,99.90260181503679
22075,true,6.7279763995905455,6,900.0,66.66666666666667,99.90260181503679
22108,true,7.107581473825519,6,900.0,66.66666666666667,99.90260181503679
22139,true,7.321066423288414,6,900.0,66.66666666666667,99.90260181503679
22175,true,7.515781385247578,6,900.0,66.66666666666667,99.90260181503679
22206,true,7.644859065934696,6,900.0,66.66666666666667,99.90260181503679
22240,true,7.780306911301807,6,900.0,66.66666666666667,99.90260181503679
22273,true,7.808777716874545,6,900.0,66.66666666666667,99.90260181503679
22308,true,7.557091175977007,5,866.6666666666667,69.23076923076923,99.90260181503679
22340,true,6.860440717320927,5,866.6666666666667,69.23076923076923,99.90260181503679
22374,true,6.029182335906228,5,866.6666666666667,69.23076923076923,99.90260181503679
22405,true,5.204831952674397,5,866.6666666666667,69.23076923076923,99.90260181503679
22445,true,4.444097169761704,5,866.6666666666667,69.23076923076923,99.90260181503679
22481,true,4.018909729452247,5,866.6666666666667,69.23076923076923,99.90260181503679
22510,true,3.937033783148081,5,866.6666666666667,69.23076923076923,99.90260181503679
22599,true,3.971409870647875,5,866.6666666666667,69.23076923076923,99.90260181503679
22614,true,3.9649605536436354,5,866.6666666666667,69.23076923076923,99.90260181503679
22639,true,4.107983397159558,5,866.6666666666667,69.23076923076923,0.0
22675,true,4.153358743359519,5,866.6666666666667,69.23076923076923,0.0
22704,true,4.183942677302355,5,866.6666666666667,69.23076923076923,0.0
22742,true,4.187502280667246,5,866.6666666666667,69.23076923076923,0.0
22775,true,4.1280942021899705,5,866.6666666666667,69.23076923076923,0.0
22806,true,3.8451451158071848,5,866.6666666666667,69.23076923076923,0.0
22842,true,3.5199715314111586,5,866.6666666666667,69.23076923076923,0.0
22876,true,3.316760108285166,5,866.6666666666667,69.23076923076923,0.0
22911,true,3.2932882496477873,5,866.6666666666667,69.23076923076923,0.0
22942,true,3.4077551083405524,5,866.6666666666667,69.23076923076923,0.0
22972,true,3.560259768761796,5,866.6666666666667,69.23076923076923,0.0
23007,true,3.7246095869429894,5,866.6666666666667,69.23076923076923,0.0
23040,true,3.822389919265987,5,866.6666666666667,69.23076923076923,0.0
23074,true,3.7444079962085937,5,866.6666666666667,69.23076923076923,0.0
23105,true,3.3475760409410213,5,866.6666666666667,69.23076923076923,0.0
23146,true,2.8643412759720093,5,866.6666666666667,69.23076923076923,0.0
23172,true,2.3840787106923074,5,866.6666666666667,69.23076923076923,0.0
23207,true,1.7606575247388037,5,866.6666666666667,69.23076923076923,0.0
23240,true,1.288987203863428,4,866.6666666666667,69.23076923076923,0.0
23274,true,1.392858836943418,4,866.6666666666667,69.23076923076923,0.0
23307,true,1.573863325457097,4,866.6666666666667,69.23076923076923,0.0
23346,true,1.4940063560603392,4,866.6666666666667,69.23076923076923,0.0
23380,true,1.158586160504484,4,866.6666666666667,69.23076923076923,0.0
23407,true,0.6492187794617337,4,866.6666666666667,69.23076923076923,0.0
23441,true,-0.22124856018976402,4,866.6666666666667,69.23076923076923,0.0
23477,true,-1.1277938121376962,4,866.6666666666667,69.23076923076923,0.0
23511,true,-1.7634074555338373,4,866.6666666666667,69.23076923076923,0.0
23541,true,-2.067610287034597,4,866.6666666666667,69.23076923076923,0.0
23578,true,-2.318660363800035,4,866.6666666666667,69.23076923076923,0.0
23612,true,-2.5864494877939137,4,866.6666666666667,69.23076923076923,0.0
23643,true,-2.6846833720858285,4,866.6666666666667,69.23076923076923,0.0
23674,true,-2.642747937382353,4,866.6666666666667,69.23076923076923,0.0
23706,true,-2.433191424103029,4,866.6666666666667,69.23076923076923,0.0
23744,true,-2.053163623578456,4,866.6666666666667,69.23076923076923,0.0
23775,true,-1.4075002545775135,4,866.6666666666667,69.23076923076923,0.0
23813,true,-0.5785473202154208,4,866.6666666666667,69.23076923076923,0.0
23843,true,0.2329627807289114,4,866.6666666666667,69.23076923076923,0.0
23875,true,1.097817511281562,4,866.6666666666667,69.23076923076923,0.0
23909,true,1.7560918035966324,4,866.6666666666667,69.23076923076923,0.0
23940,true,1.8916908037634528,4,866.6666666666667,69.23076923076923,0.0
23972,true,1.873955926160022,5,866.6666666666667,69.23076923076923,0.0
24005,true,1.8433645622823462,5,866.6666666666667,69.23076923076923,0.0
24042,true,1.7300801003490562,5,866.6666666666667,69.23076923076923,0.0
24076,true,1.7497954726829335,5,866.6666666666667,69.23076923076923,0.0
24111,true,2.1609525910517675,5,866.6666666666667,69.23076923076923,0.0
24142,true,2.5424255608654107,4,900.0,66.66666666666667,0.0
24173,true,2.7098840279752494,4,900.0,66.66666666666667,0.0
24209,true,2.819448907559888,4,900.0,66.66666666666667,0.0
24244,true,2.8425542031814643,4,900.0,66.66666666666667,0.0
24274,true,2.7718935998668996,4,900.0,66.66666666666667,0.0
24308,true,2.5771069913499502,4,900.0,66.66666666666667,0.0
24344,true,2.523437249323365,4,900.0,66.66666666666667,0.0
24375,true,2.5300020215855454,4,900.0,66.66666666666667,0.0
24408,true,2.4887799863624878,4,900.0,66.66666666666667,0.0
24442,true,2.3980455611796856,4,900.0,66.66666666666667,0.0
24477,true,2.396583998914366,4,900.0,66.66666666666667,0.0
24508,true,2.480096099989254,4,900.0,66.66666666666667,0.0
24542,true,2.4973113020179483,4,900.0,66.66666666666667,0.0
24575,true,2.5384961027885993,4,900.0,66.66666666666667,0.0
24611,true,2.6438395555543366,4,900.0,66.66666666666667,0.0
24641,true,2.6026714163693896,4,900.0,66.66666666666667,0.0
24676,true,2.3859956866746472,4,900.0,66.66666666666667,0.0
24711,true,2.180231341240841,7,833.3333333333334,72.0,0.0
24745,true,1.8968841999569293,7,833.3333333333334,72.0,0.0
24776,true,1.578056180109911,7,833.3333333333334,72.0,0.0
24804,true,1.3644951933715674,7,833.3333333333334,72.0,0.0
24841,true,1.2580480623113317,7,833.3333333333334,72.0,0.0
24878,true,1.1447353002878344,7,833.3333333333334,72.0,0.0
24918,true,1.1539899760852848,7,833.3333333333334,72.0,0.0
24948,true,1.218390779016886,7,833.3333333333334,72.0,0.0
24974,true,1.2543346977836904,7,833.3333333333334,72.0,0.0
25007,true,1.2566317434023802,4,833.3333333333334,72.0,0.0
25040,true,1.257719873664712,4,833.3333333333334,72.0,0.0
25077,true,1.192531094329297,4,833.3333333333334,72.0,0.0
25105,true,1.0667146975716264,4,833.3333333333334,72.0,0.0
25144,true,0.9360815215019613,4,833.3333333333334,72.0,0.0
25173,true,0.8196195474377532,4,833.3333333333334,72.0,0.0
25206,true,0.7234242598452454,4,833.3333333333334,72.0,0.0
25238,true,0.6372727924172068,4,833.3333333333334,72.0,0.0
25274,true,0.5565198632823183,4,833.3333333333334,72.0,0.0
25307,true,0.50512603227412,4,833.3333333333334,72.0,0.0
25340,true,0.45988509655146004,4,833.3333333333334,72.0,0.0
25408,true,0.11920145179510655,4,833.3333333333334,72.0,0.0
25448,true,-0.2730981976053499,4,833.3333333333334,72.0,0.0
25472,true,-0.664806114964648,4,833.3333333333334,72.0,0.0
25509,true,-1.175350933831794,4,833.3333333333334,72.0,0.0
25541,true,-1.6310676962603736,4,833.3333333333334,72.0,0.0
25574,true,-1.4405586848415624,4,833.3333333333334,72.0,0.0
25615,true,-1.190272222964012,4,833.3333333333334,72.0,0.0
25640,true,-0.9118742079031961,4,833.3333333333334,72.0,0.0
25673,true,-0.508694007804138,4,833.3333333333334,72.0,0.0
25706,true,-0.15711265924110762,4,833.3333333333334,72.0,0.0
25740,true,-0.17674314195903662,5,700.0,85.71428571428571,0.0
25777,true,-0.1824751980523729,5,700.0,85.71428571428571,0.0
25806,true,-0.1835399015521375,5,700.0,85.71428571428571,0.0
25842,true,-0.17550775665529272,5,700.0,85.71428571428571,0.0
25877,true,-0.1499162706444963,5,700.0,85.71428571428571,0.0
25910,true,-0.11314863530000707,5,700.0,85.71428571428571,0.0
25943,true,-0.045817992715086575,4,700.0,85.71428571428571,0.0
25979,true,-0.2959082187382478,3,700.0,85.71428571428571,0.0
26011,true,-0.5488558661670879,3,700.0,85.71428571428571,0.0
26039,true,-0.7833983486651164,3,700.0,85.71428571428571,0.0
26077,true,-1.0093652247590228,3,700.0,85.71428571428571,0.0
26105,true,-1.2618077257480422,3,700.0,85.71428571428571,0.0
26143,true,-1.2674242114864285,3,700.0,85.71428571428571,0.0
26174,true,-1.3998760220636655,3,700.0,85.71428571428571,0.0
26204,true,-1.641807796625244,3,700.0,85.71428571428571,0.0
26238,true,-1.939523033022823,3,700.0,85.71428571428571,0.0
26275,true,-2.2308375369068756,3,700.0,85.71428571428571,0.0
26313,true,-2.1730727386471074,3,700.0,85.71428571428571,0.0
26338,true,-1.9939166422593928,3,700.0,85.71428571428571,0.0
26375,true,-1.7383106170835276,3,700.0,85.71428571428571,0.0
26404,true,-1.4251463777668505,3,700.0,85.71428571428571,0.0
26440,true,-1.1141009693240846,3,700.0,85.71428571428571,0.0
26472,true,-1.082048595339387,3,700.0,85.71428571428571,0.0
26506,true,-1.0092157546277747,3,700.0,85.71428571428571,0.0
26543,true,-0.9493701229526152,3,700.0,85.71428571428571,0.0
26577,true,-0.8784610358824239,3,700.0,85.71428571428571,0.0
26633,true,-0.8470230714463014,3,700.0,85.71428571428571,0.0
26644,true,-0.8103802163447256,3,700.0,85.71428571428571,0.0
26678,true,-0.8322833189446612,3,700.0,85.71428571428571,0.0
26708,true,-0.8562392650212303,3,700.0,85.71428571428571,0.0
26742,true,-0.8417222471315426,3,700.0,85.71428571428571,0.0
26778,true,-0.7873212955824442,3,700.0,85.71428571428571,0.0
26807,true,-0.7433930259836359,3,700.0,85.71428571428571,0.0
26848,true,-0.7180174985692247,3,700.0,85.71428571428571,0.0
26885,true,-0.6771285494890833,3,700.0,85.71428571428571,0.0
26913,true,-0.698413921206253,2,700.0,85.71428571428571,0.0
26946,true,-0.7275172180678737,2,700.0,85.71428571428571,0.0
26979,true,-0.8345245504096397,2,700.0,85.71428571428571,0.0
27007,true,-1.0893933804401001,2,700.0,85.71428571428571,0.0
27046,true,-1.7689286364878853,2,700.0,85.71428571428571,0.0
27075,true,-2.458940683107869,2,700.0,85.71428571428571,0.0
27114,true,-2.821650409762043,2,700.0,85.71428571428571,0.0
27142,true,-3.091011278435161,2,700.0,85.71428571428571,0.0
27175,true,-3.252787483696409,2,700.0,85.71428571428571,0.0
27208,true,-2.939587012985072,2,700.0,85.71428571428571,0.0
27245,true,-2.6344358767826748,2,700.0,85.71428571428571,0.0
27274,true,-2.647316739913947,2,700.0,85.71428571428571,0.0
27316,true,-2.64149565725657,2,700.0,85.71428571428571,0.0
27350,true,-2.5674574764595093,2,700.0,85.71428571428571,0.0
27380,true,-2.5466785305437725,2,700.0,85.71428571428571,0.0
27409,true,-2.512217914253881,2,700.0,85.71428571428571,0.0
27442,true,-2.486428090923397,2,700.0,85.71428571428571,0.0
27476,true,-2.48358020588509,2,700.0,85.71428571428571,0.0
27510,true,-2.4728653493395427,2,700.0,85.71428571428571,0.0
27541,true,-2.443785812919913,2,700.0,85.71428571428571,0.0
27581,true,-2.390635247538114,2,700.0,85.71428571428571,0.0
27615,true,-2.3327886451146753,1,633.3333333333333,94.73684210526316,0.0
27654,true,-2.259671002968645,1,633.3333333333333,94.73684210526316,0.0
27681,true,-2.1787812944588723,1,633.3333333333333,94.73684210526316,0.0
27706,true,-2.0445430660988677,1,633.3333333333333,94.73684210526316,0.0
27745,true,-1.9252525278637052,1,633.3333333333333,94.73684210526316,0.0
27779,true,-1.8861140916201862,1,633.3333333333333,94.73684210526316,0.0
27813,true,-2.070208736990139,2,633.3333333333333,94.73684210526316,0.0
27841,true,-2.3728954438741425,2,633.3333333333333,94.73684210526316,0.0
27876,true,-2.762415846444526,2,633.3333333333333,94.73684210526316,0.0
27906,true,-3.2628011999867113,2,633.3333333333333,94.73684210526316,0.0
27943,true,-3.6566179769337452,2,633.3333333333333,94.73684210526316,0.0
27974,true,-3.8587456441782706,2,633.3333333333333,94.73684210526316,0.0
28007,true,-3.914438903079059,2,633.3333333333333,94.73684210526316,0.0
28042,true,-3.931687644416172,2,633.3333333333333,94.73684210526316,0.0
28080,true,-3.851027042481263,2,633.3333333333333,94.73684210526316,0.0
28117,true,-3.797682383409011,2,633.3333333333333,94.73684210526316,0.0
28144,true,-3.734660564151625,2,633.3333333333333,94.73684210526316,0.0
28186,true,-3.662864705576453,2,633.3333333333333,94.73684210526316,0.0
28215,true,-3.6064044991962874,2,633.3333333333333,94.73684210526316,0.0
28246,true,-3.514668552344574,2,633.3333333333333,94.73684210526316,0.0
28278,true,-3.411490181400609,2,633.3333333333333,94.73684210526316,0.0
28308,true,-3.35542991834717,5,400.0,150.0,0.0
28343,true,-3.323644380401106,5,400.0,150.0,0.0
28384,true,-3.2925585369329724,5,400.0,150.0,0.0
28416,true,-3.2856856013625304,5,400.0,150.0,0.0
28448,true,-3.230998779165418,5,400.0,150.0,0.0
28478,true,-3.109907862051301,5,400.0,150.0,0.0
28511,true,-2.996885701848271,5,400.0,150.0,0.0
28546,true,-2.8819263672977513,5,400.0,150.0,0.0
28576,true,-2.9075727912590708,5,400.0,150.0,0.0
28605,true,-3.1708873260821804,5,400.0,150.0,0.0
28661,true,-3.5173704011107247,5,400.0,150.0,0.0
28673,true,-3.9204002099461377,5,400.0,150.0,0.0
28709,true,-4.3928086947132385,5,400.0,150.0,0.0
28744,true,-4.6805256246652505,5,400.0,150.0,0.0
28781,true,-4.822219772245319,5,400.0,150.0,0.0
28809,true,-4.889090584628121,5,400.0,150.0,0.0
28846,true,-4.928892185583521,5,400.0,150.0,0.0
28878,true,-4.895983351076808,4,900.0,66.66666666666667,0.0
28912,true,-4.880864172685676,4,900.0,66.66666666666667,0.0
28944,true,-4.8425827507413715,4,900.0,66.66666666666667,0.0
28977,true,-4.770381404217375,4,900.0,66.66666666666667,0.0
29009,true,-4.684491968291127,4,900.0,66.66666666666667,0.0
29049,true,-4.590311189285046,4,900.0,66.66666666666667,0.0
29078,true,-4.507095856654871,4,900.0,66.66666666666667,0.0
29110,true,-4.389401880566396,4,900.0,66.66666666666667,0.0
29140,true,-4.304672719236862,4,900.0,66.66666666666667,0.0
29175,true,-4.181301753467579,4,900.0,66.66666666666667,0.0
29207,true,-4.047046831908375,4,900.0,66.66666666666667,0.0
29244,true,-3.8512297780291362,4,900.0,66.66666666666667,0.0
29277,true,-3.6398388151066285,4,900.0,66.66666666666667,0.0
29315,true,-3.4623267592239984,4,900.0,66.66666666666667,0.0
29346,true,-3.336429672987151,1,1733.3333333333335,34.61538461538461,0.0
29384,true,-3.4017001888382765,1,1733.3333333333335,34.61538461538461,0.0
29408,true,-3.7285398685425264,1,1733.3333333333335,34.61538461538461,0.0
29446,true,-4.137072860041343,1,1733.3333333333335,34.61538461538461,0.0
29475,true,-4.533556131461523,1,1733.3333333333335,34.61538461538461,0.0
29509,true,-4.986807662627541,1,1733.3333333333335,34.61538461538461,0.0
29540,true,-5.26812495789963,1,1733.3333333333335,34.61538461538461,0.0
29576,true,-5.47486971408631,1,1733.3333333333335,34.61538461538461,0.0
29611,true,-5.614377753863636,1,1733.3333333333335,34.61538461538461,0.0
29644,true,-5.665003669199621,1,1733.3333333333335,34.61538461538461,0.0
29677,true,-5.627367521746578,1,1733.3333333333335,34.61538461538461,0.0
29706,true,-5.587853676932951,1,1733.3333333333335,34.61538461538461,0.0
29741,true,-5.439066006124591,1,1733.3333333333335,34.61538461538461,0.0
29777,true,-5.3356974250682185,1,1733.3333333333335,34.61538461538461,0.0
29806,true,-5.30009820512322,1,1733.3333333333335,34.61538461538461,0.0
29850,true,-5.27469371944369,1,1733.3333333333335,34.61538461538461,0.0
29885,true,-5.235775655654265,1,1733.3333333333335,34.61538461538461,0.0
29916,true,-5.151493635130237,1,1733.3333333333335,34.61538461538461,0.0
29950,true,-5.026837895663505,1,1733.3333333333335,34.61538461538461,0.0
29976,true,-4.868241161638707,1,1733.3333333333335,34.61538461538461,0.0
30005,true,-4.6970315180461455,1,1733.3333333333335,34.61538461538461,0.0
30049,true,-4.487743659611141,1,1733.3333333333335,34.61538461538461,0.0
30079,true,-4.283741464071284,1,1733.3333333333335,34.61538461538461,0.0
30114,true,-4.109331285814591,1,1733.3333333333335,34.61538461538461,0.0
30154,true,-4.176161378228301,1,1733.3333333333335,34.61538461538461,0.0
30191,true,-4.390011754193182,1,1733.3333333333335,34.61538461538461,0.0
30207,true,-4.671298861509882,1,1733.3333333333335,34.61538461538461,0.0
30242,true,-5.040511201598804,1,1733.3333333333335,34.61538461538461,0.0
30274,true,-5.413530322703792,1,1733.3333333333335,34.61538461538461,0.0
30318,true,-5.649698090304042,1,1733.3333333333335,34.61538461538461,0.0
30350,true,-5.7259764341739015,1,1733.3333333333335,34.61538461538461,0.0
30377,true,-5.793276470117746,1,1733.3333333333335,34.61538461538461,0.0
30409,true,-5.766528911570845,1,1733.3333333333335,34.61538461538461,0.0
30448,true,-5.720831895089475,1,1733.3333333333335,34.61538461538461,0.0
30478,true,-5.61683337500358,1,1733.3333333333335,34.61538461538461,0.0
30515,true,-5.5301222323772095,1,1733.3333333333335,34.61538461538461,0.0
30542,true,-5.449467588779527,1,1733.3333333333335,34.61538461538461,0.0
30582,true,-5.379970100821225,4,433.33333333333337,138.46153846153845,0.0
30610,true,-5.296770236043756,4,433.33333333333337,138.46153846153845,0.0
30643,true,-5.176241215302667,4,433.33333333333337,138.46153846153845,0.0
30700,true,-5.037666883728946,4,433.33333333333337,138.46153846153845,0.0
30709,true,-4.8666467392786785,4,433.33333333333337,138.46153846153845,0.0
30743,true,-4.6979038988114326,4,433.33333333333337,138.46153846153845,0.0
30778,true,-4.513242558468903,4,433.33333333333337,138.46153846153845,0.0
30808,true,-4.328623766571667,4,433.33333333333337,138.46153846153845,0.0
30844,true,-4.145856078992182,4,433.33333333333337,138.46153846153845,0.0
30874,true,-4.138112722552819,4,433.33333333333337,138.46153846153845,0.0
30917,true,-4.336687850311563,4,433.33333333333337,138.46153846153845,0.0
30951,true,-4.619569402555811,4,433.33333333333337,138.46153846153845,0.0
30985,true,-4.961893099816422,4,433.33333333333337,138.46153846153845,0.0
31011,true,-5.34580358867035,4,433.33333333333337,138.46153846153845,0.0
31045,true,-5.682821694901548,4,433.33333333333337,138.46153846153845,0.0
31077,true,-5.793182034416645,4,433.33333333333337,138.46153846153845,0.0
31114,true,-5.835880000180083,4,433.33333333333337,138.46153846153845,0.0
31142,true,-5.819453750745737,4,433.33333333333337,138.46153846153845,0.0
31182,true,-5.780995426746273,4,433.33333333333337,138.46153846153845,0.0
31212,true,-5.643544780052196,4,433.33333333333337,138.46153846153845,0.0
31250,true,-5.544582161417139,4,433.33333333333337,138.46153846153845,0.0
31278,true,-5.468264944699712,4,433.33333333333337,138.46153846153845,0.0
31313,true,-5.4067210111520865,4,433.33333333333337,138.46153846153845,0.0
31342,true,-5.344053269455117,4,433.33333333333337,138.46153846153845,0.0
31378,true,-5.248682090767971,4,433.33333333333337,138.46153846153845,0.0
31416,true,-5.115032777472038,4,433.33333333333337,138.46153846153845,0.0
31447,true,-4.933113835313918,4,433.33333333333337,138.46153846153845,0.0
31486,true,-4.7321804742514075,4,433.33333333333337,138.46153846153845,0.0
31517,true,-4.555348871983426,4,433.33333333333337,138.46153846153845,0.0
31557,true,-4.386378303269964,4,433.33333333333337,138.46153846153845,0.0
31577,true,-4.178679244869329,4,433.33333333333337,138.46153846153845,0.0
31605,true,-4.002952626751039,4,433.33333333333337,138.46153846153845,0.0
31642,true,-3.9229981675578927,4,433.33333333333337,138.46153846153845,0.0
31674,true,-4.040101642385963,4,433.33333333333337,138.46153846153845,0.0
31710,true,-4.251034423347164,4,433.33333333333337,138.46153846153845,0.0
31741,true,-4.574421408451627,4,433.33333333333337,138.46153846153845,0.0
31773,true,-5.047321389400622,4,433.33333333333337,138.46153846153845,0.0
31809,true,-5.447620377401876,4,433.33333333333337,138.46153846153845,0.0
31844,true,-5.629479069244439,4,433.33333333333337,138.46153846153845,0.0
31886,true,-5.714498662572254,4,433.33333333333337,138.46153846153845,0.0
31918,true,-5.476565522748672,4,433.33333333333337,138.46153846153845,0.0
31941,true,-5.083627218637901,4,433.33333333333337,138.46153846153845,0.0
31982,true,-4.700125141708696,4,433.33333333333337,138.46153846153845,0.0
32011,true,-4.330591854221609,4,433.33333333333337,138.46153846153845,0.0
32045,true,-4.308171608829298,4,433.33333333333337,138.46153846153845,0.0
32079,true,-4.576206084548716,5,400.0,150.0,0.0
32110,true,-4.867385878003972,5,400.0,150.0,0.0
32141,true,-5.142463114596751,5,400.0,150.0,0.0
32178,true,-5.36929804716172,5,400.0,150.0,0.0
32216,true,-5.231702468415193,5,400.0,150.0,0.0
32244,true,-5.001374152701118,5,400.0,150.0,0.0
32274,true,-4.749099051175307,5,400.0,150.0,0.0
32316,true,-4.474008033168275,6,366.66666666666663,163.63636363636365,0.0
32343,true,-4.222737951982879,6,366.66666666666663,163.63636363636365,0.0
32377,true,-3.9519773175565263,6,366.66666666666663,163.63636363636365,0.0
32406,true,-3.7645242890789348,6,366.66666666666663,163.63636363636365,0.0
32441,true,-3.6591717768128262,6,366.66666666666663,163.63636363636365,0.0
32477,true,-3.7982938597995997,7,366.66666666666663,163.63636363636365,0.0
32515,true,-3.980839060928986,7,366.66666666666663,163.63636363636365,0.0
32542,true,-4.3021817163414084,7,366.66666666666663,163.63636363636365,0.0
32576,true,-4.6899555859304485,7,366.66666666666663,163.63636363636365,0.0
32616,true,-5.008351489869966,7,366.66666666666663,163.63636363636365,0.0
32648,true,-4.895718231577547,7,366.66666666666663,163.63636363636365,0.0
32676,true,-4.727915664466309,7,366.66666666666663,163.63636363636365,0.0
32720,true,-4.495529311078172,7,366.66666666666663,163.63636363636365,0.0
32740,true,-4.185584839022141,8,800.0,75.0,0.0
32777,true,-3.8297955381379154,8,800.0,75.0,0.0
32804,true,-3.7017155870452996,8,800.0,75.0,0.0
32843,true,-3.6551525879684164,8,800.0,75.0,0.0
32871,true,-3.5981958657499433,8,800.0,75.0,0.0
32906,true,-3.5644447846967466,8,800.0,75.0,0.0
32940,true,-3.5605939439141423,8,800.0,75.0,0.0
32982,true,-3.524510769980509,8,800.0,75.0,0.0
33013,true,-3.4020788313205514,8,800.0,75.0,0.0
33045,true,-3.224455593433788,4,533.3333333333334,112.49999999999999,0.0
33081,true,-3.0161693374492415,4,533.3333333333334,112.49999999999999,0.0
33107,true,-2.792735090403255,4,533.3333333333334,112.49999999999999,0.0
33142,true,-2.581947214995182,4,533.3333333333334,112.49999999999999,0.0
33176,true,-2.664576453316073,4,533.3333333333334,112.49999999999999,0.0
33206,true,-2.777460598495537,4,533.3333333333334,112.49999999999999,0.0
33243,true,-2.9824027891812364,4,533.3333333333334,112.49999999999999,0.0
33273,true,-3.4458529175612114,4,533.3333333333334,112.49999999999999,0.0
33315,true,-3.974931105365499,5,400.0,150.0,0.0
33342,true,-4.28075535151828,5,400.0,150.0,0.0
33378,true,-4.676711456268066,5,400.0,150.0,0.0
33415,true,-5.02572566013049,5,400.0,150.0,0.0
33449,true,-4.903256166799423,5,400.0,150.0,0.0
33478,true,-4.705669457596713,5,400.0,150.0,0.0
33517,true,-4.458734463167076,5,400.0,150.0,0.0
33540,true,-4.1297755151015,5,400.0,150.0,0.0
33577,true,-3.8498209605291436,5,400.0,150.0,0.0
33609,true,-3.83859928446239,5,400.0,150.0,0.0
33643,true,-3.815063519277487,5,400.0,150.0,0.0
33676,true,-3.793852614581141,5,400.0,150.0,0.0
33707,true,-3.7785029688700433,5,400.0,150.0,0.0
33739,true,-3.6874436641954276,5,400.0,150.0,0.0
33775,true,-3.537904704262928,5,400.0,150.0,0.0
33810,true,-3.3908115492188244,5,400.0,150.0,0.0
33845,true,-3.200640922088013,5,400.0,150.0,0.0
33877,true,-2.9941822634262962,5,400.0,150.0,0.0
33916,true,-2.810681797333018,5,400.0,150.0,0.0
33944,true,-2.6385657471137165,5,400.0,150.0,0.0
33970,true,-2.471563567994565,5,400.0,150.0,0.0
34010,true,-2.3148825450367383,5,400.0,150.0,0.0
34043,true,-2.461779318126446,5,400.0,150.0,0.0
34074,true,-2.6667884657557295,5,400.0,150.0,0.0
34110,true,-3.0430015595628106,5,400.0,150.0,0.0
34150,true,-3.556488139598656,5,400.0,150.0,0.0
34179,true,-4.162293051527854,5,400.0,150.0,0.0
34214,true,-4.520911411535138,5,400.0,150.0,0.0
34241,true,-4.622883362026954,4,400.0,150.0,0.0
34270,true,-4.567483656943182,4,400.0,150.0,0.0
34318,true,-4.423372481609675,4,400.0,150.0,0.0
34343,true,-4.182298279890972,4,400.0,150.0,0.0
34375,true,-3.909771404791286,4,400.0,150.0,0.0
34409,true,-3.8257958091009243,4,400.0,150.0,0.0
34449,true,-3.747494448266764,4,400.0,150.0,0.0
34473,true,-3.665581907057458,4,400.0,150.0,0.0
34506,true,-3.618120504936229,4,400.0,150.0,0.0
34542,true,-3.5607116974505004,4,400.0,150.0,0.0
34577,true,-3.5049656226720174,4,400.0,150.0,0.0
34607,true,-3.42717732834501,9,766.6666666666667,78.26086956521738,0.0
34645,true,-3.304367972118115,9,766.6666666666667,78.26086956521738,0.0
34680,true,-3.1597009532280254,9,766.6666666666667,78.26086956521738,0.0
34715,true,-2.9153775919186558,9,766.6666666666667,78.26086956521738,0.0
34753,true,-2.648384650235954,9,766.6666666666667,78.26086956521738,0.0
34774,true,-2.3420734684930835,9,766.6666666666667,78.26086956521738,0.0
34807,true,-2.0149257361015884,9,766.6666666666667,78.26086956521738,0.0
34842,true,-1.5920460167792783,9,766.6666666666667,78.26086956521738,0.0
34878,true,-1.0427883874231725,9,766.6666666666667,78.26086956521738,0.0
34911,true,-0.6382677146020228,9,766.6666666666667,78.26086956521738,0.0
34948,true,-0.7709381995430249,10,800.0,75.0,0.0
34986,true,-0.9802584799844567,10,800.0,75.0,0.0
35005,true,-1.481002350647799,10,800.0,75.0,0.0
35039,true,-1.964625827296743,9,766.6666666666667,78.26086956521738,0.0
35073,true,-2.2455675430991278,9,766.6666666666667,78.26086956521738,0.0
35107,true,-2.0212362786804476,9,766.6666666666667,78.26086956521738,0.0
35138,true,-1.6720754654363077,9,766.6666666666667,78.26086956521738,0.0
35175,true,-1.0806128807080597,9,766.6666666666667,78.26086956521738,0.0
35211,true,-0.6975565316162715,9,766.6666666666667,78.26086956521738,0.0
35242,true,-0.3680128107332621,9,766.6666666666667,78.26086956521738,0.0
35270,true,-0.012971422325705362,9,766.6666666666667,78.26086956521738,0.0
35307,true,0.3805873593012734,10,800.0,75.0,0.0
35338,true,0.7181349377979416,10,800.0,75.0,0.0
35376,true,0.9790244355075686,10,800.0,75.0,0.0
35405,true,1.184938727124603,10,800.0,75.0,0.0
35443,true,1.4447998615203517,10,800.0,75.0,0.0
35473,true,1.5956059048845361,10,800.0,75.0,0.0
35510,true,1.7836121365104134,10,800.0,75.0,0.0
35539,true,1.9256690220186954,10,800.0,75.0,0.0
35581,true,1.4245541255268108,11,766.6666666666667,78.26086956521738,0.0
35610,true,0.8016211538314906,11,766.6666666666667,78.26086956521738,0.0
35648,true,0.6480564922989913,11,766.6666666666667,78.26086956521738,0.0
35675,true,0.5398540707558652,11,766.6666666666667,78.26086956521738,0.0
35707,true,0.5120398866204994,11,766.6666666666667,78.26086956521738,0.0
35737,true,1.005143860956764,11,766.6666666666667,78.26086956521738,0.0
35776,true,1.1524752482537224,11,766.6666666666667,78.26086956521738,0.0
35809,true,0.7888849661611061,11,766.6666666666667,78.26086956521738,0.0
35843,true,0.3294497072427589,11,766.6666666666667,78.26086956521738,0.0
35876,true,-0.27324496506747664,11,766.6666666666667,78.26086956521738,0.0
35916,true,-1.0699957536540978,9,766.6666666666667,78.26086956521738,0.0
35937,true,-1.6356272838529833,9,766.6666666666667,78.26086956521738,0.0
35975,true,-2.3154870093546833,9,766.6666666666667,78.26086956521738,0.0
36005,true,-3.004940541729553,9,766.6666666666667,78.26086956521738,0.0
36054,true,-3.6487614914472886,9,766.6666666666667,78.26086956521738,0.0
36073,true,-3.909726280244115,9,766.6666666666667,78.26086956521738,0.0
36105,true,-3.7896217528941065,9,766.6666666666667,78.26086956521738,0.0
36140,true,-3.5074952642214328,9,766.6666666666667,78.26086956521738,0.0
36179,true,-3.180795795791596,9,766.6666666666667,78.26086956521738,0.0
36212,true,-2.752700758846288,9,766.6666666666667,78.26086956521738,0.0
36241,true,-2.3005959343902305,9,766.6666666666667,78.26086956521738,0.0
36277,true,-2.1336200636092713,9,766.6666666666667,78.26086956521738,0.0
36308,true,-2.0239484672395065,9,766.6666666666667,78.26086956521738,0.0
36338,true,-1.9440964082671144,9,766.6666666666667,78.26086956521738,0.0
36374,true,-1.8365816137669526,9,766.6666666666667,78.26086956521738,0.0
36402,true,-1.751179443348633,9,766.6666666666667,78.26086956521738,0.0
36444,true,-1.6045402158882212,9,766.6666666666667,78.26086956521738,0.0
36482,true,-1.4048744200118222,9,766.6666666666667,78.26086956521738,0.0
36513,true,-1.2303435087845003,9,766.6666666666667,78.26086956521738,0.0
36542,true,-1.0651083905742382,9,766.6666666666667,78.26086956521738,0.0
36575,true,-0.7976885837783811,9,766.6666666666667,78.26086956521738,0.0
36607,true,-0.5028741508650967,9,766.6666666666667,78.26086956521738,0.0
36644,true,-0.5146483118947174,9,766.6666666666667,78.26086956521738,0.0
36674,true,-0.4713836378001872,9,766.6666666666667,78.26086956521738,0.0
36707,true,-0.39524902283420715,9,766.6666666666667,78.26086956521738,0.0
36739,true,-0.4913730103249918,9,766.6666666666667,78.26086956521738,0.0
36775,true,-0.6854508038072993,9,766.6666666666667,78.26086956521738,0.0
36817,true,-0.7379890311894428,9,766.6666666666667,78.26086956521738,0.0
36854,true,-0.9876470181989703,5,766.6666666666667,78.26086956521738,0.0
36868,true,-1.3751950211627673,5,766.6666666666667,78.26086956521738,0.0
36908,true,-1.8208649662095695,5,766.6666666666667,78.26086956521738,0.0
36943,true,-2.2014091648610474,5,766.6666666666667,78.26086956521738,0.0
36979,true,-2.1655466557256773,5,766.6666666666667,78.26086956521738,0.0
37016,true,-1.9466000990063037,5,766.6666666666667,78.26086956521738,0.0
37044,true,-1.7089836016146194,5,766.6666666666667,78.26086956521738,0.0
37110,true,-1.2303986496369816,5,766.6666666666667,78.26086956521738,0.0
37147,true,-0.7943065387166541,5,766.6666666666667,78.26086956521738,0.0
37170,true,-0.6676827385060449,5,766.6666666666667,78.26086956521738,0.0
37205,true,-0.571222477824648,5,766.6666666666667,78.26086956521738,0.0
37236,true,-0.428379877030153,5,766.6666666666667,78.26086956521738,0.0
37276,true,-0.3735806460251183,5,766.6666666666667,78.26086956521738,0.0
37309,true,-0.28168277756753923,5,766.6666666666667,78.26086956521738,0.0
37347,true,-0.15741407251542228,5,766.6666666666667,78.26086956521738,0.0
37374,true,0.020536682794642047,5,766.6666666666667,78.26086956521738,0.0
37409,true,-0.05484845862255838,10,766.6666666666667,78.26086956521738,0.0
37444,true,-0.18653422817905607,10,766.6666666666667,78.26086956521738,0.0
37479,true,-0.23979373763646095,10,766.6666666666667,78.26086956521738,0.0
37511,true,-0.28100145644549457,10,766.6666666666667,78.26086956521738,0.0
37551,true,-0.35317891097463416,10,766.6666666666667,78.26086956521738,0.0
37574,true,-0.12983466812673328,10,766.6666666666667,78.26086956521738,0.0
37609,true,0.10698779383000101,10,766.6666666666667,78.26086956521738,0.0
37643,true,0.23145431072467204,10,766.6666666666667,78.26086956521738,0.0
37681,true,0.3703055871477545,10,766.6666666666667,78.26086956521738,0.0
37705,true,0.556643059719903,10,766.6666666666667,78.26086956521738,0.0
37741,true,0.7198826010588277,10,766.6666666666667,78.26086956521738,0.0
37798,true,0.6340545878148873,9,766.6666666666667,78.26086956521738,0.0
37813,true,0.44583778931064444,9,766.6666666666667,78.26086956521738,0.0
37846,true,0.11398839677431738,9,766.6666666666667,78.26086956521738,0.0
37874,true,-0.3677757549481271,9,766.6666666666667,78.26086956521738,0.0
37950,true,-0.828132063932685,9,766.6666666666667,78.26086956521738,0.0
37983,true,-1.0855597342803947,9,766.6666666666667,78.26086956521738,0.0
38047,true,-1.1298876414494714,9,766.6666666666667,78.26086956521738,0.0
38078,true,-1.069790844561794,9,766.6666666666667,78.26086956521738,0.0
38148,true,-0.9469248719880454,9,766.6666666666667,78.26086956521738,0.0
38180,true,-0.8706184639736421,9,766.6666666666667,78.26086956521738,0.0
38252,true,-0.7357216497651109,9,766.6666666666667,78.26086956521738,0.0
38274,true,-0.6555845044587443,9,766.6666666666667,78.26086956521738,0.0
38354,true,-0.5250284893521098,9,766.6666666666667,78.26086956521738,0.0
38381,true,-0.3409906972216561,9,766.6666666666667,78.26086956521738,0.0
38406,true,-0.11676094199026466,9,766.6666666666667,78.26086956521738,0.0
38440,true,0.09448104049630501,9,766.6666666666667,78.26086956521738,0.0
38478,true,0.27934168710896756,9,766.6666666666667,78.26086956521738,0.0
38508,true,0.4965416977718462,9,766.6666666666667,78.26086956521738,0.0
38538,true,0.6892606864915365,9,766.6666666666667,78.26086956521738,0.0
38575,true,0.8860298722416928,9,766.6666666666667,78.26086956521738,0.0
38607,true,1.101990978185455,9,766.6666666666667,78.26086956521738,0.0
38650,true,1.3073855004925008,9,766.6666666666667,78.26086956521738,0.0
38671,true,1.1946241287531336,10,766.6666666666667,78.26086956521738,0.0
38703,true,0.9514192006152484,8,766.6666666666667,78.26086956521738,0.0
38741,true,0.5921350655954996,8,766.6666666666667,78.26086956521738,0.0
38775,true,0.11691259825599332,8,766.6666666666667,78.26086956521738,0.0
38809,true,-0.3479025496021393,8,766.6666666666667,78.26086956521738,0.0
38842,true,-0.6595093464963497,8,766.6666666666667,78.26086956521738,0.0
38877,true,-0.8176763858789116,8,766.6666666666667,78.26086956521738,0.0
38909,true,-0.8231129295398318,8,766.6666666666667,78.26086956521738,0.0
38942,true,-0.6991303691807786,8,766.6666666666667,78.26086956521738,0.0
38972,true,-0.5751590070676116,8,766.6666666666667,78.26086956521738,0.0
39011,true,-0.3742464891953716,8,766.6666666666667,78.26086956521738,0.0
39042,true,-0.2094055109415649,8,766.6666666666667,78.26086956521738,0.0
39072,true,-0.13102072306955392,8,766.6666666666667,78.26086956521738,0.0
39108,true,-0.12151928820259172,8,766.6666666666667,78.26086956521738,0.0
39157,true,-0.09642385864430025,8,766.6666666666667,78.26086956521738,0.0
39172,true,-0.06302957030854373,8,766.6666666666667,78.26086956521738,0.0
39206,true,-0.018646477514266735,8,766.6666666666667,78.26086956521738,0.0
39244,true,0.09653028381418949,8,766.6666666666667,78.26086956521738,0.0
39277,true,0.2759946502218611,8,766.6666666666667,78.26086956521738,0.0
39307,true,0.48401591597186666,8,766.6666666666667,78.26086956521738,0.0
39341,true,0.7218505273407345,8,766.6666666666667,78.26086956521738,0.0
39377,true,0.9908222762629748,8,766.6666666666667,78.26086956521738,0.0
39404,true,1.2138618783388608,8,766.6666666666667,78.26086956521738,0.0
39448,true,1.4483067454182503,8,766.6666666666667,78.26086956521738,0.0
39472,true,1.6272569787013538,8,766.6666666666667,78.26086956521738,0.0
39509,true,1.7456164913308498,8,766.6666666666667,78.26086956521738,0.0
39547,true,1.8289148530092234,8,766.6666666666667,78.26086956521738,0.0
39575,true,1.8745052080820983,8,766.6666666666667,78.26086956521738,0.0
39610,true,1.5881833792259101,9,766.6666666666667,78.26086956521738,0.0
39648,true,1.2335154831109492,9,766.6666666666667,78.26086956521738,0.0
39672,true,0.8611576499341993,9,766.6666666666667,78.26086956521738,0.0
39755,true,0.40584182425422455,9,766.6666666666667,78.26086956521738,0.0
39773,true,0.016341662330518147,9,766.6666666666667,78.26086956521738,0.0
39823,true,-0.1876269353278417,9,766.6666666666667,78.26086956521738,0.0
39845,true,-0.2696536348440475,9,766.6666666666667,78.26086956521738,0.0
39873,true,-0.20695672773399565,9,766.6666666666667,78.26086956521738,0.0
39909,true,-0.0918609867714224,9,766.6666666666667,78.26086956521738,0.0
39943,true,-0.060525187859610696,9,766.6666666666667,78.26086956521738,0.0
39978,true,0.05333938170221586,9,766.6666666666667,78.26086956521738,0.0
40013,true,0.10430537510441695,9,766.6666666666667,78.26086956521738,0.0
40041,true,0.0523667778496133,9,766.6666666666667,78.26086956521738,0.0
40077,true,0.04998451826591577,9,766.6666666666667,78.26086956521738,0.0
40112,true,0.12105837740907077,9,766.6666666666667,78.26086956521738,0.0
40148,true,0.22376071462750247,9,766.6666666666667,78.26086956521738,0.0
40173,true,0.35685973011041483,9,766.6666666666667,78.26086956521738,0.0
40206,true,0.5596193463357224,9,766.6666666666667,78.26086956521738,0.0
40251,true,0.7755499788728457,9,766.6666666666667,78.26086956521738,0.0
40276,true,1.0268664308929658,9,766.6666666666667,78.26086956521738,0.0
40315,true,1.2795280706326935,8,766.6666666666667,78.26086956521738,0.0
40347,true,1.5433297973800393,8,766.6666666666667,78.26086956521738,0.0
40409,true,1.754338775281326,8,766.6666666666667,78.26086956521738,0.0
40446,true,1.889486928251074,8,766.6666666666667,78.26086956521738,0.0
40475,true,1.9649003879390818,8,766.6666666666667,78.26086956521738,0.0
40507,true,1.9875111735242967,8,766.6666666666667,78.26086956521738,0.0
40544,true,1.7038297441038424,8,766.6666666666667,78.26086956521738,0.0
40576,true,1.3251283466207724,8,766.6666666666667,78.26086956521738,0.0
40608,true,0.9316594532924682,8,766.6666666666667,78.26086956521738,0.0
40647,true,0.4528857593811324,8,766.6666666666667,78.26086956521738,0.0
40669,true,0.0279954573091743,8,766.6666666666667,78.26086956521738,0.0
40707,true,-0.21572982133287155,8,766.6666666666667,78.26086956521738,0.0
40739,true,-0.34114179662839206,8,766.6666666666667,78.26086956521738,0.0
40772,true,-0.3499490290358551,8,766.6666666666667,78.26086956521738,0.0
40805,true,-0.22582737887148596,8,766.6666666666667,78.26086956521738,0.0
40842,true,-0.10844775055048217,8,766.6666666666667,78.26086956521738,0.0
40872,true,0.06583158189789629,8,766.6666666666667,78.26086956521738,0.0
40911,true,0.12089312647071893,8,766.6666666666667,78.26086956521738,0.0
40943,true,0.10470039354044047,8,766.6666666666667,78.26086956521738,0.0
40973,true,0.061669384701588115,8,766.6666666666667,78.26086956521738,0.0
41003,true,-0.0007132496457131765,8,766.6666666666667,78.26086956521738,0.0
41048,true,0.003796243056001458,8,766.6666666666667,78.26086956521738,0.0
41078,true,0.10531705476694242,8,766.6666666666667,78.26086956521738,0.0
41113,true,0.2442864988781821,4,400.0,150.0,0.0
41147,true,0.3673098574547282,4,400.0,150.0,0.0
41167,true,0.5942280781555667,4,400.0,150.0,0.0
41203,true,0.8191242973494752,4,400.0,150.0,0.0
41238,true,1.0580992730624814,4,400.0,150.0,0.0
41266,true,1.2658751789296616,4,400.0,150.0,0.0
41303,true,1.5152297182039547,4,400.0,150.0,0.0
41342,true,1.6790185899328947,4,400.0,150.0,0.0
41374,true,1.7850218869758692,4,400.0,150.0,0.0
41404,true,1.5877148288269325,7,400.0,150.0,0.0
41442,true,1.2376485341876275,7,400.0,150.0,0.0
41472,true,0.7992315411701156,7,400.0,150.0,0.0
41506,true,0.26515809129773515,7,400.0,150.0,0.0
41539,true,-0.2222819964143241,7,400.0,150.0,0.0
41572,true,-0.5394562758629036,7,400.0,150.0,0.0
41606,true,-0.6521254758375221,7,400.0,150.0,0.0
41645,true,-0.6707922004250975,7,400.0,150.0,0.0
41672,true,-0.5656997868395877,7,400.0,150.0,0.0
41706,true,-0.461200309530426,7,400.0,150.0,0.0
41740,true,-0.28022048040554637,7,400.0,150.0,0.0
41774,true,-0.22202199542681456,7,400.0,150.0,0.0
41802,true,-0.21601184089533376,7,400.0,150.0,0.0
41857,true,-0.23548423088837467,8,400.0,150.0,0.0
41873,true,-0.2543989948667331,7,400.0,150.0,0.0
41915,true,-0.22996005976960987,7,400.0,150.0,0.0
41939,true,-0.12304971651025198,7,400.0,150.0,0.0
41974,true,0.010551512411012709,7,400.0,150.0,0.0
42004,true,0.14764130476942228,7,400.0,150.0,0.0
42045,true,0.33599586393950176,7,400.0,150.0,0.0
42076,true,0.5304661309533572,7,400.0,150.0,0.0
42107,true,0.7469457608423511,7,400.0,150.0,0.0
42141,true,0.9438270957136865,7,400.0,150.0,0.0
42173,true,1.1540967314412,7,400.0,150.0,0.0
42209,true,1.3136114186245038,7,400.0,150.0,0.0
42240,true,1.474667762862282,7,400.0,150.0,0.0
42273,true,1.4754754641311933,7,733.3333333333333,81.81818181818183,0.0
42309,true,1.230645388486323,7,733.3333333333333,81.81818181818183,0.0
42340,true,0.8193798977459323,7,733.3333333333333,81.81818181818183,0.0
42373,true,0.26473495207815745,7,733.3333333333333,81.81818181818183,0.0
42405,true,-0.341015176733805,7,733.3333333333333,81.81818181818183,0.0
42442,true,-0.8786519316471697,7,733.3333333333333,81.81818181818183,0.0
42471,true,-1.1557350194633216,7,733.3333333333333,81.81818181818183,0.0
42514,true,-1.2901760583211797,7,733.3333333333333,81.81818181818183,0.0
42539,true,-1.2521410825844725,7,733.3333333333333,81.81818181818183,0.0
42574,true,-1.1848088229509983,7,733.3333333333333,81.81818181818183,0.0
42605,true,-1.0494199846439471,7,733.3333333333333,81.81818181818183,0.0
42642,true,-0.9417038962540971,7,733.3333333333333,81.81818181818183,0.0
42670,true,-0.8571676792964524,6,866.6666666666667,69.23076923076923,0.0
42708,true,-0.7996707240925502,6,866.6666666666667,69.23076923076923,0.0
42740,true,-0.7678879363770932,6,866.6666666666667,69.23076923076923,0.0
42773,true,-0.7224999838572046,6,866.6666666666667,69.23076923076923,0.0
42805,true,-0.6695674157980989,6,866.6666666666667,69.23076923076923,0.0
42840,true,-0.5647121076737562,6,866.6666666666667,69.23076923076923,0.0
42872,true,-0.4329655462697133,6,866.6666666666667,69.23076923076923,0.0
42915,true,-0.23063046924275454,6,866.6666666666667,69.23076923076923,0.0
42946,true,-0.04055367290843037,6,866.6666666666667,69.23076923076923,0.0
42974,true,0.0968746095191193,6,866.6666666666667,69.23076923076923,0.0
43008,true,0.21521243389213396,6,866.6666666666667,69.23076923076923,0.0
43040,true,0.3669530129095051,6,866.6666666666667,69.23076923076923,0.0
43070,true,0.5135636574521527,6,866.6666666666667,69.23076923076923,0.0
43112,true,0.6727997851482996,7,866.6666666666667,69.23076923076923,0.0
43138,true,0.8817692179198104,7,866.6666666666667,69.23076923076923,0.0
43171,true,1.0328760263676315,7,866.6666666666667,69.23076923076923,0.0
43205,true,0.8497404072355437,8,866.6666666666667,69.23076923076923,0.0
43242,true,0.4601154382073389,8,866.6666666666667,69.23076923076923,0.0
43274,true,-0.02974681973063298,8,866.6666666666667,69.23076923076923,0.0
43310,true,-0.5561250644053928,8,866.6666666666667,69.23076923076923,0.0
43339,true,-1.0187874737271727,8,866.6666666666667,69.23076923076923,0.0
43375,true,-1.2689988628869173,7,866.6666666666667,69.23076923076923,0.0
43409,true,-1.3262603464384028,7,866.6666666666667,69.23076923076923,0.0
43453,true,-1.2873776362526712,7,866.6666666666667,69.23076923076923,0.0
43471,true,-1.1927850548547951,7,866.6666666666667,69.23076923076923,0.0
43507,true,-1.154756739383913,7,866.6666666666667,69.23076923076923,0.0
43540,true,-1.084794974364712,7,866.6666666666667,69.23076923076923,0.0
43575,true,-1.0131199141164586,7,866.6666666666667,69.23076923076923,0.0
43605,true,-0.9900459069817487,7,866.6666666666667,69.23076923076923,0.0
43654,true,-0.9786895141320144,7,866.6666666666667,69.23076923076923,0.0
43682,true,-0.9253919972356925,7,866.6666666666667,69.23076923076923,0.0
43708,true,-0.8462330043713848,7,866.6666666666667,69.23076923076923,0.0
43752,true,-0.7796101079506172,7,866.6666666666667,69.23076923076923,0.0
43777,true,-0.6620650890918398,7,866.6666666666667,69.23076923076923,0.0
43807,true,-0.5119325017823542,7,866.6666666666667,69.23076923076923,0.0
43843,true,-0.3150332991105813,7,866.6666666666667,69.23076923076923,0.0
43886,true,-0.12461505702697195,7,866.6666666666667,69.23076923076923,0.0
43909,true,0.026198682549249952,7,866.6666666666667,69.23076923076923,0.0
43945,true,0.1532601867675396,7,866.6666666666667,69.23076923076923,0.0
43975,true,0.3130706207308833,7,866.6666666666667,69.23076923076923,0.0
44008,true,0.4373061956151503,7,866.6666666666667,69.23076923076923,0.0
44039,true,0.5255674992904176,7,866.6666666666667,69.23076923076923,0.0
44070,true,0.4232250190297009,8,866.6666666666667,69.23076923076923,0.0
44110,true,0.1553047650327244,8,866.6666666666667,69.23076923076923,0.0
44142,true,-0.26551841692926814,8,866.6666666666667,69.23076923076923,0.0
44174,true,-0.7926843520052103,8,866.6666666666667,69.23076923076923,0.0
44204,true,-1.2739956955277592,8,866.6666666666667,69.23076923076923,0.0
44239,true,-1.586054986793016,7,866.6666666666667,69.23076923076923,0.0
44269,true,-1.7181796063826766,6,866.6666666666667,69.23076923076923,0.0
44309,true,-1.4790362636893803,6,866.6666666666667,69.23076923076923,0.0
44340,true,-1.116158505880378,6,866.6666666666667,69.23076923076923,0.0
44376,true,-0.7720544361777968,6,866.6666666666667,69.23076923076923,0.0
44408,true,-0.38579775252350146,6,866.6666666666667,69.23076923076923,0.0
44439,true,-0.35121063917972606,6,866.6666666666667,69.23076923076923,0.0
44475,true,-0.6400785875291888,6,866.6666666666667,69.23076923076923,0.0
44512,true,-0.9092995353570927,6,866.6666666666667,69.23076923076923,0.0
44541,true,-1.1559680746970855,6,866.6666666666667,69.23076923076923,0.0
44574,true,-1.3895339521308188,6,866.6666666666667,69.23076923076923,0.0
44609,true,-1.2541850164109576,6,866.6666666666667,69.23076923076923,0.0
44640,true,-1.0939799080628632,6,866.6666666666667,69.23076923076923,0.0
44675,true,-0.9701581150749519,6,866.6666666666667,69.23076923076923,0.0
44710,true,-0.8150343217922682,6,866.6666666666667,69.23076923076923,0.0
44737,true,-0.6644991776978202,6,866.6666666666667,69.23076923076923,0.0
44791,true,-0.49749915606304285,6,866.6666666666667,69.23076923076923,0.0
44810,true,-0.325029778766492,6,866.6666666666667,69.23076923076923,0.0
44834,true,-0.20699828926530017,6,866.6666666666667,69.23076923076923,0.0
44874,true,-0.12808448340925338,6,866.6666666666667,69.23076923076923,0.0
44913,true,0.001722389650723244,6,866.6666666666667,69.23076923076923,0.0
44946,true,0.02927846063445827,6,866.6666666666667,69.23076923076923,0.0
44974,true,-0.1477274758245244,6,866.6666666666667,69.23076923076923,0.0
45004,true,-0.5032137947555952,6,866.6666666666667,69.23076923076923,0.0
45045,true,-0.9316847200014422,6,866.6666666666667,69.23076923076923,0.0
45073,true,-1.4392754566005976,6,866.6666666666667,69.23076923076923,0.0
45105,true,-1.9853271843306004,6,866.6666666666667,69.23076923076923,0.0
45135,true,-2.3170934100556337,3,900.0,66.66666666666667,0.0
45168,true,-2.196912141358979,3,900.0,66.66666666666667,0.0
45199,true,-1.990186188116013,3,900.0,66.66666666666667,0.0
45239,true,-1.7058241486743952,3,900.0,66.66666666666667,0.0
45270,true,-1.303336010914279,3,900.0,66.66666666666667,0.0
45304,true,-0.9052858471696652,3,900.0,66.66666666666667,0.0
45336,true,-0.7545498970486051,3,900.0,66.66666666666667,0.0
45386,true,-0.7062012988404547,3,900.0,66.66666666666667,0.0
45399,true,-0.7135841426464253,3,900.0,66.66666666666667,0.0
45445,true,-0.7300750396464935,3,900.0,66.66666666666667,0.0
45470,true,-0.7215449917075887,3,900.0,66.66666666666667,0.0
45502,true,-0.680332605828454,3,900.0,66.66666666666667,0.0
45533,true,-0.5509063702186268,3,900.0,66.66666666666667,0.0
45567,true,-0.3525840920565315,3,900.0,66.66666666666667,0.0
45600,true,-0.16086240437329025,3,900.0,66.66666666666667,0.0
45632,true,-0.29994346100750136,3,900.0,66.66666666666667,0.0
45666,true,-0.42954419811320577,3,900.0,66.66666666666667,0.0
45698,true,-0.5020117529662969,3,900.0,66.66666666666667,0.0
45741,true,-0.6274333153568534,3,900.0,66.66666666666667,0.0
45769,true,-0.7047827791671182,6,900.0,66.66666666666667,0.0
45801,true,-0.48141674894122843,6,900.0,66.66666666666667,0.0
45837,true,-0.3198930433013629,6,900.0,66.66666666666667,0.0
45871,true,-0.3049489441779656,6,900.0,66.66666666666667,0.0
45907,true,-0.44965277682914007,6,900.0,66.66666666666667,0.0
45933,true,-0.8215936670301858,6,900.0,66.66666666666667,0.0
45970,true,-1.2938679357509955,6,900.0,66.66666666666667,0.0
45999,true,-1.7852936313440466,6,866.6666666666667,69.23076923076923,0.0
46043,true,-2.217969583321974,6,866.6666666666667,69.23076923076923,0.0
46070,true,-2.475188542918062,6,866.6666666666667,69.23076923076923,0.0
46104,true,-2.2638863574004517,6,866.6666666666667,69.23076923076923,0.0
46135,true,-1.897844669595628,6,866.6666666666667,69.23076923076923,0.0
46168,true,-1.464262242043759,6,866.6666666666667,69.23076923076923,0.0
46204,true,-1.016358798359363,6,866.6666666666667,69.23076923076923,0.0
46244,true,-0.5918444958529676,6,866.6666666666667,69.23076923076923,0.0
46274,true,-0.4886553899750652,6,866.6666666666667,69.23076923076923,0.0
46305,true,-0.4846944650145133,6,866.6666666666667,69.23076923076923,0.0
46336,true,-0.5220774999828564,7,733.3333333333333,81.81818181818183,0.0
46373,true,-0.540046574426782,7,733.3333333333333,81.81818181818183,0.0
46435,true,-0.5062659907409568,7,733.3333333333333,81.81818181818183,0.0
46468,true,-0.3945047248064668,7,733.3333333333333,81.81818181818183,0.0
46501,true,-0.20426424532539045,7,733.3333333333333,81.81818181818183,0.0
46536,true,0.03641516164796599,7,733.3333333333333,81.81818181818183,0.0
46570,true,0.28538373858441446,7,733.3333333333333,81.81818181818183,0.0
46598,true,0.2520143408162596,6,866.6666666666667,69.23076923076923,0.0
46633,true,0.1810851916249021,6,866.6666666666667,69.23076923076923,0.0
46680,true,0.104080950184823,6,866.6666666666667,69.23076923076923,0.0
46702,true,0.014121774032645362,6,866.6666666666667,69.23076923076923,0.0
46758,true,-0.12445849922758612,6,866.6666666666667,69.23076923076923,0.0
46786,true,-0.1442209103629466,6,866.6666666666667,69.23076923076923,0.0
46814,true,-0.3455885210551344,6,866.6666666666667,69.23076923076923,0.0
46850,true,-0.7043108041357868,6,866.6666666666667,69.23076923076923,0.0
46872,true,-1.1502027178491119,6,866.6666666666667,69.23076923076923,0.0
46933,true,-1.5573049338467229,6,866.6666666666667,69.23076923076923,0.0
46990,true,-1.8864767887967844,6,866.6666666666667,69.23076923076923,0.0
47011,true,-2.0013025411848275,9,433.33333333333337,138.46153846153845,0.0
47075,true,-1.712459601608174,9,433.33333333333337,138.46153846153845,0.0
47097,true,-1.3452538494543944,9,433.33333333333337,138.46153846153845,0.0
47114,true,-0.9939531912628752,9,433.33333333333337,138.46153846153845,0.0
47168,true,-0.6381650916107446,9,433.33333333333337,138.46153846153845,0.0
47207,true,-0.3518553756761662,9,433.33333333333337,138.46153846153845,0.0
47239,true,-0.3460658779665664,9,433.33333333333337,138.46153846153845,0.0
47269,true,-0.378505879475739,9,433.33333333333337,138.46153846153845,0.0
47307,true,-0.41489988995814997,9,433.33333333333337,138.46153846153845,0.0
47336,true,-0.41477849998872784,9,433.33333333333337,138.46153846153845,0.0
47368,true,-0.40561647696958403,9,433.33333333333337,138.46153846153845,0.0
47399,true,-0.37473380496194864,9,433.33333333333337,138.46153846153845,0.0
47434,true,-0.3228082311759124,9,433.33333333333337,138.46153846153845,0.0
47468,true,-0.30612277862346104,9,433.33333333333337,138.46153846153845,0.0
47510,true,-0.33743785365115286,9,433.33333333333337,138.46153846153845,0.0
47533,true,-0.43281049141899075,9,433.33333333333337,138.46153846153845,0.0
47566,true,0.17894916099865554,9,433.33333333333337,138.46153846153845,0.0
47601,true,9.391307090531456,7,866.6666666666667,69.23076923076923,0.0
47633,true,30.34577520812681,8,900.0,66.66666666666667,0.0
47669,false,53.837596851732854,0,0.0,0.0,0.0
47697,false,77.64200383243247,0,0.0,0.0,0.0
47738,false,100.63939127761103,0,0.0,0.0,0.0
47768,false,114.96892199022156,0,0.0,0.0,0.0
47802,false,117.23146579662495,0,0.0,0.0,0.0
47835,false,116.98668694637098,0,0.0,0.0,0.0
47879,false,116.54322804963977,0,0.0,0.0,0.0
47902,false,116.16647588937869,0,0.0,0.0,0.0
47943,false,115.6905160878159,0,0.0,0.0,0.0
47970,false,115.3847635824797,0,0.0,0.0,0.0
48002,false,115.03807413845468,0,0.0,0.0,0.0
48036,false,114.58357162646118,0,0.0,0.0,0.0
48068,false,114.0929273502571,0,0.0,0.0,0.0
48100,false,113.57158281595858,0,0.0,0.0,0.0
48137,false,113.01609255721573,0,0.0,0.0,0.0
48173,false,112.41991299246018,0,0.0,0.0,0.0
48202,true,111.77887307727005,0,0.0,0.0,0.0
48235,true,111.04312665562318,0,0.0,0.0,0.0
48269,true,110.32046041324239,0,0.0,0.0,0.0
48300,true,109.50543124740531,0,0.0,0.0,0.0
48337,true,108.54832438788199,0,0.0,0.0,0.0
48366,true,107.69549796317744,0,0.0,0.0,0.0
48403,true,106.79774853092539,0,0.0,0.0,0.0
48437,true,105.51843563915381,0,0.0,0.0,0.0
48465,true,103.899167974459,0,0.0,0.0,0.0
48500,true,101.83692287264657,0,0.0,0.0,0.0
48535,true,99.08530230417406,0,0.0,0.0,0.0
48568,true,96.02631639665034,0,0.0,0.0,0.0
48613,true,92.9880163033794,0,0.0,0.0,0.0
48633,true,89.50596236859153,0,0.0,0.0,0.0
48665,true,83.18805025303914,0,0.0,0.0,0.0
48701,true,69.84373516660503,0,0.0,0.0,0.0
48739,true,48.340503389538696,0,0.0,0.0,0.0
48766,true,24.44740629765886,0,0.0,0.0,0.0
48806,true,0.43948389939060917,0,0.0,0.0,0.0
48835,true,-19.97040577734633,0,0.0,0.0,0.0
48866,true,-32.39762384532287,0,0.0,0.0,0.0
48900,true,-35.80171121252772,0,0.0,0.0,0.0
48939,true,-36.731255762554866,0,0.0,0.0,0.0
48965,true,-36.56509971098532,0,0.0,0.0,0.0
48999,true,-36.75598640985437,0,0.0,0.0,0.0
49041,true,-36.9913712726745,0,0.0,0.0,0.0
49071,true,-37.441785599794784,0,0.0,0.0,0.0
49096,true,-37.5102055520738,0,0.0,0.0,0.0
49137,true,-37.583568607604704,0,0.0,0.0,0.0
49167,true,-37.30401078764467,0,0.0,0.0,0.0
49199,true,-37.05573639158092,0,0.0,0.0,0.0
49240,true,-36.77143177111914,0,0.0,0.0,0.0
49270,true,-36.435969778004235,0,0.0,0.0,0.0
49300,true,-36.09284764145028,0,0.0,0.0,0.0
49340,true,-35.76049235624994,0,0.0,0.0,0.0
49364,true,-35.431869832704024,0,0.0,0.0,0.0
49402,true,-35.11948602273449,0,0.0,0.0,0.0
49435,true,-34.84404620711541,0,0.0,0.0,0.0
49469,true,-34.55963604286558,0,0.0,0.0,0.0
49498,true,-34.26400890826902,0,0.0,0.0,0.0
49538,true,-34.16745498148536,0,0.0,0.0,0.0
49567,true,-34.3498797600156,0,0.0,0.0,0.0
49601,true,-34.683683350778395,0,0.0,0.0,0.0
49636,true,-35.10204992266449,0,0.0,0.0,0.0
49669,true,-35.585807630883636,0,0.0,0.0,0.0
49701,true,-35.89315256269994,0,0.0,0.0,0.0
49734,true,-35.89636480756046,0,0.0,0.0,0.0
49764,true,-35.76703633185279,0,0.0,0.0,0.0
49802,true,-35.56148294649944,0,0.0,0.0,0.0
49839,true,-35.32168379572022,0,0.0,0.0,0.0
49865,true,-35.100115202171835,0,0.0,0.0,0.0
49899,true,-34.94743780831813,0,0.0,0.0,0.0
49933,true,-34.813427423413174,0,0.0,0.0,0.0
49971,true,-34.723203694365964,0,0.0,0.0,0.0
50002,true,-34.629570879453226,0,0.0,0.0,0.0
50034,true,-34.513730599084525,0,0.0,0.0,0.0
50074,true,-34.34943232564591,0,0.0,0.0,0.0
50103,true,-34.1383452655662,0,0.0,0.0,0.0
50172,true,-33.873677792178654,0,0.0,0.0,0.0
50205,true,-33.60082153705048,0,0.0,0.0,0.0
50243,true,-33.32328372915104,0,0.0,0.0,0.0
50273,true,-33.002769220662074,0,0.0,0.0,0.0
50306,true,-32.68009799699672,0,0.0,0.0,0.0
50338,true,-32.37264615173132,0,0.0,0.0,0.0
50369,true,-32.09397592829981,0,0.0,0.0,0.0
50401,true,-31.995291978376898,0,0.0,0.0,0.0
50446,true,-32.22691662274649,0,0.0,0.0,0.0
50488,true,-32.64251392322711,0,0.0,0.0,0.0
50502,true,-33.14172167360074,0,0.0,0.0,0.0
50568,true,-33.629929796390314,0,0.0,0.0,0.0
50603,true,-33.95021800535494,0,0.0,0.0,0.0
50637,true,-34.01150923670191,0,0.0,0.0,0.0
50675,true,-33.88880773879846,0,0.0,0.0,0.0
50701,true,-33.69263254932747,0,0.0,0.0,0.0
50736,true,-33.49666204083533,0,0.0,0.0,0.0
50772,true,-33.34686396046828,0,0.0,0.0,0.0
50806,true,-33.201505887150375,0,0.0,0.0,0.0
50841,true,-33.090033337271166,1,1733.3333333333335,34.61538461538461,0.0
50870,true,-33.01856433540573,5,866.6666666666667,69.23076923076923,0.0
50899,true,-32.938577928765994,5,866.6666666666667,69.23076923076923,0.0
50934,true,-32.77211927749656,5,866.6666666666667,69.23076923076923,0.0
50971,true,-32.579623617815244,5,866.6666666666667,69.23076923076923,0.0
51003,true,-32.35901850695308,5,866.6666666666667,69.23076923076923,0.0
51034,true,-32.095447947091756,5,866.6666666666667,69.23076923076923,0.0
51068,true,-31.820237190733394,5,866.6666666666667,69.23076923076923,0.0
51101,true,-31.565860434258894,5,866.6666666666667,69.23076923076923,0.0
51136,true,-31.302633071165417,5,866.6666666666667,69.23076923076923,0.0
51166,true,-31.00974624549127,5,866.6666666666667,69.23076923076923,0.0
51204,true,-30.700411155167075,5,866.6666666666667,69.23076923076923,0.0
51239,true,-30.397075839557345,5,866.6666666666667,69.23076923076923,0.0
51273,true,-30.20906799530195,5,866.6666666666667,69.23076923076923,0.0
51300,true,-30.293324070385367,6,866.6666666666667,69.23076923076923,0.0
51334,true,-30.629971432537474,6,866.6666666666667,69.23076923076923,0.0
51362,true,-31.073751468407394,6,866.6666666666667,69.23076923076923,0.0
51405,true,-31.563363185817764,6,866.6666666666667,69.23076923076923,0.0
51440,true,-31.97388961254444,6,866.6666666666667,69.23076923076923,0.0
51487,true,-32.10468618109863,6,866.6666666666667,69.23076923076923,0.0
51504,true,-32.04049602465942,4,833.3333333333334,72.0,0.0
51536,true,-31.874039129255948,4,833.3333333333334,72.0,0.0
51564,true,-31.642285492709007,4,833.3333333333334,72.0,0.0
51602,true,-31.38303118968443,4,833.3333333333334,72.0,0.0
51634,true,-31.158966326892823,4,833.3333333333334,72.0,0.0
51669,true,-30.949988344792246,4,833.3333333333334,72.0,0.0
51699,true,-30.798473893682797,4,833.3333333333334,72.0,0.0
51737,true,-30.690010476907744,4,833.3333333333334,72.0,0.0
51769,true,-30.585251059096095,4,833.3333333333334,72.0,0.0
51799,true,-30.45127670300772,4,833.3333333333334,72.0,0.0
51834,true,-30.26733020665307,4,833.3333333333334,72.0,0.0
51872,true,-30.030527929375225,4,833.3333333333334,72.0,0.0
51903,true,-29.770393848995553,4,833.3333333333334,72.0,0.0
51934,true,-29.489891295923883,4,833.3333333333334,72.0,0.0
51975,true,-29.18826623464504,4,833.3333333333334,72.0,0.0
52001,true,-28.88540538563882,4,833.3333333333334,72.0,0.0
52034,true,-28.526706517999287,4,833.3333333333334,72.0,0.0
52070,true,-28.179591641024984,4,833.3333333333334,72.0,0.0
52108,true,-28.009048411346924,4,833.3333333333334,72.0,0.0
52139,true,-28.111394544021906,5,833.3333333333334,72.0,0.0
52168,true,-28.369272125488123,5,833.3333333333334,72.0,0.0
52198,true,-28.770113258766187,5,833.3333333333334,72.0,0.0
52237,true,-29.18139376825141,5,833.3333333333334,72.0,0.0
52271,true,-29.421100280279518,5,833.3333333333334,72.0,0.0
52302,true,-29.379253574518103,5,833.3333333333334,72.0,0.0
52336,true,-29.156754463542484,5,833.3333333333334,72.0,0.0
52366,true,-28.87614895984464,5,833.3333333333334,72.0,0.0
52405,true,-28.581978441342727,4,833.3333333333334,72.0,0.0
52437,true,-28.326953085496882,4,833.3333333333334,72.0,0.0
52470,true,-28.159826223480067,4,833.3333333333334,72.0,0.0
52503,true,-28.100111614638365,4,833.3333333333334,72.0,0.0
52537,true,-28.041823235332572,4,833.3333333333334,72.0,0.0
52566,true,-27.91673640742063,4,833.3333333333334,72.0,0.0
52602,true,-27.726485554761496,4,833.3333333333334,72.0,0.0
52635,true,-27.45474189670972,4,833.3333333333334,72.0,0.0
52669,true,-27.114064274852566,4,833.3333333333334,72.0,0.0
52698,true,-26.790031003169744,4,833.3333333333334,72.0,0.0
52735,true,-26.517331686056977,4,833.3333333333334,72.0,0.0
52765,true,-26.233126833038654,4,833.3333333333334,72.0,0.0
52801,true,-26.00292959957912,4,833.3333333333334,72.0,0.0
52835,true,-25.916789239396934,4,833.3333333333334,72.0,0.0
52871,true,-25.989774662210465,6,833.3333333333334,72.0,0.0
52902,true,-26.221941390859968,6,833.3333333333334,72.0,0.0
52935,true,-26.602500800365164,6,833.3333333333334,72.0,0.0
52969,true,-26.998160408024575,6,833.3333333333334,72.0,0.0
52998,true,-27.256645396325197,6,833.3333333333334,72.0,0.0
53034,true,-27.293228929150146,6,833.3333333333334,72.0,0.0
53069,true,-27.135488859613886,6,833.3333333333334,72.0,0.0
53099,true,-26.872126521134476,6,833.3333333333334,72.0,0.0
53135,true,-26.586303824669017,6,833.3333333333334,72.0,0.0
53165,true,-26.299237972923834,6,833.3333333333334,72.0,0.0
53199,true,-26.050686854129964,6,833.3333333333334,72.0,0.0
53234,true,-25.821981871784473,6,833.3333333333334,72.0,0.0
53267,true,-25.601889741888485,6,833.3333333333334,72.0,0.0
53300,true,-25.358844361823316,4,566.6666666666666,105.88235294117648,0.0
53333,true,-25.094448639356273,4,566.6666666666666,105.88235294117648,0.0
53363,true,-24.796027561191877,4,566.6666666666666,105.88235294117648,0.0
53401,true,-24.497626005681482,4,566.6666666666666,105.88235294117648,0.0
53443,true,-24.183258578250758,4,566.6666666666666,105.88235294117648,0.0
53467,true,-23.861127895762763,4,566.6666666666666,105.88235294117648,0.0
53499,true,-23.544225151060317,4,566.6666666666666,105.88235294117648,0.0
53535,true,-23.333832204445656,4,566.6666666666666,105.88235294117648,0.0
53568,true,-23.402435749578757,5,566.6666666666666,105.88235294117648,0.0
53601,true,-23.627958816726263,5,566.6666666666666,105.88235294117648,0.0
53633,true,-23.974839357235126,5,566.6666666666666,105.88235294117648,99.90260181503679
53666,true,-24.437474011662474,5,566.6666666666666,105.88235294117648,100.50057692765077
53697,true,-24.858696093735517,5,566.6666666666666,105.88235294117648,101.03875452900334
53731,true,-25.00988278747782,5,566.6666666666666,105.88235294117648,101.52311437022067
53764,true,-24.99512230759862,5,566.6666666666666,105.88235294117648,101.95903822731626
53799,true,-24.829865676715528,5,566.6666666666666,105.88235294117648,102.35136969870229
53837,true,-24.531045784991974,5,566.6666666666666,105.88235294117648,102.70446802294971
53866,true,-24.200976250725603,5,566.6666666666666,105.88235294117648,103.0222565147724
53898,true,-23.919937008802506,5,566.6666666666666,105.88235294117648,103.3082661574128
53934,true,-23.701626300197688,5,566.6666666666666,105.88235294117648,103.56567483578918
53965,true,-23.55793378231668,5,566.6666666666666,105.88235294117648,103.79734264632792
54000,true,-23.454712885960376,5,566.6666666666666,105.88235294117648,104.00584367581278
54032,true,-23.342863214064778,5,566.6666666666666,105.88235294117648,104.19349460234916
54064,true,-23.204852820052253,5,566.6666666666666,105.88235294117648,104.3623804362319
54101,true,-23.038652096523336,5,566.6666666666666,105.88235294117648,104.51437768672636
54137,true,-22.851221939487786,5,566.6666666666666,105.88235294117648,104.65117521217138
54167,true,-22.64070787511028,4,700.0,85.71428571428571,104.7742929850719
54198,true,-22.40613774712824,4,700.0,85.71428571428571,104.7742929850719
54229,true,-22.31974959653347,4,700.0,85.71428571428571,104.7742929850719
54264,true,-22.414406730609343,5,700.0,85.71428571428571,104.7742929850719
54302,true,-22.62942471449699,5,700.0,85.71428571428571,104.7742929850719
54336,true,-22.918636066374702,5,700.0,85.71428571428571,104.7742929850719
54364,true,-23.27354733352763,5,700.0,85.71428571428571,104.7742929850719
54399,true,-23.495058583189177,5,700.0,85.71428571428571,104.7742929850719
54435,true,-23.525609245305247,5,700.0,85.71428571428571,104.7742929850719
54467,true,-23.40381670001554,5,700.0,85.71428571428571,104.7742929850719
54504,true,-23.262461914202277,5,700.0,85.71428571428571,104.7742929850719
54535,true,-23.107285224030562,5,700.0,85.71428571428571,104.7742929850719
54562,true,-22.949263122399586,8,833.3333333333334,72.0,104.7742929850719
54601,true,-22.817156659588875,8,833.3333333333334,72.0,104.7742929850719
54633,true,-22.754358252779937,8,833.3333333333334,72.0,104.7742929850719
54664,true,-22.696444412223784,8,833.3333333333334,72.0,104.7742929850719
54699,true,-22.627031644655432,8,833.3333333333334,72.0,104.7742929850719
54736,true,-22.539375332489996,8,833.3333333333334,72.0,104.7742929850719
54767,true,-22.418408935116275,8,833.3333333333334,72.0,104.7742929850719
54804,true,-22.250028838367598,8,833.3333333333334,72.0,104.7742929850719
54836,true,-22.027665448427413,8,833.3333333333334,72.0,104.7742929850719
54873,true,-21.785177562745517,8,833.3333333333334,72.0,104.7742929850719
54901,true,-21.582974831417403,8,833.3333333333334,72.0,104.7742929850719
54931,true,-21.629810753285426,9,733.3333333333333,81.81818181818183,104.7742929850719
55020,true,-21.962164706310375,9,733.3333333333333,81.81818181818183,104.7742929850719
55040,true,-22.350788354048476,9,733.3333333333333,81.81818181818183,104.7742929850719
55066,true,-22.775192013982675,9,733.3333333333333,81.81818181818183,104.7742929850719
55105,true,-23.16949463903562,9,833.3333333333334,72.0,104.7742929850719
55138,true,-23.361026698799733,9,833.3333333333334,72.0,104.7742929850719
55172,true,-23.252184710782316,9,833.3333333333334,72.0,104.7742929850719
55206,true,-23.097891076852207,9,833.3333333333334,72.0,104.7742929850719
55238,true,-22.92653721641591,9,833.3333333333334,72.0,104.7742929850719
55267,true,-22.757248850798888,9,833.3333333333334,72.0,104.7742929850719
55305,true,-22.58251372817385,9,833.3333333333334,72.0,104.7742929850719
55335,true,-22.452790204500104,9,833.3333333333334,72.0,104.7742929850719
55368,true,-22.33703984621556,9,833.3333333333334,72.0,104.7742929850719
55405,true,-22.20985336845895,9,833.3333333333334,72.0,104.7742929850719
55440,true,-22.066477762240453,9,833.3333333333334,72.0,104.7742929850719
55468,true,-21.889250339047962,9,833.3333333333334,72.0,104.7742929850719
55505,true,-21.666240465835514,9,833.3333333333334,72.0,104.7742929850719
55535,true,-21.411679103115787,9,833.3333333333334,72.0,104.7742929850719
55568,true,-21.15920466661335,9,833.3333333333334,72.0,104.7742929850719
55604,true,-20.9995469824228,9,833.3333333333334,72.0,104.7742929850719
55635,true,-21.03207350432298,10,833.3333333333334,72.0,104.7742929850719
55668,true,-21.235119353088862,10,833.3333333333334,72.0,104.7742929850719
55699,true,-21.547422491623664,10,833.3333333333334,72.0,104.7742929850719
55733,true,-21.915444589911885,10,833.3333333333334,72.0,104.7742929850719
55770,true,-22.212540794447634,10,733.3333333333333,81.81818181818183,104.7742929850719
55801,true,-22.306061202748637,10,733.3333333333333,81.81818181818183,104.7742929850719
55838,true,-22.217848553341355,10,733.3333333333333,81.81818181818183,104.7742929850719
55870,true,-22.000499917984612,10,733.3333333333333,81.81818181818183,104.7742929850719
55906,true,-21.691119350687856,10,733.3333333333333,81.81818181818183,104.7742929850719
55934,true,-21.343859368838395,10,733.3333333333333,81.81818181818183,104.7742929850719
55965,true,-21.02546414013618,10,733.3333333333333,81.81818181818183,104.7742929850719
56035,true,-20.75654758153732,10,733.3333333333333,81.81818181818183,104.7742929850719
56067,true,-20.539780975450725,9,733.3333333333333,81.81818181818183,104.7742929850719
56098,true,-20.374951081383585,9,733.3333333333333,81.81818181818183,104.7742929850719
56138,true,-20.23476999595701,9,733.3333333333333,81.81818181818183,104.7742929850719
56166,true,-20.06595586347683,9,733.3333333333333,81.81818181818183,104.7742929850719
56203,true,-19.856180528759893,9,733.3333333333333,81.81818181818183,104.7742929850719
56233,true,-19.615728500106457,9,733.3333333333333,81.81818181818183,104.7742929850719
56277,true,-19.355640513898123,9,733.3333333333333,81.81818181818183,104.7742929850719
56301,true,-19.18568665492063,9,733.3333333333333,81.81818181818183,104.7742929850719
56338,true,-19.265034842012852,10,733.3333333333333,81.81818181818183,104.7742929850719
56367,true,-19.595625945855176,10,733.3333333333333,81.81818181818183,104.7742929850719
56400,true,-20.09129497800525,10,733.3333333333333,81.81818181818183,104.7742929850719
56431,true,-20.65897616194991,10,733.3333333333333,81.81818181818183,104.7742929850719
56469,true,-21.142583080987478,10,733.3333333333333,81.81818181818183,104.7742929850719
56505,true,-21.364876213833597,10,733.3333333333333,81.81818181818183,104.7742929850719
56536,true,-21.324488784044192,10,733.3333333333333,81.81818181818183,104.7742929850719
56570,true,-21.098868999479265,10,733.3333333333333,81.81818181818183,104.7742929850719
56602,true,-20.79499452514601,10,733.3333333333333,81.81818181818183,104.7742929850719
56638,true,-20.531380584512263,10,733.3333333333333,81.81818181818183,104.7742929850719
56669,true,-20.331748683738496,10,733.3333333333333,81.81818181818183,104.7742929850719
56703,true,-20.166507550609182,10,733.3333333333333,81.81818181818183,104.7742929850719
56734,true,-20.05056115572266,1,333.3333333333333,180.0,104.7742929850719
56766,true,-19.948178543664596,1,333.3333333333333,180.0,104.7742929850719
56805,true,-19.800275667461207,1,333.3333333333333,180.0,104.7742929850719
56837,true,-19.615899177923637,1,333.3333333333333,180.0,104.7742929850719
56870,true,-19.424964158959085,1,333.3333333333333,180.0,104.7742929850719
56904,true,-19.21218483594545,1,333.3333333333333,180.0,104.7742929850719
56940,true,-18.98819399719339,1,333.3333333333333,180.0,104.7742929850719
56967,true,-18.730269698524552,1,333.3333333333333,180.0,104.7742929850719
57014,true,-18.475911971662725,1,333.3333333333333,180.0,104.7742929850719
57052,true,-18.340002504836335,1,333.3333333333333,180.0,104.7742929850719
57076,true,-18.38497844306451,1,333.3333333333333,180.0,104.7742929850719
57102,true,-18.58758714975444,1,333.3333333333333,180.0,104.7742929850719
57133,true,-18.917088872243525,1,333.3333333333333,180.0,104.7742929850719
57179,true,-19.290233138372727,1,333.3333333333333,180.0,104.7742929850719
57204,true,-19.570053407495493,1,333.3333333333333,180.0,104.7742929850719
57234,true,-19.669197785030065,10,733.3333333333333,81.81818181818183,104.7742929850719
57262,true,-19.61891902694724,10,733.3333333333333,81.81818181818183,104.7742929850719
57298,true,-19.54751529365501,10,733.3333333333333,81.81818181818183,104.7742929850719
57335,true,-19.422083898471243,10,733.3333333333333,81.81818181818183,104.7742929850719
57364,true,-19.26290692683081,10,733.3333333333333,81.81818181818183,104.7742929850719
57396,true,-19.11758177122556,10,733.3333333333333,81.81818181818183,104.7742929850719
57433,true,-18.970524444167765,10,733.3333333333333,81.81818181818183,104.7742929850719
57469,true,-18.729222547736867,10,733.3333333333333,81.81818181818183,104.7742929850719
57500,true,-18.481222776741575,10,733.3333333333333,81.81818181818183,104.7742929850719
57543,true,-18.223648900030852,10,733.3333333333333,81.81818181818183,104.7742929850719
57568,true,-17.947318058578446,10,733.3333333333333,81.81818181818183,104.7742929850719
57598,true,-17.683289188973788,10,733.3333333333333,81.81818181818183,104.7742929850719
57637,true,-17.453028325886166,10,733.3333333333333,81.81818181818183,104.7742929850719
57679,true,-17.24592012980615,10,733.3333333333333,81.81818181818183,104.7742929850719
57696,true,-17.02778718593615,10,733.3333333333333,81.81818181818183,104.7742929850719
57731,true,-16.73620599716145,10,733.3333333333333,81.81818181818183,0.0
57764,true,-16.330010699436386,10,733.3333333333333,81.81818181818183,0.0
57798,true,-15.92956291941428,10,733.3333333333333,81.81818181818183,0.0
57832,true,-15.548911913746181,10,733.3333333333333,81.81818181818183,0.0
57868,true,-15.196229534194075,10,733.3333333333333,81.81818181818183,0.0
57900,true,-14.787295521069638,7,700.0,85.71428571428571,0.0
57934,true,-14.267765574552499,7,700.0,85.71428571428571,0.0
57970,true,-13.72492886742478,7,700.0,85.71428571428571,0.0
58006,true,-13.17649349418349,7,700.0,85.71428571428571,0.0
58053,true,-12.64552037220119,7,700.0,85.71428571428571,0.0
58068,true,-12.22850158292853,10,733.3333333333333,81.81818181818183,0.0
58098,true,-11.908197390447896,10,733.3333333333333,81.81818181818183,0.0
58136,true,-11.607754775682977,10,733.3333333333333,81.81818181818183,0.0
58165,true,-11.298906595745365,10,733.3333333333333,81.81818181818183,0.0
58201,true,-10.974086057128119,10,733.3333333333333,81.81818181818183,0.0
58233,true,-10.578339765543362,8,733.3333333333333,81.81818181818183,0.0
58268,true,-10.09775108611062,8,733.3333333333333,81.81818181818183,0.0
58303,true,-9.543608996700073,6,833.3333333333334,72.0,0.0
58336,true,-8.951548036841658,6,833.3333333333334,72.0,0.0
58371,true,-8.332623258912605,5,833.3333333333334,72.0,0.0
58404,true,-7.717513004482058,5,833.3333333333334,72.0,0.0
58437,true,-7.198161616281283,5,833.3333333333334,72.0,0.0
58474,true,-6.793245266636774,5,833.3333333333334,72.0,0.0
58502,true,-6.379582231739235,5,833.3333333333334,72.0,0.0
58534,true,-5.953200400659455,3,833.3333333333334,72.0,0.0
58565,true,-5.455233619415935,3,833.3333333333334,72.0,0.0
58606,true,-4.831446382275914,3,833.3333333333334,72.0,0.0
58647,true,-4.101391550717636,1,1433.3333333333333,41.86046511627907,0.0
58668,true,-3.3956086633284883,0,0.0,0.0,0.0
58697,true,-2.73490978295537,0,0.0,0.0,0.0
58731,true,-2.127317307881185,0,0.0,0.0,0.0
58766,true,-1.5911241184562357,0,0.0,0.0,0.0
58797,true,-1.2291026354859866,0,0.0,0.0,0.0
58834,true,-1.1020766606251442,0,0.0,0.0,0.0
58872,true,-1.2153102834813296,0,0.0,0.0,0.0
58901,true,-1.4306324625742803,0,0.0,0.0,0.0
58935,true,-1.6730300425041804,0,0.0,0.0,0.0
58964,true,-1.8124589251625451,0,0.0,0.0,0.0
58998,true,-1.8447980752292494,0,0.0,0.0,0.0
59031,true,-1.7592551870954622,0,0.0,0.0,0.0
59069,true,-1.6660113781855301,0,0.0,0.0,0.0
59098,true,-1.6904124302985224,0,0.0,0.0,0.0
59136,true,-1.8525157582925118,0,0.0,0.0,0.0
59170,true,-2.117855135101692,0,0.0,0.0,0.0
59203,true,-2.4577197462605653,0,0.0,0.0,0.0
59247,true,-2.7525503857380045,0,0.0,0.0,0.0
59264,true,-2.9047570600819625,0,0.0,0.0,0.0
59294,true,-2.9478050422019635,0,0.0,0.0,0.0
59331,true,-2.8723966288060723,0,0.0,0.0,0.0
59367,true,-2.718507979293804,0,0.0,0.0,0.0
59403,true,-2.5270502385989886,0,0.0,0.0,0.0
59432,true,-2.3473438314214548,0,0.0,0.0,0.0
59471,true,-2.15544766811081,0,0.0,0.0,0.0
59498,true,-1.9821617093562196,0,0.0,0.0,0.0
59535,true,-1.8018761197511992,0,0.0,0.0,0.0
59565,true,-1.6124697222758186,0,0.0,0.0,0.0
59598,true,-1.3895872112909728,0,0.0,0.0,0.0
59636,true,-1.0921661777268241,0,0.0,0.0,0.0
59673,true,-0.7676752500693453,0,0.0,0.0,0.0
59700,true,-0.4512486759768848,0,0.0,0.0,0.0
59730,true,-0.17817174059865692,0,0.0,0.0,0.0
59764,true,-0.11767221460279131,1,1433.3333333333333,41.86046511627907,0.0
59803,true,-0.3352138785578518,2,833.3333333333334,72.0,0.0
59833,true,-0.7318424319164478,2,833.3333333333334,72.0,0.0
59868,true,-1.2386044092463493,2,833.3333333333334,72.0,0.0
59903,true,-1.7989724238290705,4,833.3333333333334,72.0,0.0
59938,true,-2.216070820138526,4,833.3333333333334,72.0,0.0
59963,true,-2.428493542465091,4,833.3333333333334,72.0,0.0
60001,true,-2.498923525491918,4,833.3333333333334,72.0,0.0
60031,true,-2.545175658884645,4,833.3333333333334,72.0,0.0
60081,true,-2.5889610690154115,6,833.3333333333334,72.0,0.0
60096,true,-2.7410961797173172,8,733.3333333333333,81.81818181818183,0.0
60132,true,-3.09598712726806,8,733.3333333333333,81.81818181818183,0.0
60163,true,-3.456137880747008,10,733.3333333333333,81.81818181818183,0.0
60196,true,-3.752702321751471,10,733.3333333333333,81.81818181818183,0.0
60236,true,-3.9657558554214205,10,733.3333333333333,81.81818181818183,0.0
60266,true,-3.976146813996479,10,733.3333333333333,81.81818181818183,0.0
60303,true,-3.7298247060544867,10,733.3333333333333,81.81818181818183,0.0
60333,true,-3.4754642422109185,10,733.3333333333333,81.81818181818183,0.0
60363,true,-3.2315937516382434,10,733.3333333333333,81.81818181818183,0.0
60399,true,-3.0218083908633986,10,733.3333333333333,81.81818181818183,0.0
60429,true,-2.8535329611448077,10,733.3333333333333,81.81818181818183,0.0
60468,true,-2.7510135014793775,7,700.0,85.71428571428571,0.0
60498,true,-2.7918669046914317,8,700.0,85.71428571428571,0.0
60539,true,-2.8977004819287373,8,700.0,85.71428571428571,0.0
60566,true,-3.024200625915057,8,700.0,85.71428571428571,0.0
60602,true,-3.2155487322649776,8,700.0,85.71428571428571,0.0
60631,true,-3.4381846778297245,8,700.0,85.71428571428571,0.0
60666,true,-3.553897125448458,8,700.0,85.71428571428571,0.0
60703,true,-3.6001803127635696,8,700.0,85.71428571428571,0.0
60732,true,-3.5839252071401404,8,700.0,85.71428571428571,0.0
60764,true,-3.483269863894151,8,700.0,85.71428571428571,0.0
60799,true,-3.329461968173945,8,700.0,85.71428571428571,0.0
60829,true,-3.155435188529637,8,700.0,85.71428571428571,0.0
60865,true,-2.99767002157148,8,700.0,85.71428571428571,0.0
60897,true,-2.8896444406348394,8,700.0,85.71428571428571,0.0
60930,true,-2.8222157138407766,8,700.0,85.71428571428571,0.0
60963,true,-2.762972293852215,8,700.0,85.71428571428571,0.0
61006,true,-2.6719801998356445,8,700.0,85.71428571428571,0.0
61032,true,-2.484773148546381,8,700.0,85.71428571428571,0.0
61091,true,-2.218108708584964,8,700.0,85.71428571428571,0.0
61099,true,-1.8969326343048039,8,700.0,85.71428571428571,0.0
61141,true,-1.530996957936253,8,700.0,85.71428571428571,0.0
61170,true,-1.135526606124074,8,700.0,85.71428571428571,0.0
61202,true,-0.7440151775979444,8,700.0,85.71428571428571,0.0
61269,true,-0.556797184000132,8,700.0,85.71428571428571,0.0
61301,true,-0.5086888346595657,8,700.0,85.71428571428571,0.0
61330,true,-0.5859780977667555,9,700.0,85.71428571428571,0.0
61370,true,-0.7839257997927405,9,700.0,85.71428571428571,0.0
61398,true,-1.099229742321839,9,700.0,85.71428571428571,0.0
61443,true,-1.3019649303439564,9,700.0,85.71428571428571,0.0
61462,true,-1.4301303167115265,9,700.0,85.71428571428571,0.0
61500,true,-1.4973837203917384,9,700.0,85.71428571428571,0.0
61533,true,-1.5117218636059988,9,700.0,85.71428571428571,0.0
61565,true,-1.4805820937278753,9,700.0,85.71428571428571,0.0
61597,true,-1.3848710534297766,9,700.0,85.71428571428571,0.0
61634,true,-1.1676465826524947,9,700.0,85.71428571428571,0.0
61666,true,-0.781664110848979,9,700.0,85.71428571428571,0.0
61702,true,-0.2658689670274441,9,700.0,85.71428571428571,0.0
61733,true,0.34393493384344254,9,700.0,85.71428571428571,0.0
61763,true,0.9647559682826881,9,700.0,85.71428571428571,0.0
61799,true,1.5630523721753065,9,700.0,85.71428571428571,0.0
61834,true,2.073482398137614,9,700.0,85.71428571428571,0.0
61868,true,2.5997856767677803,9,700.0,85.71428571428571,0.0
61910,true,3.195862537767539,9,700.0,85.71428571428571,0.0
61951,true,3.815827974683714,9,700.0,85.71428571428571,0.0
61976,true,4.17114127049571,9,700.0,85.71428571428571,0.0
61994,true,4.036081506874325,10,700.0,85.71428571428571,0.0
62029,true,3.591338955535207,10,700.0,85.71428571428571,0.0
62064,true,3.096716319611815,10,700.0,85.71428571428571,0.0
62103,true,2.5442175255061983,10,700.0,85.71428571428571,0.0
62128,true,2.195592959016082,10,700.0,85.71428571428571,0.0
62166,true,2.2392260044876338,9,700.0,85.71428571428571,0.0
62200,true,2.464160727468524,9,700.0,85.71428571428571,0.0
62236,true,2.7343391163204416,9,700.0,85.71428571428571,0.0
62266,true,3.52338928483951,9,700.0,85.71428571428571,0.0
62298,true,4.853147769983877,7,666.6666666666666,90.0,0.0
62329,true,6.746824569801532,7,666.6666666666666,90.0,0.0
62365,true,9.341874412960621,5,666.6666666666666,90.0,0.0
62395,true,12.358734327218428,3,700.0,85.71428571428571,0.0
62428,true,15.376826920540694,2,700.0,85.71428571428571,0.0
62461,true,17.87741448504478,2,933.3333333333334,64.28571428571428,0.0
62497,true,20.167883206900058,0,0.0,0.0,0.0
62532,true,21.80411162419621,0,0.0,0.0,0.0
62566,true,23.07961371852113,0,0.0,0.0,0.0
62593,true,23.583634332316635,0,0.0,0.0,0.0
62627,true,23.797681175345318,0,0.0,0.0,0.0
62664,true,23.536532265347674,1,666.6666666666666,90.0,0.0
62702,true,23.119366247085452,1,666.6666666666666,90.0,0.0
62726,true,22.721886118811753,1,666.6666666666666,90.0,0.0
62768,true,26.001212123071284,1,666.6666666666666,90.0,0.0
62801,true,40.3945019672083,0,0.0,0.0,0.0
62832,true,58.687998277744995,0,0.0,0.0,0.0
62861,true,79.18465583897277,0,0.0,0.0,0.0
62897,true,100.27838160618248,0,0.0,0.0,0.0
62929,true,117.37296530074843,0,0.0,0.0,0.0
62963,true,121.59462740326587,0,0.0,0.0,0.0
62995,true,112.51584311202116,1,333.3333333333333,180.0,0.0
63028,true,92.3974751216176,1,333.3333333333333,180.0,0.0
63068,true,70.9320187343523,1,333.3333333333333,180.0,0.0
63095,true,49.71195533019012,1,333.3333333333333,180.0,0.0
63130,true,30.123341915192086,1,333.3333333333333,180.0,0.0
63165,true,20.127391345028883,1,333.3333333333333,180.0,0.0
63208,true,19.122223818900864,1,333.3333333333333,180.0,0.0
63227,true,18.60963032080855,1,333.3333333333333,180.0,0.0
63263,true,18.056391416836334,1,333.3333333333333,180.0,0.0
63296,true,17.73642570091394,1,333.3333333333333,180.0,0.0
63333,true,17.516541558192444,1,333.3333333333333,180.0,0.0
63366,true,17.343932975093807,1,333.3333333333333,180.0,0.0
63397,true,17.02178041451276,1,333.3333333333333,180.0,0.0
63436,true,16.76943133710263,1,333.3333333333333,180.0,0.0
63463,true,16.485527931418417,1,333.3333333333333,180.0,0.0
63501,true,16.071934747271314,1,333.3333333333333,180.0,0.0
63540,true,15.656218380279242,1,333.3333333333333,180.0,0.0
63569,true,15.299290954824755,1,333.3333333333333,180.0,0.0
63600,true,15.200950064547797,1,333.3333333333333,180.0,0.0
63629,true,15.106786065787546,1,333.3333333333333,180.0,0.0
63658,true,15.117283164851642,1,333.3333333333333,180.0,0.0
63702,true,15.140908740302649,1,333.3333333333333,180.0,0.0
63731,true,15.21750349755321,1,333.3333333333333,180.0,0.0
63765,true,15.283711850380286,1,333.3333333333333,180.0,0.0
63805,true,15.344579649312493,1,333.3333333333333,180.0,0.0
63832,true,15.428762015212513,1,333.3333333333333,180.0,0.0
63903,true,15.528690521774251,1,333.3333333333333,180.0,0.0
63935,true,15.677880197855629,1,333.3333333333333,180.0,0.0
63962,true,15.818455169681101,1,333.3333333333333,180.0,0.0
64003,true,16.054600235443417,1,333.3333333333333,180.0,0.0
64033,true,16.28580326042703,1,333.3333333333333,180.0,0.0
64070,true,16.503733093081223,1,333.3333333333333,180.0,0.0
64097,true,16.630730607408125,1,333.3333333333333,180.0,0.0
64135,true,16.572855757438703,1,333.3333333333333,180.0,0.0
64162,true,16.216987463797793,1,333.3333333333333,180.0,0.0
64201,true,15.759239366561616,1,333.3333333333333,180.0,0.0
64229,true,15.241930304992735,1,333.3333333333333,180.0,0.0
64269,true,14.608733460874404,1,333.3333333333333,180.0,0.0
64301,true,14.140030278565831,1,333.3333333333333,180.0,0.0
64330,true,13.793496802372402,1,333.3333333333333,180.0,0.0
64359,true,13.52540774534198,1,333.3333333333333,180.0,0.0
64397,true,13.31803274395098,1,333.3333333333333,180.0,0.0
64428,true,13.277929721067707,1,333.3333333333333,180.0,0.0
64467,true,13.233361276024723,1,333.3333333333333,180.0,0.0
64499,true,13.262356935667782,1,333.3333333333333,180.0,0.0
64530,true,13.258066619768513,1,333.3333333333333,180.0,0.0
64565,true,13.234513170656626,1,333.3333333333333,180.0,0.0
64599,true,13.210250994973336,1,333.3333333333333,180.0,0.0
64630,true,13.215992846590169,1,333.3333333333333,180.0,0.0
64675,true,13.309324235913508,1,333.3333333333333,180.0,0.0
64702,true,13.449004950247598,1,333.3333333333333,180.0,0.0
64735,true,13.675781085752575,1,333.3333333333333,180.0,0.0
64767,true,13.923545603901175,1,333.3333333333333,180.0,0.0
64803,true,14.180158726144796,1,333.3333333333333,180.0,0.0
64831,true,14.161296916270103,1,333.3333333333333,180.0,0.0
64866,true,13.907609638477794,1,333.3333333333333,180.0,0.0
64899,true,13.46131677522392,1,333.3333333333333,180.0,0.0
64935,true,12.895183337027646,1,333.3333333333333,180.0,0.0
64964,true,12.29320117643941,1,333.3333333333333,180.0,0.0
65004,true,11.818363199248253,1,333.3333333333333,180.0,0.0
65038,true,11.566668098291885,1,333.3333333333333,180.0,0.0
65069,true,11.42597075559057,1,666.6666666666666,90.0,0.0
65101,true,11.370289010253174,2,700.0,85.71428571428571,0.0
65143,true,11.341428117008448,5,666.6666666666666,90.0,0.0
65160,true,11.402730456874252,7,700.0,85.71428571428571,0.0
65204,true,11.422549896987562,7,700.0,85.71428571428571,0.0
65234,true,11.449634605888647,7,700.0,85.71428571428571,0.0
65266,true,11.542392407403383,7,700.0,85.71428571428571,0.0
65302,true,11.627794448214942,7,700.0,85.71428571428571,0.0
65328,true,11.736812235711994,7,700.0,85.71428571428571,0.0
65365,true,11.885987567483767,7,700.0,85.71428571428571,0.0
65398,true,12.070653023246734,7,700.0,85.71428571428571,0.0
65435,true,12.20515151146327,7,700.0,85.71428571428571,0.0
65469,true,12.39346083099737,7,700.0,85.71428571428571,0.0
65499,true,12.575007311093273,7,700.0,85.71428571428571,0.0
65530,true,12.784380524826872,7,700.0,85.71428571428571,0.0
65567,true,12.882224344465499,7,700.0,85.71428571428571,0.0
65597,true,12.79485492168709,8,700.0,85.71428571428571,0.0
65632,true,12.44028298619672,8,700.0,85.71428571428571,0.0
65664,true,11.99741859040013,7,700.0,85.71428571428571,0.0
65717,true,11.486251731579614,7,700.0,85.71428571428571,0.0
65733,true,10.882701593840252,7,700.0,85.71428571428571,0.0
65762,true,10.478874000473482,7,700.0,85.71428571428571,0.0
65801,true,10.264376756009028,7,700.0,85.71428571428571,0.0
65833,true,10.15355049551296,7,700.0,85.71428571428571,0.0
65868,true,10.062022922214638,7,700.0,85.71428571428571,0.0
65901,true,10.142867807697058,7,700.0,85.71428571428571,0.0
65929,true,10.273020192900503,7,700.0,85.71428571428571,0.0
65965,true,10.412788796566247,7,700.0,85.71428571428571,0.0
66005,true,10.543372610386072,7,700.0,85.71428571428571,0.0
66032,true,10.671052518309196,7,700.0,85.71428571428571,0.0
66067,true,10.808590857141056,7,700.0,85.71428571428571,0.0
66099,true,10.878152155243185,7,700.0,85.71428571428571,0.0
66133,true,10.985244606428239,7,700.0,85.71428571428571,0.0
66165,true,11.08059330780253,7,700.0,85.71428571428571,0.0
66198,true,11.234850479579919,7,700.0,85.71428571428571,0.0
66231,true,11.375236202772001,7,700.0,85.71428571428571,0.0
66267,true,11.587410866209737,7,700.0,85.71428571428571,0.0
66296,true,11.768075392754923,7,700.0,85.71428571428571,0.0
66327,true,11.931166226323128,1,1800.0,33.333333333333336,0.0
66362,true,11.79392960145509,1,1800.0,33.333333333333336,0.0
66400,true,11.437367850257331,1,1800.0,33.333333333333336,0.0
66430,true,10.938515378044201,1,1800.0,33.333333333333336,0.0
66472,true,10.319884162916537,1,1800.0,33.333333333333336,0.0
66497,true,9.700367600350987,1,1800.0,33.333333333333336,0.0
66529,true,9.21728821805506,1,1800.0,33.333333333333336,0.0
66566,true,8.975238690371881,1,1800.0,33.333333333333336,0.0
66598,true,8.766094156031372,1,1800.0,33.333333333333336,0.0
66628,true,8.701761535194436,1,1800.0,33.333333333333336,0.0
66668,true,8.698243393544956,1,1800.0,33.333333333333336,0.0
66704,true,8.810841720718557,1,1800.0,33.333333333333336,0.0
66732,true,8.925901525307822,1,1800.0,33.333333333333336,0.0
66766,true,9.067624307671508,1,1800.0,33.333333333333336,0.0
66800,true,9.219485530416108,1,1800.0,33.333333333333336,0.0
66832,true,9.318112182699622,1,1800.0,33.333333333333336,0.0
66875,true,9.446177200494517,1,1800.0,33.333333333333336,0.0
66897,true,9.550608636785668,1,1800.0,33.333333333333336,0.0
66934,true,9.71658155008899,1,1800.0,33.333333333333336,0.0
66964,true,9.863331273192614,1,1800.0,33.333333333333336,0.0
67002,true,10.08108629559375,1,1800.0,33.333333333333336,0.0
67033,true,10.2835561225193,1,1800.0,33.333333333333336,0.0
67072,true,10.538072103702191,7,700.0,85.71428571428571,0.0
67099,true,10.738626021034861,7,700.0,85.71428571428571,0.0
67129,true,10.919034194542348,7,700.0,85.71428571428571,0.0
67167,true,10.805158810348118,9,766.6666666666667,78.26086956521738,0.0
67197,true,10.494482689200751,9,766.6666666666667,78.26086956521738,0.0
67227,true,10.033626462835329,9,766.6666666666667,78.26086956521738,0.0
67262,true,9.480254069371114,9,766.6666666666667,78.26086956521738,0.0
67296,true,8.932500237512258,9,766.6666666666667,78.26086956521738,0.0
67330,true,8.498203950353329,9,766.6666666666667,78.26086956521738,0.0
67367,true,8.29596725987848,9,766.6666666666667,78.26086956521738,0.0
67402,true,8.122638374956352,9,766.6666666666667,78.26086956521738,0.0
67432,true,8.070091179850664,9,766.6666666666667,78.26086956521738,0.0
67467,true,8.092344037117059,9,766.6666666666667,78.26086956521738,0.0
67497,true,8.222309258913768,9,766.6666666666667,78.26086956521738,0.0
67534,true,8.331694105576773,9,766.6666666666667,78.26086956521738,0.0
67565,true,8.486200378216182,9,766.6666666666667,78.26086956521738,0.0
67604,true,8.661210069915796,9,766.6666666666667,78.26086956521738,0.0
67633,true,8.76139598325112,9,766.6666666666667,78.26086956521738,0.0
67666,true,8.90663066412705,9,766.6666666666667,78.26086956521738,0.0
67698,true,9.03071552986792,9,766.6666666666667,78.26086956521738,0.0
67729,true,9.179383674045411,9,766.6666666666667,78.26086956521738,0.0
67763,true,9.301866345869513,9,766.6666666666667,78.26086956521738,0.0
67801,true,9.479179503068153,9,766.6666666666667,78.26086956521738,0.0
67830,true,9.614601290029015,9,766.6666666666667,78.26086956521738,0.0
67862,true,9.798244802103696,9,766.6666666666667,78.26086956521738,0.0
67895,true,9.961153497016696,9,766.6666666666667,78.26086956521738,0.0
67929,true,10.051476172936106,9,766.6666666666667,78.26086956521738,0.0
67965,true,9.865274025800204,10,766.6666666666667,78.26086956521738,0.0
68003,true,9.443177013917136,10,766.6666666666667,78.26086956521738,0.0
68034,true,8.878258637306743,10,766.6666666666667,78.26086956521738,0.0
68066,true,8.276476648308673,10,766.6666666666667,78.26086956521738,0.0
68096,true,7.718327681683803,10,766.6666666666667,78.26086956521738,0.0
68134,true,7.309407769853408,10,766.6666666666667,78.26086956521738,0.0
68173,true,7.1767073036612885,10,766.6666666666667,78.26086956521738,0.0
68201,true,7.055998445044139,10,766.6666666666667,78.26086956521738,0.0
68232,true,6.997653229200822,10,766.6666666666667,78.26086956521738,0.0
68263,true,6.9262652087443115,10,766.6666666666667,78.26086956521738,0.0
68297,true,6.916995005618745,10,766.6666666666667,78.26086956521738,0.0
68330,true,6.923377888462738,10,766.6666666666667,78.26086956521738,0.0
68367,true,6.986873563517392,10,766.6666666666667,78.26086956521738,0.0
68399,true,7.055120787582425,10,766.6666666666667,78.26086956521738,0.0
68431,true,7.133794317865522,10,766.6666666666667,78.26086956521738,0.0
68463,true,7.239081498399443,10,766.6666666666667,78.26086956521738,0.0
68502,true,7.29497561986139,10,766.6666666666667,78.26086956521738,0.0
68529,true,7.409895719288201,10,766.6666666666667,78.26086956521738,0.0
68564,true,7.503651187222616,10,766.6666666666667,78.26086956521738,0.0
68599,true,7.676887869781453,10,766.6666666666667,78.26086956521738,0.0
68629,true,7.8363372838872465,10,766.6666666666667,78.26086956521738,0.0
68669,true,7.972969837273837,10,766.6666666666667,78.26086956521738,0.0
68717,true,8.060075392552463,10,766.6666666666667,78.26086956521738,0.0
68733,true,8.144715891520875,10,766.6666666666667,78.26086956521738,0.0
68760,true,8.146291868338707,10,766.6666666666667,78.26086956521738,0.0
68793,true,8.055541976352686,11,766.6666666666667,78.26086956521738,0.0
68831,true,7.731432775115508,11,766.6666666666667,78.26086956521738,0.0
68861,true,7.188333296078596,11,766.6666666666667,78.26086956521738,0.0
68897,true,6.568147947142592,11,766.6666666666667,78.26086956521738,0.0
68933,true,5.919895488472818,11,766.6666666666667,78.26086956521738,0.0
68962,true,5.3541027766714535,11,766.6666666666667,78.26086956521738,0.0
68996,true,4.940114089209018,11,766.6666666666667,78.26086956521738,0.0
69025,true,4.783740817604198,11,766.6666666666667,78.26086956521738,0.0
69067,true,4.619948406511668,11,766.6666666666667,78.26086956521738,0.0
69096,true,4.510962883763554,10,766.6666666666667,78.26086956521738,0.0
69134,true,4.463427292104328,10,766.6666666666667,78.26086956521738,0.0
69191,true,4.504688384709752,10,766.6666666666667,78.26086956521738,0.0
69204,true,4.454849903926117,10,766.6666666666667,78.26086956521738,0.0
69242,true,4.46903753574361,10,766.6666666666667,78.26086956521738,0.0
69268,true,4.521145222738696,10,766.6666666666667,78.26086956521738,0.0
69297,true,4.511105354338412,10,766.6666666666667,78.26086956521738,0.0
69339,true,4.518763996153709,10,766.6666666666667,78.26086956521738,0.0
69358,true,4.587806325712691,10,766.6666666666667,78.26086956521738,0.0
69398,true,4.741059615068366,10,766.6666666666667,78.26086956521738,0.0
69429,true,4.840636088157481,10,766.6666666666667,78.26086956521738,0.0
69465,true,4.948125493786151,10,766.6666666666667,78.26086956521738,0.0
69499,true,5.059145368523588,10,766.6666666666667,78.26086956521738,0.0
69534,true,5.211067661695381,10,766.6666666666667,78.26086956521738,0.0
69566,true,5.307707683695739,10,766.6666666666667,78.26086956521738,0.0
69596,true,5.45411517309455,10,766.6666666666667,78.26086956521738,0.0
69631,true,5.598609060396271,10,766.6666666666667,78.26086956521738,0.0
69667,true,5.734477175772128,10,766.6666666666667,78.26086956521738,0.0
69695,true,5.774137865558785,10,766.6666666666667,78.26086956521738,0.0
69730,true,5.584569563868882,11,766.6666666666667,78.26086956521738,0.0
69763,true,5.090071703018964,11,766.6666666666667,78.26086956521738,0.0
69800,true,4.496319326559387,9,766.6666666666667,78.26086956521738,0.0
69830,true,3.8643456365644084,9,766.6666666666667,78.26086956521738,0.0
69866,true,3.166509694375236,9,766.6666666666667,78.26086956521738,0.0
69896,true,2.710777820954462,9,766.6666666666667,78.26086956521738,0.0
69930,true,2.44676440091186,9,766.6666666666667,78.26086956521738,0.0
69963,true,2.309295733359633,9,766.6666666666667,78.26086956521738,0.0
69998,true,2.195939569637062,9,766.6666666666667,78.26086956521738,0.0
70032,true,2.2111292636054145,9,766.6666666666667,78.26086956521738,0.0
70069,true,2.227399872245286,9,766.6666666666667,78.26086956521738,0.0
70098,true,2.287276360039712,9,766.6666666666667,78.26086956521738,0.0
70135,true,2.2999243892110997,9,766.6666666666667,78.26086956521738,0.0
70165,true,2.3128566455707187,9,766.6666666666667,78.26086956521738,0.0
70207,true,2.3790588904000742,9,766.6666666666667,78.26086956521738,0.0
70228,true,2.4294654630066077,9,766.6666666666667,78.26086956521738,0.0
70266,true,2.4910288469369277,9,766.6666666666667,78.26086956521738,0.0
70298,true,2.581595552630972,9,766.6666666666667,78.26086956521738,0.0
70333,true,2.7372594427048114,9,766.6666666666667,78.26086956521738,0.0
70363,true,2.8368547683573553,9,766.6666666666667,78.26086956521738,0.0
70397,true,2.992666030696725,9,766.6666666666667,78.26086956521738,0.0
70427,true,3.160835152636764,9,766.6666666666667,78.26086956521738,0.0
70466,true,3.3783427108513564,9,766.6666666666667,78.26086956521738,0.0
70498,true,3.5400842043697196,9,766.6666666666667,78.26086956521738,0.0
70529,true,3.6921576226323083,9,766.6666666666667,78.26086956521738,0.0
70564,true,3.7760746353508665,9,766.6666666666667,78.26086956521738,0.0
70600,true,3.784887303507986,9,766.6666666666667,78.26086956521738,0.0
70629,true,3.5005199282819888,10,800.0,75.0,0.0
70664,true,3.004723303557739,10,800.0,75.0,0.0
70697,true,2.42458526214962,10,800.0,75.0,0.0
70731,true,1.8074213877026892,10,800.0,75.0,0.0
70762,true,1.2524268007602757,10,800.0,75.0,0.0
70799,true,0.8108877880274008,10,800.0,75.0,0.0
70831,true,0.6198357512499513,10,800.0,75.0,0.0
70867,true,0.48759443538770597,10,800.0,75.0,0.0
70897,true,0.4094971293000498,10,800.0,75.0,0.0
70932,true,0.33952422092036727,10,800.0,75.0,0.0
70961,true,0.3774254549701368,10,800.0,75.0,0.0
71001,true,0.4092474892489406,10,800.0,75.0,0.0
71028,true,0.4448729628291517,10,800.0,75.0,0.0
71069,true,0.450247952790221,10,800.0,75.0,0.0
71100,true,0.4508279865297453,10,800.0,75.0,0.0
71133,true,0.5059330983752517,10,800.0,75.0,0.0
71163,true,0.5351400270118205,10,800.0,75.0,0.0
71229,true,0.613084549071715,10,800.0,75.0,0.0
71234,true,0.7079691623608397,10,800.0,75.0,0.0
71267,true,0.8462765688954761,10,800.0,75.0,0.0
71294,true,0.9443323217376189,7,800.0,75.0,0.0
71331,true,1.0477745740855653,7,800.0,75.0,0.0
71363,true,1.1174160508359563,7,800.0,75.0,0.0
71400,true,1.2220913734791168,7,800.0,75.0,0.0
71430,true,1.2871801013535418,7,800.0,75.0,0.0
71476,true,1.329400019735857,7,800.0,75.0,0.0
71500,true,1.229284825461761,7,800.0,75.0,0.0
71530,true,0.8825699687098165,7,800.0,75.0,0.0
71562,true,0.3038763939185003,10,800.0,75.0,0.0
71602,true,-0.3257019312379299,10,800.0,75.0,0.0
71630,true,-0.9615478150289931,10,800.0,75.0,0.0
71664,true,-1.6068237655729973,10,800.0,75.0,0.0
71698,true,-1.9758666674920562,10,800.0,75.0,0.0
71735,true,-2.195835038375648,10,800.0,75.0,0.0
71766,true,-2.333848902084867,10,800.0,75.0,0.0
71800,true,-2.4472670236328753,10,800.0,75.0,0.0
71832,true,-2.414808127501203,10,800.0,75.0,0.0
71869,true,-2.396328994492947,10,800.0,75.0,0.0
71900,true,-2.3481903638324297,10,800.0,75.0,0.0
71931,true,-2.3134435204709263,10,800.0,75.0,0.0
71965,true,-2.2797084665149043,1,333.3333333333333,180.0,0.0
72000,true,-2.240751301101824,1,333.3333333333333,180.0,0.0
72031,true,-2.2130966222095765,1,333.3333333333333,180.0,0.0
72075,true,-2.107749736883761,1,333.3333333333333,180.0,0.0
72105,true,-2.009845208999394,1,333.3333333333333,180.0,0.0
72130,true,-1.8972979660893259,1,333.3333333333333,180.0,0.0
72162,true,-1.7826143098338605,1,333.3333333333333,180.0,0.0
72199,true,-1.626654647222125,1,333.3333333333333,180.0,0.0
72243,true,-1.5249255900531296,1,333.3333333333333,180.0,0.0
72266,true,-1.3689111460861056,1,333.3333333333333,180.0,0.0
72297,true,-1.2096621705058652,1,333.3333333333333,180.0,0.0
72327,true,-0.9763412160430391,1,333.3333333333333,180.0,0.0
72365,true,-0.7747661978954881,1,333.3333333333333,180.0,0.0
72396,true,-0.6061915318735913,1,333.3333333333333,180.0,0.0
72433,true,-0.6459686625534005,1,333.3333333333333,180.0,0.0
72467,true,-0.9194000045702921,1,333.3333333333333,180.0,0.0
72498,true,-1.4008713009241092,1,333.3333333333333,180.0,0.0
72539,true,-1.9401166572704085,1,333.3333333333333,180.0,0.0
72564,true,-2.45482607942175,1,333.3333333333333,180.0,0.0
72596,true,-2.9255232393928168,1,333.3333333333333,180.0,0.0
72629,true,-3.1313702176769027,7,866.6666666666667,69.23076923076923,0.0
72668,true,-3.270956898556051,7,866.6666666666667,69.23076923076923,0.0
72700,true,-3.326388925711413,7,866.6666666666667,69.23076923076923,0.0
72731,true,-3.3675817884218446,7,866.6666666666667,69.23076923076923,0.0
72764,true,-3.2778862302749303,7,866.6666666666667,69.23076923076923,0.0
72798,true,-3.1495846055567966,7,866.6666666666667,69.23076923076923,0.0
72830,true,-2.787093231259078,7,866.6666666666667,69.23076923076923,0.0
72866,true,-2.3695870823298293,7,866.6666666666667,69.23076923076923,0.0
72898,true,-1.921588603791207,7,866.6666666666667,69.23076923076923,0.0
72931,true,-1.4638709073510086,7,866.6666666666667,69.23076923076923,0.0
72961,true,-1.0096036938031858,10,833.3333333333334,72.0,0.0
73000,true,-0.48678948361531127,10,833.3333333333334,72.0,0.0
73029,true,-0.13379266671935852,10,833.3333333333334,72.0,0.0
73065,true,0.0839470244731757,10,833.3333333333334,72.0,0.0
73096,true,0.31061135032571485,10,833.3333333333334,72.0,0.0
73134,true,0.5845786835003395,10,833.3333333333334,72.0,0.0
73166,true,0.7799435460121344,10,833.3333333333334,72.0,0.0
73196,true,1.0064287881586722,10,833.3333333333334,72.0,0.0
73230,true,1.2282079866221096,10,833.3333333333334,72.0,0.0
73269,true,1.4975032598684805,10,833.3333333333334,72.0,0.0
73297,true,1.677241977347876,10,833.3333333333334,72.0,0.0
73353,true,1.6919708702832708,10,833.3333333333334,72.0,0.0
73365,true,1.4297823980058837,11,833.3333333333334,72.0,0.0
73398,true,1.0199779519629573,11,833.3333333333334,72.0,0.0
73437,true,0.5010311532817298,11,833.3333333333334,72.0,0.0
73478,true,-0.059051380993111025,11,833.3333333333334,72.0,0.0
73497,true,-0.44493425743003456,11,833.3333333333334,72.0,0.0
73526,true,-0.7039989998126686,11,833.3333333333334,72.0,0.0
73605,true,-0.7342792131110087,11,833.3333333333334,72.0,0.0
73646,true,-0.7314301300633446,11,833.3333333333334,72.0,0.0
73703,true,-0.6841350139434468,11,833.3333333333334,72.0,0.0
73734,true,-0.6474237560378384,11,833.3333333333334,72.0,0.0
73764,true,-0.519208315570225,11,833.3333333333334,72.0,0.0
73798,true,-0.504790786591542,11,833.3333333333334,72.0,0.0
73832,true,-0.47383545313830666,11,833.3333333333334,72.0,0.0
73871,true,-0.33980067823212323,11,833.3333333333334,72.0,0.0
73898,true,-0.20153186538348677,11,833.3333333333334,72.0,0.0
73929,true,-0.037954296493154516,11,833.3333333333334,72.0,0.0
73961,true,0.16838717058062969,11,833.3333333333334,72.0,0.0
73995,true,0.4259305633786852,11,833.3333333333334,72.0,0.0
74026,true,0.6061074041890606,11,833.3333333333334,72.0,0.0
74065,true,0.8355827276562309,11,833.3333333333334,72.0,0.0
74098,true,1.0598521949046784,11,833.3333333333334,72.0,0.0
74129,true,1.3279298157945192,10,866.6666666666667,69.23076923076923,0.0
74162,true,1.5340195391210472,10,866.6666666666667,69.23076923076923,0.0
74199,true,1.6259008894851377,10,866.6666666666667,69.23076923076923,0.0
74235,true,1.4092996183232316,11,833.3333333333334,72.0,0.0
74272,true,0.992514491173992,11,833.3333333333334,72.0,0.0
74293,true,0.44634997072209615,11,833.3333333333334,72.0,0.0
74330,true,-0.179645833915842,11,833.3333333333334,72.0,0.0
74368,true,-0.7033951748537248,11,833.3333333333334,72.0,0.0
74399,true,-1.0861525472618183,11,833.3333333333334,72.0,0.0
74428,true,-1.2322323822627794,11,833.3333333333334,72.0,0.0
74464,true,-1.3835182468560134,11,833.3333333333334,72.0,0.0
74499,true,-1.4295636650058583,11,833.3333333333334,72.0,0.0
74533,true,-1.4868823322461395,11,833.3333333333334,72.0,0.0
74561,true,-1.4513206809042316,11,833.3333333333334,72.0,0.0
74597,true,-1.4038639537359074,11,833.3333333333334,72.0,0.0
74628,true,-1.299396926533774,11,833.3333333333334,72.0,0.0
74665,true,-1.2312551815667092,11,833.3333333333334,72.0,0.0
74697,true,-1.148674297911981,11,833.3333333333334,72.0,0.0
74731,true,-1.038779990979208,11,833.3333333333334,72.0,0.0
74762,true,-0.9662409642659497,11,833.3333333333334,72.0,0.0
74800,true,-0.8239969479251243,11,833.3333333333334,72.0,0.0
74829,true,-0.6502169329492062,10,866.6666666666667,69.23076923076923,0.0
74867,true,-0.4076628124348929,10,866.6666666666667,69.23076923076923,0.0
74905,true,-0.16786871261025738,10,866.6666666666667,69.23076923076923,0.0
74936,true,0.06511654735091099,10,866.6666666666667,69.23076923076923,0.0
74960,true,0.2521724183845748,10,866.6666666666667,69.23076923076923,0.0
75002,true,0.4643097271103471,10,866.6666666666667,69.23076923076923,0.0
75032,true,0.6064216758599201,10,866.6666666666667,69.23076923076923,0.0
75083,true,0.7873528746055598,10,866.6666666666667,69.23076923076923,0.0
75097,true,0.8986095356536907,10,866.6666666666667,69.23076923076923,0.0
75138,true,0.8289516512286923,11,866.6666666666667,69.23076923076923,0.0
75167,true,0.4890843190089669,11,866.6666666666667,69.23076923076923,0.0
75223,true,0.06262961424887692,11,866.6666666666667,69.23076923076923,0.0
75241,true,-0.45385377981394015,11,866.6666666666667,69.23076923076923,0.0
75282,true,-1.056254759081142,11,866.6666666666667,69.23076923076923,0.0
75293,true,-1.4642274146889065,11,866.6666666666667,69.23076923076923,0.0
75330,true,-1.7483315811448819,11,866.6666666666667,69.23076923076923,0.0
75360,true,-1.9080777862665883,11,866.6666666666667,69.23076923076923,0.0
75397,true,-2.0542895961200287,11,866.6666666666667,69.23076923076923,0.0
75429,true,-2.0360736125325474,11,866.6666666666667,69.23076923076923,0.0
75467,true,-1.9929824875887192,11,866.6666666666667,69.23076923076923,0.0
75501,true,-1.8569007800818724,11,866.6666666666667,69.23076923076923,0.0
75532,true,-1.784042260910212,11,866.6666666666667,69.23076923076923,0.0
75563,true,-1.6931550792774033,11,866.6666666666667,69.23076923076923,0.0
75597,true,-1.564340123402019,10,900.0,66.66666666666667,0.0
75627,true,-1.4661563407907607,10,900.0,66.66666666666667,0.0
75670,true,-1.3087888230690368,10,900.0,66.66666666666667,0.0
75696,true,-1.1096986366174235,10,900.0,66.66666666666667,0.0
75731,true,-0.8554470633030462,10,900.0,66.66666666666667,0.0
75761,true,-0.6389159862106766,10,900.0,66.66666666666667,0.0
75797,true,-0.3744940241268324,10,900.0,66.66666666666667,0.0
75829,true,-0.14223835831040788,10,900.0,66.66666666666667,0.0
75862,true,0.13317870708944213,10,900.0,66.66666666666667,0.0
75896,true,0.3672376599163556,10,900.0,66.66666666666667,0.0
75934,true,0.6281361269538479,10,900.0,66.66666666666667,0.0
75964,true,0.7879653177377008,10,900.0,66.66666666666667,0.0
76006,true,0.7420582017024913,11,866.6666666666667,69.23076923076923,0.0
76026,true,0.3997833964203181,11,866.6666666666667,69.23076923076923,0.0
76065,true,0.02408078362147137,11,866.6666666666667,69.23076923076923,0.0
76095,true,-0.4339100613237292,11,866.6666666666667,69.23076923076923,0.0
76134,true,-1.0042563922406202,11,866.6666666666667,69.23076923076923,0.0
76163,true,-1.3509988257476522,11,866.6666666666667,69.23076923076923,0.0
76198,true,-1.5692655181302513,11,866.6666666666667,69.23076923076923,0.0
76228,true,-1.7274763478483948,11,866.6666666666667,69.23076923076923,0.0
76270,true,-1.8798275174659551,11,866.6666666666667,69.23076923076923,0.0
76301,true,-1.8712049807299564,11,866.6666666666667,69.23076923076923,0.0
76326,true,-1.8385788566775005,11,866.6666666666667,69.23076923076923,0.0
76359,true,-1.7214115225769433,10,900.0,66.66666666666667,0.0
76396,true,-1.635008677898412,10,900.0,66.66666666666667,0.0
76428,true,-1.5248778266345226,10,900.0,66.66666666666667,0.0
76469,true,-1.4083393645039592,10,900.0,66.66666666666667,0.0
76494,true,-1.3316425885661403,10,900.0,66.66666666666667,0.0
76531,true,-1.2048720043872692,10,900.0,66.66666666666667,0.0
76567,true,-1.0707999226205516,10,900.0,66.66666666666667,0.0
76601,true,-0.8701415213411394,10,900.0,66.66666666666667,0.0
76632,true,-0.6695592676045692,10,900.0,66.66666666666667,0.0
76662,true,-0.4994611041647232,10,900.0,66.66666666666667,0.0
76695,true,-0.35251072775315606,10,900.0,66.66666666666667,0.0
76730,true,-0.14626418846407319,10,900.0,66.66666666666667,0.0
76761,true,0.0029200022105726475,10,900.0,66.66666666666667,0.0
76801,true,0.17071979617901434,10,900.0,66.66666666666667,0.0
76828,true,0.16665582704330006,11,866.6666666666667,69.23076923076923,0.0
76864,true,-0.08029646589905326,11,866.6666666666667,69.23076923076923,0.0
76896,true,-0.5271010497066442,11,866.6666666666667,69.23076923076923,0.0
76931,true,-1.1142046367437501,11,866.6666666666667,69.23076923076923,0.0
76964,true,-1.7575439595536864,11,866.6666666666667,69.23076923076923,0.0
77002,true,-2.3348800555484814,11,866.6666666666667,69.23076923076923,0.0
77026,true,-2.6466206068224096,11,866.6666666666667,69.23076923076923,0.0
77062,true,-2.880285775396203,11,866.6666666666667,69.23076923076923,0.0
77094,true,-2.9450402960714683,11,866.6666666666667,69.23076923076923,0.0
77133,true,-2.9989647189722177,11,866.6666666666667,69.23076923076923,0.0
77162,true,-2.939715474448164,10,900.0,66.66666666666667,0.0
77198,true,-2.9189430644416774,10,900.0,66.66666666666667,0.0
77227,true,-2.8506948460009625,10,900.0,66.66666666666667,0.0
77262,true,-2.7975387824727136,10,900.0,66.66666666666667,0.0
77309,true,-2.732442814992183,10,900.0,66.66666666666667,0.0
77326,true,-2.6420667419926076,10,900.0,66.66666666666667,0.0
77363,true,-2.523959688417875,10,900.0,66.66666666666667,0.0
77401,true,-2.352350035541079,10,900.0,66.66666666666667,0.0
77433,true,-2.1755926133835146,10,900.0,66.66666666666667,0.0
77466,true,-1.9801915134986245,10,900.0,66.66666666666667,0.0
77498,true,-1.7721760271243596,10,900.0,66.66666666666667,0.0
77534,true,-1.5236413144313588,10,900.0,66.66666666666667,0.0
77565,true,-1.3161453800600214,10,900.0,66.66666666666667,0.0
77600,true,-1.0007491562825521,10,900.0,66.66666666666667,0.0
77627,true,-0.70271054688655,10,900.0,66.66666666666667,0.0
77665,true,-0.3814317188214318,10,900.0,66.66666666666667,0.0
77694,true,-0.15513940967244366,10,900.0,66.66666666666667,0.0
77731,true,-0.16198404743859385,11,900.0,66.66666666666667,0.0
77765,true,-0.5558955752177042,11,900.0,66.66666666666667,0.0
77796,true,-1.021431699453757,11,900.0,66.66666666666667,0.0
77836,true,-1.5748332854194445,11,900.0,66.66666666666667,0.0
77864,true,-2.2772265651464636,11,900.0,66.66666666666667,0.0
77901,true,-2.7453529228292695,11,900.0,66.66666666666667,0.0
77935,true,-3.0342460257890878,11,900.0,66.66666666666667,0.0
77964,true,-3.2343170888735955,10,900.0,66.66666666666667,0.0
77996,true,-3.4009511750176102,10,900.0,66.66666666666667,0.0
78023,true,-3.3560442795666887,10,900.0,66.66666666666667,0.0
78063,true,-3.3218122403823713,10,900.0,66.66666666666667,0.0
78095,true,-3.2176642339179864,10,900.0,66.66666666666667,0.0
78133,true,-3.099643718797921,10,900.0,66.66666666666667,0.0
78159,true,-2.9529695199373265,10,900.0,66.66666666666667,0.0
78196,true,-2.7896130621329576,10,900.0,66.66666666666667,0.0
78225,true,-2.6019106798145373,10,900.0,66.66666666666667,0.0
78267,true,-2.3489403659197166,10,900.0,66.66666666666667,0.0
78297,true,-2.1050742625546235,10,900.0,66.66666666666667,0.0
78329,true,-1.8363586987805718,10,900.0,66.66666666666667,0.0
78360,true,-1.5856690341852158,10,900.0,66.66666666666667,0.0
78397,true,-1.277814372745425,10,900.0,66.66666666666667,0.0
78430,true,-1.0062131627724256,10,900.0,66.66666666666667,0.0
78463,true,-0.6970647350061938,10,900.0,66.66666666666667,0.0
78494,true,-0.41773706061090365,10,900.0,66.66666666666667,0.0
78529,true,-0.1124652687470018,10,900.0,66.66666666666667,0.0
78559,true,0.1251059427297463,10,900.0,66.66666666666667,0.0
78593,true,0.38863882186153376,10,900.0,66.66666666666667,0.0
78625,true,0.4510433175648956,10,900.0,66.66666666666667,0.0
78666,true,0.27440819117111914,11,900.0,66.66666666666667,0.0
78697,true,-0.11136724184028424,11,900.0,66.66666666666667,0.0
78731,true,-0.5630634709358446,11,900.0,66.66666666666667,0.0
78763,true,-1.0857609453431678,11,900.0,66.66666666666667,0.0
78797,true,-1.6446293588464869,10,900.0,66.66666666666667,0.0
78831,true,-1.9473079142317147,10,900.0,66.66666666666667,0.0
78861,true,-2.1178903751889777,10,900.0,66.66666666666667,0.0
78897,true,-2.1958319010764313,10,900.0,66.66666666666667,0.0
78938,true,-2.2688299523659765,10,900.0,66.66666666666667,0.0
78958,true,-2.1902436316919847,10,900.0,66.66666666666667,0.0
78998,true,-2.164187396397338,10,900.0,66.66666666666667,0.0
79031,true,-2.115924773415742,10,900.0,66.66666666666667,0.0
79064,true,-2.1115320974947593,10,900.0,66.66666666666667,0.0
79098,true,-2.085021011459091,10,900.0,66.66666666666667,0.0
79132,true,-2.0244111368195377,10,900.0,66.66666666666667,0.0
79162,true,-1.9266418820872389,10,900.0,66.66666666666667,0.0
79198,true,-1.7637731218149497,10,900.0,66.66666666666667,0.0
79227,true,-1.591012054088523,10,900.0,66.66666666666667,0.0
79266,true,-1.4121330863340518,10,900.0,66.66666666666667,0.0
79310,true,-1.2318157621293722,10,900.0,66.66666666666667,0.0
79336,true,-0.9939387321566073,10,900.0,66.66666666666667,0.0
79358,true,-0.7971705423198046,10,900.0,66.66666666666667,0.0
79398,true,-0.5454496480674749,10,900.0,66.66666666666667,0.0
79427,true,-0.30055398866693395,10,900.0,66.66666666666667,0.0
79463,true,-0.057390653938611536,10,900.0,66.66666666666667,0.0
79493,true,-0.07255099872385529,11,900.0,66.66666666666667,0.0
79530,true,-0.3102337855561359,11,900.0,66.66666666666667,0.0
79562,true,-0.7502744328912314,11,900.0,66.66666666666667,0.0
79601,true,-1.2976628446714926,11,900.0,66.66666666666667,0.0
79632,true,-1.8707680352822678,11,900.0,66.66666666666667,0.0
79667,true,-2.4141807451123753,11,900.0,66.66666666666667,0.0
79697,true,-2.7257092393815157,11,900.0,66.66666666666667,0.0
79729,true,-2.9053234858317722,10,900.0,66.66666666666667,0.0
79763,true,-2.981497015950765,10,900.0,66.66666666666667,0.0
79801,true,-3.0340480728133485,10,900.0,66.66666666666667,0.0
79831,true,-2.92324795510784,10,900.0,66.66666666666667,0.0
79868,true,-2.855005443016651,10,900.0,66.66666666666667,0.0
79897,true,-2.8025832789633682,10,900.0,66.66666666666667,0.0
79927,true,-2.6995737026365987,10,900.0,66.66666666666667,0.0
79962,true,-2.5968193094006153,10,900.0,66.66666666666667,0.0
79999,true,-2.4778282886930754,10,900.0,66.66666666666667,0.0
80035,true,-2.302612018198303,10,900.0,66.66666666666667,0.0
80068,true,-2.087098168168538,10,900.0,66.66666666666667,0.0
80097,true,-1.86961835472556,10,900.0,66.66666666666667,0.0
80133,true,-1.5594737205495193,10,900.0,66.66666666666667,0.0
80159,true,-1.2373828236574695,10,900.0,66.66666666666667,0.0
80194,true,-0.8842075240936396,10,900.0,66.66666666666667,0.0
80227,true,-0.5434113691515705,10,900.0,66.66666666666667,0.0
80271,true,-0.1897342496932879,10,900.0,66.66666666666667,0.0
80300,true,0.06435861202942306,10,900.0,66.66666666666667,0.0
80351,true,0.31173030137395585,10,900.0,66.66666666666667,0.0
80363,true,0.49339138893935797,10,900.0,66.66666666666667,0.0
80395,true,0.6532673139076053,10,900.0,66.66666666666667,0.0
80469,true,0.24183858079756249,11,900.0,66.66666666666667,0.0
80500,true,-0.2217416924714115,11,900.0,66.66666666666667,0.0
80574,true,-0.794524027294429,11,900.0,66.66666666666667,0.0
80601,true,-1.584266497194747,11,900.0,66.66666666666667,0.0
80629,true,-2.3895377708819865,11,900.0,66.66666666666667,0.0
80665,true,-2.8197396764324765,11,900.0,66.66666666666667,0.0
80698,true,-3.248323126176871,10,900.0,66.66666666666667,0.0
80735,true,-3.6273949523721427,10,900.0,66.66666666666667,0.0
80762,true,-3.7912512985337514,10,900.0,66.66666666666667,0.0
80795,true,-3.9494339816165933,10,900.0,66.66666666666667,0.0
80832,true,-3.9717835238287904,10,900.0,66.66666666666667,0.0
80866,true,-3.937594769571575,10,900.0,66.66666666666667,0.0
80897,true,-3.842676253081251,10,900.0,66.66666666666667,0.0
80934,true,-3.6864044905756117,10,900.0,66.66666666666667,0.0
80964,true,-3.492321819947122,10,900.0,66.66666666666667,0.0
80998,true,-3.284317839439126,10,900.0,66.66666666666667,0.0
81025,true,-3.069758571347947,10,900.0,66.66666666666667,0.0
81065,true,-2.8581545639474086,10,900.0,66.66666666666667,0.0
81097,true,-2.7373627089568515,10,900.0,66.66666666666667,0.0
81131,true,-2.639445029121319,10,900.0,66.66666666666667,0.0
81164,true,-2.6035905320735964,10,900.0,66.66666666666667,0.0
81207,true,-2.5924293976738255,10,900.0,66.66666666666667,0.0
81227,true,-2.5282978652565617,10,900.0,66.66666666666667,0.0
81262,true,-2.3492034041843084,10,900.0,66.66666666666667,0.0
81299,true,-2.16986886565239,10,900.0,66.66666666666667,0.0
81333,true,-2.0271968011285395,10,900.0,66.66666666666667,0.0
81369,true,-2.0559289476846345,11,900.0,66.66666666666667,0.0
81394,true,-2.2997132211016265,11,900.0,66.66666666666667,0.0
81424,true,-2.7049225981705405,11,900.0,66.66666666666667,0.0
81465,true,-3.223328708746351,11,900.0,66.66666666666667,0.0
81493,true,-3.7017598028492387,11,900.0,66.66666666666667,0.0
81528,true,-4.032771939138257,11,900.0,66.66666666666667,0.0
81561,true,-4.186775707677398,10,900.0,66.66666666666667,0.0
81591,true,-4.270343203081339,10,900.0,66.66666666666667,0.0