Timestamp(ms),isGoodSignal,filteredIntensity,rrIntervals_count,medianRrMs,rawBpm,filteredBpm
10,true,-0.506249616144288,0,0.0,0.0,0.0
93,true,-0.41453279472224835,0,0.0,0.0,0.0
110,true,-0.4625925332460099,1,433.33333333333337,138.46153846153845,0.0
143,true,-0.5562619487623408,1,433.33333333333337,138.46153846153845,0.0
175,true,-0.6862411747186172,1,433.33333333333337,138.46153846153845,0.0
209,true,-0.8239623536835552,1,433.33333333333337,138.46153846153845,0.0
244,true,-1.0015704745134144,1,433.33333333333337,138.46153846153845,0.0
275,true,-1.100394088025297,1,433.33333333333337,138.46153846153845,0.0
308,true,-1.1579333219159196,1,433.33333333333337,138.46153846153845,0.0
344,true,-1.2431336307141976,1,433.33333333333337,138.46153846153845,0.0
377,true,-1.334568698815815,1,433.33333333333337,138.46153846153845,0.0
408,true,-1.3709199692481207,1,433.33333333333337,138.46153846153845,0.0
444,true,-1.4130601389445303,1,433.33333333333337,138.46153846153845,0.0
476,true,-1.4630770244434927,1,433.33333333333337,138.46153846153845,0.0
511,true,-1.479651070853464,1,433.33333333333337,138.46153846153845,0.0
542,true,-1.4814960920539306,1,433.33333333333337,138.46153846153845,0.0
579,true,-1.4776497370650645,1,433.33333333333337,138.46153846153845,0.0
615,true,-1.4620915960700245,1,433.33333333333337,138.46153846153845,0.0
647,true,-1.4359123254219242,1,433.33333333333337,138.46153846153845,0.0
679,true,-1.4026555812855293,1,433.33333333333337,138.46153846153845,0.0
715,true,-1.346456885083569,1,433.33333333333337,138.46153846153845,0.0
749,true,-1.278296632344535,1,433.33333333333337,138.46153846153845,0.0
784,true,-1.1863746765751841,1,433.33333333333337,138.46153846153845,0.0
810,true,-1.0970181148794325,1,433.33333333333337,138.46153846153845,0.0
846,true,-1.0236032119453,1,433.33333333333337,138.46153846153845,0.0
879,true,-1.0156601710113478,1,433.33333333333337,138.46153846153845,0.0
910,true,-1.0817539440317034,1,433.33333333333337,138.46153846153845,0.0
946,true,-1.181251108820959,1,433.33333333333337,138.46153846153845,0.0
982,true,-1.2964471341731496,1,433.33333333333337,138.46153846153845,0.0
1010,true,-1.4349478122223616,1,433.33333333333337,138.46153846153845,0.0
1046,true,-1.5564900456097064,1,433.33333333333337,138.46153846153845,0.0
1075,true,-1.6111034835059854,1,433.33333333333337,138.46153846153845,0.0
1113,true,-1.6738064357681424,1,433.33333333333337,138.46153846153845,0.0
1143,true,-1.7234714736612773,1,433.33333333333337,138.46153846153845,0.0
1181,true,-1.728218416952103,1,433.33333333333337,138.46153846153845,0.0
1210,true,-1.7167074974066736,1,433.33333333333337,138.46153846153845,0.0
1259,true,-1.7109233880395323,1,433.33333333333337,138.46153846153845,0.0
1277,true,-1.6668759700376086,1,433.33333333333337,138.46153846153845,0.0
1313,true,-1.6142800339844428,1,433.33333333333337,138.46153846153845,0.0
1345,true,-1.565887211736623,1,433.33333333333337,138.46153846153845,0.0
1380,true,-1.4968159931480614,1,433.33333333333337,138.46153846153845,0.0
1412,true,-1.4309503330518396,1,433.33333333333337,138.46153846153845,0.0
1447,true,-1.3843698605630834,1,433.33333333333337,138.46153846153845,0.0
1478,true,-1.3425624789934432,1,433.33333333333337,138.46153846153845,0.0
1512,true,-1.2841443015717289,1,433.33333333333337,138.46153846153845,0.0
1542,true,-1.2339019395245145,1,433.33333333333337,138.46153846153845,0.0
1580,true,-1.1589620431185779,1,433.33333333333337,138.46153846153845,0.0
1616,true,-1.0948747231123832,1,433.33333333333337,138.46153846153845,0.0
1647,true,-1.063535027651767,1,433.33333333333337,138.46153846153845,0.0
1679,true,-1.1087004376084622,1,433.33333333333337,138.46153846153845,0.0
1712,true,-1.1966263002388189,1,433.33333333333337,138.46153846153845,0.0
1747,true,-1.3167119768353643,1,433.33333333333337,138.46153846153845,0.0
1777,true,-1.464299839935876,1,433.33333333333337,138.46153846153845,0.0
1814,true,-1.5875968161889205,1,433.33333333333337,138.46153846153845,0.0
1847,true,-1.6613790168485707,1,433.33333333333337,138.46153846153845,0.0
1876,true,-1.688351965494519,1,433.33333333333337,138.46153846153845,0.0
1910,true,-1.7084131036798738,1,433.33333333333337,138.46153846153845,0.0
1942,true,-1.7030161298606572,1,433.33333333333337,138.46153846153845,0.0
1979,true,-1.711286035170133,1,433.33333333333337,138.46153846153845,0.0
2009,true,-1.717289935619334,1,433.33333333333337,138.46153846153845,0.0
2046,true,-1.7287266318851096,1,433.33333333333337,138.46153846153845,0.0
2077,true,-1.7210970512772974,1,433.33333333333337,138.46153846153845,0.0
2112,true,-1.694620605136663,1,433.33333333333337,138.46153846153845,0.0
2144,true,-1.6434368646174278,1,433.33333333333337,138.46153846153845,0.0
2178,true,-1.5739944983173189,1,433.33333333333337,138.46153846153845,0.0
2209,true,-1.4868163625096429,1,433.33333333333337,138.46153846153845,0.0
2242,true,-1.3962115259390373,1,433.33333333333337,138.46153846153845,0.0
2279,true,-1.304605620722441,1,433.33333333333337,138.46153846153845,0.0
2313,true,-1.2306262931183483,1,433.33333333333337,138.46153846153845,0.0
2345,true,-1.1683536551852285,1,433.33333333333337,138.46153846153845,0.0
2381,true,-1.1130741529635202,1,433.33333333333337,138.46153846153845,0.0
2413,true,-1.0775101744735878,1,433.33333333333337,138.46153846153845,0.0
2447,true,-1.0667904290199601,1,433.33333333333337,138.46153846153845,0.0
2479,true,-1.1070020174271349,1,433.33333333333337,138.46153846153845,0.0
2511,true,-1.204372570943832,1,433.33333333333337,138.46153846153845,0.0
2546,true,-1.3350725704937076,1,433.33333333333337,138.46153846153845,0.0
2579,true,-1.5114621281324503,1,433.33333333333337,138.46153846153845,0.0
2613,true,-1.6771366144316175,1,433.33333333333337,138.46153846153845,0.0
2647,true,-1.793303538538538,1,433.33333333333337,138.46153846153845,0.0
2678,true,-1.8559009250788847,1,433.33333333333337,138.46153846153845,0.0
2711,true,-1.9461856438943244,1,433.33333333333337,138.46153846153845,0.0
2748,true,-1.9889870438805701,1,433.33333333333337,138.46153846153845,0.0
2783,true,-2.0503237518500725,1,433.33333333333337,138.46153846153845,0.0
2811,true,-2.127821218250631,1,433.33333333333337,138.46153846153845,0.0
2842,true,-2.2121316656905208,1,433.33333333333337,138.46153846153845,0.0
2875,true,-2.237848283380629,1,433.33333333333337,138.46153846153845,0.0
2913,true,-2.2583022219582176,1,433.33333333333337,138.46153846153845,0.0
2944,true,-2.239781314686752,1,433.33333333333337,138.46153846153845,0.0
2976,true,-2.191388893997299,1,433.33333333333337,138.46153846153845,0.0
3014,true,-2.1270646841911685,1,433.33333333333337,138.46153846153845,0.0
3045,true,-2.0349095314841463,1,433.33333333333337,138.46153846153845,0.0
3079,true,-1.9179321975206847,1,433.33333333333337,138.46153846153845,0.0
3115,true,-1.7423371026674204,1,433.33333333333337,138.46153846153845,0.0
3144,true,-1.5708948655087909,1,433.33333333333337,138.46153846153845,0.0
3176,true,-1.3855054321957994,1,433.33333333333337,138.46153846153845,0.0
3212,true,-1.2285150876097362,1,433.33333333333337,138.46153846153845,0.0
3243,true,-1.1114706025669818,1,433.33333333333337,138.46153846153845,0.0
3277,true,-1.1042497263716484,1,433.33333333333337,138.46153846153845,0.0
3311,true,-1.1792920877326196,1,433.33333333333337,138.46153846153845,0.0
3344,true,-1.3408754683347297,1,433.33333333333337,138.46153846153845,0.0
3381,true,-1.547133261532025,1,433.33333333333337,138.46153846153845,0.0
3412,true,-1.7569532672610535,1,433.33333333333337,138.46153846153845,0.0
3448,true,-1.9818673740888926,1,433.33333333333337,138.46153846153845,0.0
3479,true,-2.1230814609468496,1,433.33333333333337,138.46153846153845,0.0
3518,true,-2.1868594507977264,1,433.33333333333337,138.46153846153845,0.0
3546,true,-2.238098521049551,1,433.33333333333337,138.46153846153845,0.0
3585,true,-2.2826597976880407,1,433.33333333333337,138.46153846153845,0.0
3616,true,-2.280710884336088,1,433.33333333333337,138.46153846153845,0.0
3645,true,-2.2777292736107313,1,433.33333333333337,138.46153846153845,0.0
3676,true,-2.289289128626649,1,433.33333333333337,138.46153846153845,0.0
3711,true,-2.255650686520653,1,433.33333333333337,138.46153846153845,0.0
3747,true,-2.2007605713801865,1,433.33333333333337,138.46153846153845,0.0
3782,true,-2.1263118756938013,1,433.33333333333337,138.46153846153845,0.0
3815,true,-2.0414808984043873,1,433.33333333333337,138.46153846153845,0.0
3845,true,-1.944621580683389,1,433.33333333333337,138.46153846153845,0.0
3882,true,-1.8483400948792053,1,433.33333333333337,138.46153846153845,0.0
3913,true,-1.8017139924581613,1,433.33333333333337,138.46153846153845,0.0
3947,true,-1.7678917710634607,1,433.33333333333337,138.46153846153845,0.0
3983,true,-1.699690787165821,1,433.33333333333337,138.46153846153845,0.0
4015,true,-1.6162011966613932,1,433.33333333333337,138.46153846153845,0.0
4045,true,-1.473093563682653,1,433.33333333333337,138.46153846153845,0.0
4081,true,-1.2955523770746993,1,433.33333333333337,138.46153846153845,0.0
4114,true,-1.1656081048251394,1,433.33333333333337,138.46153846153845,0.0
4146,true,-1.1793023908281555,1,433.33333333333337,138.46153846153845,0.0
4181,true,-1.3016852290245993,1,433.33333333333337,138.46153846153845,0.0
4212,true,-1.5322317588100418,1,433.33333333333337,138.46153846153845,0.0
4248,true,-1.8217991243898268,1,433.33333333333337,138.46153846153845,0.0
4280,true,-2.064273650423047,1,433.33333333333337,138.46153846153845,0.0
4310,true,-2.1935536542525824,1,433.33333333333337,138.46153846153845,0.0
4345,true,-2.256126641077003,1,433.33333333333337,138.46153846153845,0.0
4382,true,-2.3021130236595866,1,433.33333333333337,138.46153846153845,0.0
4407,true,-2.2882926947072235,1,433.33333333333337,138.46153846153845,0.0
4445,true,-2.282871334325961,1,433.33333333333337,138.46153846153845,0.0
4480,true,-2.2974350314697745,1,433.33333333333337,138.46153846153845,0.0
4515,true,-2.3052719876516505,1,433.33333333333337,138.46153846153845,0.0
4546,true,-2.293305566003312,1,433.33333333333337,138.46153846153845,0.0
4580,true,-2.2706577247874122,1,433.33333333333337,138.46153846153845,0.0
4614,true,-2.2237595174544538,1,433.33333333333337,138.46153846153845,0.0
4649,true,-2.1626958394874976,1,433.33333333333337,138.46153846153845,0.0
4683,true,-2.0806321577433096,1,433.33333333333337,138.46153846153845,0.0
4715,true,-1.9881677705614607,1,433.33333333333337,138.46153846153845,0.0
4748,true,-1.8956929402368417,1,433.33333333333337,138.46153846153845,0.0
4777,true,-1.8050804724367424,1,433.33333333333337,138.46153846153845,0.0
4811,true,-1.7195166267848379,1,433.33333333333337,138.46153846153845,0.0
4844,true,-1.6957244940086582,1,433.33333333333337,138.46153846153845,0.0
4877,true,-1.689871708396339,1,433.33333333333337,138.46153846153845,0.0
4912,true,-1.6545790497634414,1,433.33333333333337,138.46153846153845,0.0
4946,true,-1.6226233699857744,1,433.33333333333337,138.46153846153845,0.0
4981,true,-1.589276877757527,1,433.33333333333337,138.46153846153845,0.0
5015,true,-1.6033849118608714,1,433.33333333333337,138.46153846153845,0.0
5048,true,-1.668528489351587,1,433.33333333333337,138.46153846153845,0.0
5080,true,-1.8124044848246967,1,433.33333333333337,138.46153846153845,0.0
5115,true,-2.070428615858958,1,433.33333333333337,138.46153846153845,0.0
5144,true,-2.345599177425214,1,433.33333333333337,138.46153846153845,0.0
5182,true,-2.493919653695201,1,433.33333333333337,138.46153846153845,0.0
5213,true,-2.5854687948991284,1,433.33333333333337,138.46153846153845,0.0
5249,true,-2.649697336300733,1,433.33333333333337,138.46153846153845,0.0
5294,true,-2.61151905359759,1,433.33333333333337,138.46153846153845,0.0
5315,true,-2.561473291034048,1,433.33333333333337,138.46153846153845,0.0
5349,true,-2.5401188271425497,1,433.33333333333337,138.46153846153845,0.0
5383,true,-2.516909648973609,1,433.33333333333337,138.46153846153845,0.0
5416,true,-2.4665961469510194,1,433.33333333333337,138.46153846153845,0.0
5446,true,-2.40693793106297,1,433.33333333333337,138.46153846153845,0.0
5478,true,-2.327762465137198,1,433.33333333333337,138.46153846153845,0.0
5510,true,-2.239190925383866,1,433.33333333333337,138.46153846153845,0.0
5547,true,-2.148486624071637,1,433.33333333333337,138.46153846153845,0.0
5584,true,-2.0365504388135776,1,433.33333333333337,138.46153846153845,0.0
5611,true,-1.9307286199038458,1,433.33333333333337,138.46153846153845,0.0
5642,true,-1.8350371207639,1,433.33333333333337,138.46153846153845,0.0
5679,true,-1.7442397152834985,1,433.33333333333337,138.46153846153845,0.0
5713,true,-1.6497678060342764,1,433.33333333333337,138.46153846153845,0.0
5743,true,-1.5983463481692581,1,433.33333333333337,138.46153846153845,0.0
5779,true,-1.6321709141770668,1,433.33333333333337,138.46153846153845,0.0
5812,true,-1.7429129421234109,1,433.33333333333337,138.46153846153845,0.0
5847,true,-1.9190683668798556,1,433.33333333333337,138.46153846153845,0.0
5876,true,-2.1403307353285754,1,433.33333333333337,138.46153846153845,0.0
5916,true,-2.3328049823767287,1,433.33333333333337,138.46153846153845,0.0
5947,true,-2.4332372989613305,1,433.33333333333337,138.46153846153845,0.0
5984,true,-2.4890865185608675,1,433.33333333333337,138.46153846153845,0.0
6013,true,-2.475602634350281,1,433.33333333333337,138.46153846153845,0.0
6050,true,-2.43062005924628,1,433.33333333333337,138.46153846153845,0.0
6083,true,-2.4048052587155553,1,433.33333333333337,138.46153846153845,0.0
6115,true,-2.3948528818041837,1,433.33333333333337,138.46153846153845,0.0
6150,true,-2.3598187296191497,1,433.33333333333337,138.46153846153845,0.0
6182,true,-2.3316147070416378,1,433.33333333333337,138.46153846153845,0.0
6212,true,-2.293695678437331,1,433.33333333333337,138.46153846153845,0.0
6248,true,-2.2428776390629253,1,433.33333333333337,138.46153846153845,0.0
6280,true,-2.16979283965685,1,433.33333333333337,138.46153846153845,0.0
6314,true,-2.0720575910940795,1,433.33333333333337,138.46153846153845,0.0
6346,true,-1.957735892147923,1,433.33333333333337,138.46153846153845,0.0
6380,true,-1.824841301827263,1,433.33333333333337,138.46153846153845,0.0
6414,true,-1.7034640366454425,1,433.33333333333337,138.46153846153845,0.0
6446,true,-1.5721731835863295,1,433.33333333333337,138.46153846153845,0.0
6476,true,-1.4615947493003318,1,433.33333333333337,138.46153846153845,0.0
6514,true,-1.3546623573787429,1,433.33333333333337,138.46153846153845,0.0
6547,true,-1.2664865905222769,1,433.33333333333337,138.46153846153845,0.0
6582,true,-1.254652669135993,1,433.33333333333337,138.46153846153845,0.0
6615,true,-1.3470619252685196,1,433.33333333333337,138.46153846153845,0.0
6647,true,-1.4725816426088727,1,433.33333333333337,138.46153846153845,0.0
6685,true,-1.6497220040685932,1,433.33333333333337,138.46153846153845,0.0
6722,true,-1.9318963864589875,1,433.33333333333337,138.46153846153845,0.0
6750,true,-2.1643992894969415,1,433.33333333333337,138.46153846153845,0.0
6780,true,-2.300439660782075,1,433.33333333333337,138.46153846153845,0.0
6811,true,-2.4033654404971685,1,433.33333333333337,138.46153846153845,0.0
6845,true,-2.479945141027059,1,433.33333333333337,138.46153846153845,0.0
6880,true,-2.451909339620812,1,433.33333333333337,138.46153846153845,0.0
6915,true,-2.425825940667778,1,433.33333333333337,138.46153846153845,0.0
6947,true,-2.4460069098720396,1,433.33333333333337,138.46153846153845,0.0
6981,true,-2.4979059358239795,1,433.33333333333337,138.46153846153845,0.0
7010,true,-2.5560018107617566,1,433.33333333333337,138.46153846153845,0.0
7046,true,-2.6237783962201604,1,433.33333333333337,138.46153846153845,0.0
7078,true,-2.6554177278257214,2,433.33333333333337,138.46153846153845,0.0
7110,true,-2.685022573882975,2,433.33333333333337,138.46153846153845,0.0
7145,true,-2.6831272055015916,2,433.33333333333337,138.46153846153845,0.0
7182,true,-2.617165010709101,2,433.33333333333337,138.46153846153845,0.0
7213,true,-2.519852966464157,2,433.33333333333337,138.46153846153845,0.0
7245,true,-2.4114605539572267,2,433.33333333333337,138.46153846153845,0.0
7280,true,-2.2617669514461625,2,433.33333333333337,138.46153846153845,0.0
7320,true,-2.0951371146391295,2,433.33333333333337,138.46153846153845,0.0
7350,true,-1.9749456553012408,2,433.33333333333337,138.46153846153845,0.0
7378,true,-1.8933148693486714,2,433.33333333333337,138.46153846153845,0.0
7410,true,-1.9388264946180982,2,433.33333333333337,138.46153846153845,0.0
7446,true,-2.0694177293109135,2,433.33333333333337,138.46153846153845,0.0
7478,true,-2.2693066597819893,2,433.33333333333337,138.46153846153845,0.0
7517,true,-2.5258311536635745,2,433.33333333333337,138.46153846153845,0.0
7546,true,-2.755904971499149,2,433.33333333333337,138.46153846153845,0.0
7581,true,-2.940833884574232,2,433.33333333333337,138.46153846153845,0.0
7612,true,-3.0636615819035455,2,433.33333333333337,138.46153846153845,0.0
7647,true,-3.154248650530718,2,433.33333333333337,138.46153846153845,0.0
7681,true,-3.194341355346353,2,433.33333333333337,138.46153846153845,0.0
7717,true,-3.267767278197823,2,433.33333333333337,138.46153846153845,0.0
7756,true,-3.2872020424932202,2,433.33333333333337,138.46153846153845,0.0
7781,true,-3.29333783291915,2,433.33333333333337,138.46153846153845,0.0
7811,true,-3.2751733813459225,2,433.33333333333337,138.46153846153845,0.0
7848,true,-3.2497226043933836,2,433.33333333333337,138.46153846153845,0.0
7880,true,-3.197334780982402,2,433.33333333333337,138.46153846153845,0.0
7915,true,-3.102816918459979,2,433.33333333333337,138.46153846153845,0.0
7946,true,-2.99565930627125,2,433.33333333333337,138.46153846153845,0.0
7982,true,-2.8743845727613575,2,433.33333333333337,138.46153846153845,0.0
8011,true,-2.7350475210185436,2,433.33333333333337,138.46153846153845,0.0
8048,true,-2.5327046730132565,2,433.33333333333337,138.46153846153845,0.0
8079,true,-2.3365365917595113,2,433.33333333333337,138.46153846153845,0.0
8114,true,-2.1282715016048144,2,433.33333333333337,138.46153846153845,0.0
8146,true,-1.9600970896940169,2,433.33333333333337,138.46153846153845,0.0
8181,true,-1.8614906617292775,2,433.33333333333337,138.46153846153845,0.0
8209,true,-1.927567786210318,2,433.33333333333337,138.46153846153845,0.0
8247,true,-2.078809827178361,2,433.33333333333337,138.46153846153845,0.0
8278,true,-2.2676384072462383,2,433.33333333333337,138.46153846153845,0.0
8339,true,-2.4416469308746684,2,433.33333333333337,138.46153846153845,0.0
8345,true,-2.534709001293436,2,433.33333333333337,138.46153846153845,0.0
8379,true,-2.58426812661412,2,433.33333333333337,138.46153846153845,0.0
8409,true,-2.5821491371043237,2,433.33333333333337,138.46153846153845,0.0
8444,true,-2.5802203202275393,2,433.33333333333337,138.46153846153845,0.0
8472,true,-2.5934219733089776,2,433.33333333333337,138.46153846153845,0.0
8512,true,-2.640615787600268,2,433.33333333333337,138.46153846153845,0.0
8546,true,-2.6321286035823164,2,433.33333333333337,138.46153846153845,0.0
8578,true,-2.609473261064437,2,433.33333333333337,138.46153846153845,0.0
8608,true,-2.557315720764791,2,433.33333333333337,138.46153846153845,0.0
8647,true,-2.463558779991388,2,433.33333333333337,138.46153846153845,0.0
8691,true,-2.3520681248776327,2,433.33333333333337,138.46153846153845,0.0
8710,true,-2.1568287069712824,2,433.33333333333337,138.46153846153845,0.0
8787,true,-1.9290620268681664,2,433.33333333333337,138.46153846153845,0.0
8818,true,-1.6947774970353464,2,433.33333333333337,138.46153846153845,0.0
8841,true,-1.4632723716706266,2,433.33333333333337,138.46153846153845,0.0
8877,true,-1.2347947468036864,2,433.33333333333337,138.46153846153845,0.0
8910,true,-1.1430540690901125,2,433.33333333333337,138.46153846153845,0.0
8946,true,-1.1654513234585693,1,433.33333333333337,138.46153846153845,0.0
8977,true,-1.2938676439297296,1,433.33333333333337,138.46153846153845,0.0
9009,true,-1.4722105981071252,1,433.33333333333337,138.46153846153845,0.0
9041,true,-1.6811047715085863,1,433.33333333333337,138.46153846153845,0.0
9076,true,-1.8682812222249936,1,433.33333333333337,138.46153846153845,0.0
9107,true,-1.9721999369749028,1,433.33333333333337,138.46153846153845,0.0
9147,true,-2.040200806463673,1,433.33333333333337,138.46153846153845,0.0
9178,true,-2.080322991427721,1,433.33333333333337,138.46153846153845,0.0
9211,true,-2.141192778258045,1,433.33333333333337,138.46153846153845,0.0
9240,true,-2.1784862368001257,1,433.33333333333337,138.46153846153845,0.0
9276,true,-2.2264563360194245,1,433.33333333333337,138.46153846153845,0.0
9315,true,-2.2373512880188002,1,433.33333333333337,138.46153846153845,0.0
9359,true,-2.239773907520373,1,433.33333333333337,138.46153846153845,0.0
9373,true,-2.1984611817212567,1,433.33333333333337,138.46153846153845,0.0
9453,true,-2.1131556999428085,1,433.33333333333337,138.46153846153845,0.0
9482,true,-2.0128477294376523,1,433.33333333333337,138.46153846153845,0.0
9513,true,-1.8389009134411651,1,433.33333333333337,138.46153846153845,0.0
9545,true,-1.6529540936186038,1,433.33333333333337,138.46153846153845,0.0
9576,true,-1.4589239053878487,1,433.33333333333337,138.46153846153845,0.0
9609,true,-1.287868787798942,1,433.33333333333337,138.46153846153845,0.0
9643,true,-1.11520155175333,1,433.33333333333337,138.46153846153845,0.0
9675,true,-1.021683731837527,10,800.0,75.0,0.0
9710,true,-1.0101827170765603,10,800.0,75.0,0.0
9744,true,-1.141330549480415,12,800.0,75.0,0.0
9775,true,-1.330906236741754,12,800.0,75.0,0.0
9814,true,-1.5733748013460058,12,800.0,75.0,0.0
9847,true,-1.8498229035933207,12,800.0,75.0,0.0
9877,true,-2.04161944116521,12,800.0,75.0,0.0
9908,true,-2.1753005880013063,12,800.0,75.0,0.0
9941,true,-2.2699217417470834,12,800.0,75.0,0.0
9974,true,-2.351512812846579,12,800.0,75.0,0.0
10009,true,-2.402113754490955,12,800.0,75.0,0.0
10043,true,-2.490526756286698,12,800.0,75.0,0.0
10072,true,-2.514478145661627,12,800.0,75.0,0.0
10115,true,-2.5262487504374462,11,800.0,75.0,0.0
10149,true,-2.5068085208242508,11,800.0,75.0,0.0
10184,true,-2.455168091238818,11,800.0,75.0,0.0
10213,true,-2.37170379411603,11,800.0,75.0,0.0
10251,true,-2.2641468094673485,11,800.0,75.0,0.0
10275,true,-2.1480464580851617,11,800.0,75.0,0.0
10309,true,-2.013852876496628,11,800.0,75.0,0.0
10354,true,-1.892918883233989,11,800.0,75.0,0.0
10379,true,-1.7535728708274405,11,800.0,75.0,0.0
10406,true,-1.6213323984080148,11,800.0,75.0,0.0
10443,true,-1.4390661955532096,11,800.0,75.0,0.0
10475,true,-1.3014978066265144,11,800.0,75.0,0.0
10523,true,-1.2256557333576836,11,800.0,75.0,0.0
10545,true,-1.254891500757509,12,800.0,75.0,0.0
10578,true,-1.339703368378224,12,800.0,75.0,0.0
10608,true,-1.5014885842007288,12,800.0,75.0,0.0
10644,true,-1.7203619441056048,12,800.0,75.0,0.0
10673,true,-1.8847294236252594,12,800.0,75.0,0.0
10709,true,-2.002309981791143,12,800.0,75.0,0.0
10749,true,-2.0792655123743486,12,800.0,75.0,0.0
10782,true,-2.1513362937685656,12,800.0,75.0,0.0
10807,true,-2.1641136818599307,12,800.0,75.0,0.0
10844,true,-2.1936477211991985,12,800.0,75.0,0.0
10874,true,-2.196721848541017,12,800.0,75.0,0.0
10907,true,-2.1987195269726385,10,800.0,75.0,0.0
10941,true,-2.1884079526792277,10,800.0,75.0,0.0
10978,true,-2.153616371353678,10,800.0,75.0,0.0
11010,true,-2.096716699902288,10,800.0,75.0,0.0
11050,true,-2.0322221995857035,10,800.0,75.0,0.0
11077,true,-1.9589318032347762,10,800.0,75.0,0.0
11116,true,-1.8628512994015125,10,800.0,75.0,0.0
11143,true,-1.7707549275764904,10,800.0,75.0,0.0
11173,true,-1.6702297116372904,10,800.0,75.0,0.0
11206,true,-1.594754009953249,10,800.0,75.0,0.0
11244,true,-1.5713962731659592,10,800.0,75.0,0.0
11273,true,-1.6681444128348346,11,800.0,75.0,0.0
11310,true,-1.7998271830329884,11,800.0,75.0,0.0
11344,true,-1.937807146995567,11,800.0,75.0,0.0
11376,true,-2.132847711585441,11,800.0,75.0,0.0
11407,true,-2.2999526076638404,11,800.0,75.0,0.0
11446,true,-2.028016722277215,11,800.0,75.0,0.0
11472,true,-1.7236963968514658,11,800.0,75.0,0.0
11515,true,-1.4204460304168833,11,800.0,75.0,0.0
11546,true,-1.0332291334149204,11,800.0,75.0,0.0
11576,true,-0.6313350618206641,11,800.0,75.0,0.0
11610,true,-0.5675287874331048,11,800.0,75.0,0.0
11647,true,-0.48504096735732105,11,800.0,75.0,0.0
11675,true,-0.39935473881578787,10,800.0,75.0,0.0
11709,true,-0.31124876436868476,11,800.0,75.0,0.0
11742,true,-0.20775900374417233,11,800.0,75.0,0.0
11782,true,-0.4543685094652403,11,800.0,75.0,0.0
11805,true,-0.7153923497023982,11,800.0,75.0,0.0
11843,true,-0.9586938040154394,11,800.0,75.0,0.0
11874,true,-1.199815366819962,11,800.0,75.0,0.0
11909,true,-1.435113165353357,11,800.0,75.0,0.0
11946,true,-1.3271899520055968,11,800.0,75.0,0.0
11983,true,-1.2007089170654126,11,800.0,75.0,0.0
12013,true,-1.119904011184957,11,800.0,75.0,0.0
12039,true,-1.089701281044995,11,800.0,75.0,0.0
12079,true,-1.1354887871661106,11,800.0,75.0,0.0
12117,true,-1.2222086306395852,11,800.0,75.0,0.0
12145,true,-1.3544550965858093,11,800.0,75.0,0.0
12179,true,-1.5479274566721983,11,800.0,75.0,0.0
12207,true,-1.7134048457602944,11,800.0,75.0,0.0
12241,true,-1.536483750966795,11,800.0,75.0,0.0
12279,true,-1.3114432783721384,11,800.0,75.0,0.0
12311,true,-1.0302288018788772,11,800.0,75.0,0.0
12348,true,-0.6813566456106912,11,800.0,75.0,0.0
12378,true,-0.3424331060586212,11,800.0,75.0,0.0
12407,true,-0.3019262206796327,11,800.0,75.0,0.0
12443,true,-0.2644673327941973,11,800.0,75.0,0.0
12478,true,-0.24555115614776923,10,800.0,75.0,0.0
12511,true,-0.18002580773423915,10,800.0,75.0,0.0
12539,true,-0.07603964125169682,10,800.0,75.0,0.0
12581,true,0.013977780988369659,10,800.0,75.0,0.0
12611,true,0.12068164577047469,10,800.0,75.0,0.0
12652,true,-0.08151655574613415,10,800.0,75.0,0.0
12680,true,-0.3087235824883976,10,800.0,75.0,0.0
12709,true,-0.5288665969364104,10,800.0,75.0,0.0
12738,true,-0.7218167832521942,10,800.0,75.0,0.0
12781,true,-0.8641453517424225,10,800.0,75.0,0.0
12811,true,-0.6929680368365894,10,800.0,75.0,0.0
12848,true,-0.5610818998488583,10,800.0,75.0,0.0
12878,true,-0.5600025661377686,10,800.0,75.0,0.0
12913,true,-0.6333493707510627,10,800.0,75.0,75.0
12943,true,-0.8098612649961865,10,800.0,75.0,75.0
12979,true,-1.0895426607478385,10,800.0,75.0,75.0
13010,true,-1.347300595302329,10,800.0,75.0,75.0
13044,true,-1.5492677608207543,10,800.0,75.0,75.0
13072,true,-1.6721554644262824,10,800.0,75.0,75.0
13116,true,-1.455958658626571,10,800.0,75.0,75.0
13147,true,-1.1624944890828033,10,800.0,75.0,75.0
13211,true,-0.8667748115616121,10,800.0,75.0,75.0
13244,true,-0.5188918231973219,10,800.0,75.0,75.0
13277,true,-0.47624336869500894,10,800.0,75.0,75.0
13305,true,-0.7293247059979251,11,800.0,75.0,75.0
13341,true,-0.9606229627780465,10,800.0,75.0,75.0
13378,true,-1.1538308087795315,10,800.0,75.0,75.0
13415,true,-1.3429413213919474,10,800.0,75.0,75.0
13448,true,-1.2182960826656881,10,800.0,75.0,75.0
13476,true,-1.078086761868832,10,800.0,75.0,75.0
13546,true,-0.9420331088089995,10,800.0,75.0,75.0
13582,true,-0.797538740862592,10,800.0,75.0,75.0
13609,true,-0.6674726711768244,10,800.0,75.0,75.0
13649,true,-0.5372884783261043,10,800.0,75.0,75.0
13678,true,-0.5087456587469319,10,800.0,75.0,75.0
13709,true,-0.5769130821435908,10,800.0,75.0,75.0
13739,true,-0.7146243653294562,10,800.0,75.0,75.0
13777,true,-0.9032813544098701,9,766.6666666666667,78.26086956521738,75.0
13811,true,-1.120209500569075,9,766.6666666666667,78.26086956521738,75.0
13843,true,-1.315249746750169,9,766.6666666666667,78.26086956521738,75.0
13872,true,-1.4146551936483434,9,766.6666666666667,78.26086956521738,75.0
13912,true,-1.180673302148989,9,766.6666666666667,78.26086956521738,75.0
13948,true,-0.8891491410936396,9,766.6666666666667,78.26086956521738,75.0
13982,true,-0.8981029401167575,9,766.6666666666667,78.26086956521738,75.16304347826087
14013,true,-0.862864786169979,9,766.6666666666667,78.26086956521738,75.16304347826087
14044,true,-0.8385258713728092,9,766.6666666666667,78.26086956521738,75.16304347826087
14077,true,-1.1082250563886191,9,766.6666666666667,78.26086956521738,75.16304347826087
14109,true,-1.3617505763129998,9,766.6666666666667,78.26086956521738,75.16304347826087
14150,true,-1.2770512477522686,9,766.6666666666667,78.26086956521738,75.16304347826087
14177,true,-1.171544104341848,9,766.6666666666667,78.26086956521738,75.16304347826087
14208,true,-1.058132848986645,9,766.6666666666667,78.26086956521738,75.16304347826087
14247,true,-0.9180920511136037,9,766.6666666666667,78.26086956521738,75.16304347826087
14280,true,-0.7827957619230688,9,766.6666666666667,78.26086956521738,75.16304347826087
14317,true,-0.643577852555751,9,766.6666666666667,78.26086956521738,75.3179347826087
14342,true,-0.5142110767442887,9,766.6666666666667,78.26086956521738,75.3179347826087
14374,true,-0.3344947911174927,9,766.6666666666667,78.26086956521738,75.3179347826087
14411,true,-0.1662093319181963,9,766.6666666666667,78.26086956521738,75.3179347826087
14446,true,0.00890692014215233,9,766.6666666666667,78.26086956521738,75.3179347826087
14482,true,0.13220234854435375,9,766.6666666666667,78.26086956521738,75.3179347826087
14513,true,0.16730411848362792,9,766.6666666666667,78.26086956521738,75.3179347826087
14545,true,0.04211608054603744,10,766.6666666666667,78.26086956521738,75.3179347826087
14578,true,-0.17549393984387507,10,766.6666666666667,78.26086956521738,75.3179347826087
14613,true,-0.43143157284271183,10,766.6666666666667,78.26086956521738,75.3179347826087
14649,true,-0.7264675616002592,10,766.6666666666667,78.26086956521738,75.46508152173914
14678,true,-0.9478705666149665,10,766.6666666666667,78.26086956521738,75.46508152173914
14711,true,-1.108848931217409,10,766.6666666666667,78.26086956521738,75.46508152173914
14746,true,-1.2022561874800317,10,766.6666666666667,78.26086956521738,75.46508152173914
14780,true,-0.9855010856938122,10,766.6666666666667,78.26086956521738,75.46508152173914
14810,true,-0.7125053842375735,10,766.6666666666667,78.26086956521738,75.46508152173914
14845,true,-0.4371613276904611,10,766.6666666666667,78.26086956521738,75.46508152173914
14879,true,-0.1210278970306149,10,766.6666666666667,78.26086956521738,75.46508152173914
14922,true,0.19855769163916648,10,766.6666666666667,78.26086956521738,75.46508152173914
14944,true,0.23249344752338175,10,766.6666666666667,78.26086956521738,75.46508152173914
14976,true,0.2923196844658662,10,766.6666666666667,78.26086956521738,75.60487092391305
15008,true,0.38195988860053376,10,766.6666666666667,78.26086956521738,75.60487092391305
15047,true,0.18644248075108294,11,733.3333333333333,81.81818181818183,75.60487092391305
15075,true,0.0014170226020269183,10,733.3333333333333,81.81818181818183,75.60487092391305
15111,true,-0.17122671448260007,10,733.3333333333333,81.81818181818183,75.60487092391305
15143,true,-0.34795644730644426,10,733.3333333333333,81.81818181818183,75.60487092391305
15175,true,-0.5217698760947371,10,733.3333333333333,81.81818181818183,75.60487092391305
15209,true,-0.40676874672163876,10,733.3333333333333,81.81818181818183,75.60487092391305
15250,true,-0.23660920046918932,10,733.3333333333333,81.81818181818183,75.60487092391305
15282,true,-0.058206483910822726,10,733.3333333333333,81.81818181818183,75.60487092391305
15318,true,0.10862573483953497,10,733.3333333333333,81.81818181818183,75.9155364686265
15343,true,0.19010894710964976,10,733.3333333333333,81.81818181818183,75.9155364686265
15373,true,0.1963962511341606,10,733.3333333333333,81.81818181818183,75.9155364686265
15412,true,0.06715644387355724,11,700.0,85.71428571428571,75.9155364686265
15448,true,-0.1313027985469546,11,700.0,85.71428571428571,75.9155364686265
15478,true,-0.31857973544092033,11,700.0,85.71428571428571,75.9155364686265
15511,true,-0.5144857910051712,11,700.0,85.71428571428571,75.9155364686265
15544,true,-0.6483983392989785,11,700.0,85.71428571428571,75.9155364686265
15580,true,-0.7456920774581022,11,700.0,85.71428571428571,75.9155364686265
15614,true,-0.8032693450611532,11,700.0,85.71428571428571,75.9155364686265
15645,true,-0.8811473899710052,11,700.0,85.71428571428571,76.40547393090947
15680,true,-0.9018603591326553,11,700.0,85.71428571428571,76.40547393090947
15725,true,-0.9007705006698927,11,700.0,85.71428571428571,76.40547393090947
15747,true,-0.872310114550487,11,700.0,85.71428571428571,76.40547393090947
15780,true,-0.8362454520172378,11,700.0,85.71428571428571,76.40547393090947
15811,true,-0.782424302320976,11,700.0,85.71428571428571,76.40547393090947
15847,true,-0.7031437621893986,7,366.66666666666663,163.63636363636365,76.40547393090947
15876,true,-0.6132004977998236,7,366.66666666666663,163.63636363636365,76.40547393090947
15912,true,-0.5104927449112608,7,366.66666666666663,163.63636363636365,76.40547393090947
15944,true,-0.4134994380346768,7,366.66666666666663,163.63636363636365,76.40547393090947
15977,true,-0.28779220107909964,7,366.66666666666663,163.63636363636365,76.40547393090947
16011,true,-0.1779286681279757,7,366.66666666666663,163.63636363636365,76.40547393090947
16048,true,-0.032333937256851186,7,366.66666666666663,163.63636363636365,76.40547393090947
16076,true,0.133778388125819,7,366.66666666666663,163.63636363636365,76.40547393090947
16114,true,0.2942702028088604,7,366.66666666666663,163.63636363636365,76.40547393090947
16147,true,0.3691460848560837,7,366.66666666666663,163.63636363636365,76.40547393090947
16181,true,0.3500570078067824,7,366.66666666666663,163.63636363636365,76.40547393090947
16211,true,0.2134365645032119,7,366.66666666666663,163.63636363636365,76.40547393090947
16256,true,0.01291804549427411,7,366.66666666666663,163.63636363636365,76.40547393090947
16287,true,-0.1821093555796267,7,366.66666666666663,163.63636363636365,76.40547393090947
16315,true,-0.3967531538653759,7,366.66666666666663,163.63636363636365,76.40547393090947
16349,true,-0.5088729312381304,7,366.66666666666663,163.63636363636365,76.40547393090947
16377,true,-0.5741042839516979,7,366.66666666666663,163.63636363636365,76.40547393090947
16422,true,-0.6003381996230246,7,366.66666666666663,163.63636363636365,76.40547393090947
16451,true,-0.6324076593547261,7,366.66666666666663,163.63636363636365,76.40547393090947
16478,true,-0.6007487116668244,7,366.66666666666663,163.63636363636365,76.40547393090947
16511,true,-0.56559834399485,7,366.66666666666663,163.63636363636365,76.40547393090947
16545,true,-0.506746070031113,7,366.66666666666663,163.63636363636365,76.40547393090947
16577,true,-0.44766930646949277,7,366.66666666666663,163.63636363636365,76.40547393090947
16614,true,-0.3777664945249626,7,366.66666666666663,163.63636363636365,76.40547393090947
16644,true,-0.2697368434039902,7,366.66666666666663,163.63636363636365,76.40547393090947
16680,true,-0.15192471407513608,5,500.0,120.0,76.40547393090947
16714,true,-0.01692477449611829,5,500.0,120.0,76.40547393090947
16742,true,0.10926478732628198,5,500.0,120.0,76.40547393090947
16780,true,0.3030773544711849,5,500.0,120.0,76.40547393090947
16814,true,0.49460918926789077,5,500.0,120.0,76.40547393090947
16845,true,0.6921967099188748,5,500.0,120.0,76.40547393090947
16874,true,0.8805828171304313,5,500.0,120.0,76.40547393090947
16912,true,1.101591546936504,5,500.0,120.0,76.40547393090947
16942,true,1.204432145782988,5,500.0,120.0,76.40547393090947
16976,true,1.2091518077770615,5,500.0,120.0,76.40547393090947
17012,true,1.1044712720541838,10,700.0,85.71428571428571,76.40547393090947
17040,true,0.9277070060479105,10,700.0,85.71428571428571,76.40547393090947
17076,true,0.6893835839690041,10,700.0,85.71428571428571,76.40547393090947
17112,true,0.46759702648867574,10,700.0,85.71428571428571,76.40547393090947
17148,true,0.32301278605007155,10,700.0,85.71428571428571,76.40547393090947
17173,true,0.2565371843423918,10,700.0,85.71428571428571,76.40547393090947
17241,true,0.2595632597637234,10,700.0,85.71428571428571,76.40547393090947
17275,true,0.23409459660450693,10,700.0,85.71428571428571,76.40547393090947
17307,true,0.2023681811470226,10,700.0,85.71428571428571,76.40547393090947
17347,true,0.20379800136100812,10,700.0,85.71428571428571,76.87091452007829
17375,true,0.22925667603129796,10,700.0,85.71428571428571,76.87091452007829
17411,true,0.26794386482703203,10,700.0,85.71428571428571,76.87091452007829
17441,true,0.37510985605703695,10,700.0,85.71428571428571,76.87091452007829
17477,true,0.5345610646176056,10,700.0,85.71428571428571,76.87091452007829
17509,true,0.6704916073319396,9,633.3333333333333,94.73684210526316,76.87091452007829
17544,true,0.8087746766675536,9,633.3333333333333,94.73684210526316,76.87091452007829
17575,true,0.9309836827079039,9,633.3333333333333,94.73684210526316,76.87091452007829
17617,true,1.0690825108620743,9,633.3333333333333,94.73684210526316,76.87091452007829
17645,true,1.1687479344595602,9,633.3333333333333,94.73684210526316,76.87091452007829
17673,true,1.2724079414134621,9,633.3333333333333,94.73684210526316,77.76421089933753
17707,true,1.36007331225872,9,633.3333333333333,94.73684210526316,77.76421089933753
17743,true,1.4131830735304902,9,633.3333333333333,94.73684210526316,77.76421089933753
17773,true,1.3829500155474648,9,633.3333333333333,94.73684210526316,77.76421089933753
17811,true,1.2442775226964216,9,633.3333333333333,94.73684210526316,77.76421089933753
17843,true,1.0323185659572687,9,633.3333333333333,94.73684210526316,77.76421089933753
17878,true,0.8505420801510581,9,633.3333333333333,94.73684210526316,77.76421089933753
17907,true,0.6968062277433091,9,633.3333333333333,94.73684210526316,77.76421089933753
17947,true,0.5686788548668176,9,633.3333333333333,94.73684210526316,77.76421089933753
17975,true,0.5736405147383152,9,633.3333333333333,94.73684210526316,77.76421089933753
18010,true,0.627368985221409,9,633.3333333333333,94.73684210526316,78.61284245963381
18041,true,0.6546557868267655,9,633.3333333333333,94.73684210526316,78.61284245963381
18073,true,0.6836629015836309,9,633.3333333333333,94.73684210526316,78.61284245963381
18110,true,0.7311214851160628,9,633.3333333333333,94.73684210526316,78.61284245963381
18144,true,0.7730907710076167,9,633.3333333333333,94.73684210526316,78.61284245963381
18178,true,0.8264230900919927,9,633.3333333333333,94.73684210526316,78.61284245963381
18214,true,0.8781935873369093,9,633.3333333333333,94.73684210526316,78.61284245963381
18243,true,0.9348257538178757,9,633.3333333333333,94.73684210526316,78.61284245963381
18276,true,1.0222350945787184,9,633.3333333333333,94.73684210526316,78.61284245963381
18308,true,1.1090381649135281,8,633.3333333333333,94.73684210526316,78.61284245963381
18352,true,1.212282529208835,8,633.3333333333333,94.73684210526316,79.41904244191528
18374,true,1.3167053168336338,8,633.3333333333333,94.73684210526316,79.41904244191528
18406,true,1.4310034189355747,8,633.3333333333333,94.73684210526316,79.41904244191528
18440,true,1.5246825700729119,8,633.3333333333333,94.73684210526316,79.41904244191528
18482,true,1.5690332640324698,8,633.3333333333333,94.73684210526316,79.41904244191528
18509,true,1.5668712424154307,8,633.3333333333333,94.73684210526316,79.41904244191528
18544,true,1.5307895022636728,8,633.3333333333333,94.73684210526316,79.41904244191528
18579,true,1.434130054994597,8,633.3333333333333,94.73684210526316,79.41904244191528
18609,true,1.3034655409266236,8,633.3333333333333,94.73684210526316,79.41904244191528
18642,true,1.1852389558846141,8,633.3333333333333,94.73684210526316,79.41904244191528
18681,true,1.0988573808528201,8,633.3333333333333,94.73684210526316,80.18493242508268
18707,true,1.0289671015948159,8,633.3333333333333,94.73684210526316,80.18493242508268
18776,true,0.9857262427334774,8,633.3333333333333,94.73684210526316,80.18493242508268
18806,true,0.9766683216253398,8,633.3333333333333,94.73684210526316,80.18493242508268
18844,true,1.007035594841966,8,633.3333333333333,94.73684210526316,80.18493242508268
18872,true,1.0369592446755007,8,633.3333333333333,94.73684210526316,80.18493242508268
18916,true,1.0835527569237797,8,633.3333333333333,94.73684210526316,80.18493242508268
18950,true,1.1543136458304275,8,633.3333333333333,94.73684210526316,80.18493242508268
18984,true,1.2438107601930142,8,633.3333333333333,94.73684210526316,80.18493242508268
19045,true,1.3326104849487024,8,633.3333333333333,94.73684210526316,80.18493242508268
19079,true,1.4283562723862246,7,566.6666666666666,105.88235294117648,80.91252790909171
19106,true,1.521018830350073,7,566.6666666666666,105.88235294117648,80.91252790909171
19148,true,1.5545478776388393,7,566.6666666666666,105.88235294117648,80.91252790909171
19180,true,1.5720212965314317,7,566.6666666666666,105.88235294117648,80.91252790909171
19208,true,1.6222437823003872,7,566.6666666666666,105.88235294117648,80.91252790909171
19239,true,1.6809144524339104,7,566.6666666666666,105.88235294117648,80.91252790909171
19275,true,1.813235275748383,7,566.6666666666666,105.88235294117648,80.91252790909171
19305,true,1.989039461849842,7,566.6666666666666,105.88235294117648,80.91252790909171
19339,true,2.1289419224370647,7,566.6666666666666,105.88235294117648,80.91252790909171
19372,true,2.170371919144742,7,566.6666666666666,105.88235294117648,80.91252790909171
19407,true,2.134230585782774,7,566.6666666666666,105.88235294117648,82.16101916069594
19441,true,1.9912926735326835,7,566.6666666666666,105.88235294117648,82.16101916069594
19471,true,1.8601635194389132,7,566.6666666666666,105.88235294117648,82.16101916069594
19508,true,1.7564951769539334,7,566.6666666666666,105.88235294117648,82.16101916069594
19544,true,1.6194041153960654,7,566.6666666666666,105.88235294117648,82.16101916069594
19573,true,1.5186603306570703,7,566.6666666666666,105.88235294117648,82.16101916069594
19607,true,1.4189026603683885,7,566.6666666666666,105.88235294117648,82.16101916069594
19682,true,1.3019088887948271,7,566.6666666666666,105.88235294117648,82.16101916069594
19714,true,1.1871660968619722,7,566.6666666666666,105.88235294117648,82.16101916069594
19774,true,1.1745317450344146,7,566.6666666666666,105.88235294117648,82.16101916069594
19816,true,1.189891187266852,7,566.6666666666666,105.88235294117648,83.34708584971997
19843,true,1.2299841114240735,7,566.6666666666666,105.88235294117648,83.34708584971997
19907,true,1.3114726584853145,7,566.6666666666666,105.88235294117648,83.34708584971997
19940,true,1.4004698763056638,6,566.6666666666666,105.88235294117648,83.34708584971997
19972,true,1.4958402560550326,6,566.6666666666666,105.88235294117648,83.34708584971997
20005,true,1.6053978460462304,6,566.6666666666666,105.88235294117648,83.34708584971997
20046,true,1.7982853855635028,6,566.6666666666666,105.88235294117648,83.34708584971997
20075,true,1.965934099765235,6,566.6666666666666,105.88235294117648,83.34708584971997
20106,true,2.1010470936971615,6,566.6666666666666,105.88235294117648,83.34708584971997
20140,true,2.1927780867460456,6,566.6666666666666,105.88235294117648,83.34708584971997
20179,true,2.2010609848238403,6,566.6666666666666,105.88235294117648,84.4738492042928
20208,true,2.090344959469377,6,566.6666666666666,105.88235294117648,84.4738492042928
20249,true,1.959127001984541,6,566.6666666666666,105.88235294117648,84.4738492042928
20276,true,1.8605225934412033,6,566.6666666666666,105.88235294117648,84.4738492042928
20306,true,1.7836310883731699,6,566.6666666666666,105.88235294117648,84.4738492042928
20347,true,1.7649620549833855,6,566.6666666666666,105.88235294117648,84.4738492042928
20377,true,1.784402086852225,6,566.6666666666666,105.88235294117648,84.4738492042928
20405,true,1.823111089676786,6,566.6666666666666,105.88235294117648,84.4738492042928
20463,true,1.8404932540882157,6,566.6666666666666,105.88235294117648,84.4738492042928
20473,true,1.8550982870195867,6,566.6666666666666,105.88235294117648,84.4738492042928
20511,true,1.8606957922407332,6,566.6666666666666,105.88235294117648,85.54427439113698
20543,true,1.8717293172475138,6,566.6666666666666,105.88235294117648,85.54427439113698
20579,true,1.8837723912579065,6,566.6666666666666,105.88235294117648,85.54427439113698
20608,true,1.9088520882893647,6,566.6666666666666,105.88235294117648,85.54427439113698
20643,true,1.9633808274494413,6,566.6666666666666,105.88235294117648,85.54427439113698
20675,true,2.0278392926470303,6,566.6666666666666,105.88235294117648,85.54427439113698
20709,true,2.0898800559906476,6,566.6666666666666,105.88235294117648,85.54427439113698
20742,true,2.1544857850910546,6,500.0,120.0,85.54427439113698
20772,true,2.220045581645138,6,500.0,120.0,85.54427439113698
20805,true,2.2697910996899964,6,500.0,120.0,85.54427439113698
20842,true,2.3214021798039255,6,500.0,120.0,87.26706067158013
20872,true,2.3776031829505087,6,500.0,120.0,87.26706067158013
20907,true,2.4266263092827103,6,500.0,120.0,87.26706067158013
20941,true,2.430385542752532,6,500.0,120.0,87.26706067158013
20973,true,2.4128116647150932,6,500.0,120.0,87.26706067158013
21006,true,2.3522542477296042,6,500.0,120.0,87.26706067158013
21046,true,2.247000296165737,6,500.0,120.0,87.26706067158013
21076,true,2.1350837079073415,6,500.0,120.0,87.26706067158013
21108,true,2.032940505206625,6,500.0,120.0,87.26706067158013
21146,true,1.9462958291991868,6,500.0,120.0,87.26706067158013
21177,true,1.8984542299573377,6,500.0,120.0,88.90370763800111
21204,true,1.878246727080466,6,500.0,120.0,88.90370763800111
21240,true,1.8534978053596944,6,500.0,120.0,88.90370763800111
21271,true,1.8556088097674888,6,500.0,120.0,88.90370763800111
21305,true,1.8595315390506357,6,500.0,120.0,88.90370763800111
21342,true,1.8622503326851358,6,500.0,120.0,88.90370763800111
21375,true,1.878200317900479,6,500.0,120.0,88.90370763800111
21409,true,1.9088499520977393,6,500.0,120.0,88.90370763800111
21447,true,1.9476997266677927,6,500.0,120.0,88.90370763800111
21478,true,1.9885941671769558,6,366.66666666666663,163.63636363636365,88.90370763800111
21511,true,2.024043635715742,6,366.66666666666663,163.63636363636365,88.90370763800111
21542,true,2.0575767230594693,6,366.66666666666663,163.63636363636365,88.90370763800111
21576,true,2.080396006008158,6,366.66666666666663,163.63636363636365,88.90370763800111
21614,true,2.103498627811007,6,366.66666666666663,163.63636363636365,88.90370763800111
21646,true,2.145097745203401,6,366.66666666666663,163.63636363636365,88.90370763800111
21676,true,2.192188985134379,6,366.66666666666663,163.63636363636365,88.90370763800111
21711,true,2.260119316683273,6,366.66666666666663,163.63636363636365,88.90370763800111
21745,true,2.3164517319158904,6,366.66666666666663,163.63636363636365,88.90370763800111
21778,true,2.3706905272564995,6,366.66666666666663,163.63636363636365,88.90370763800111
21805,true,2.3260706872329138,6,366.66666666666663,163.63636363636365,88.90370763800111
21843,true,2.2296258319688604,6,366.66666666666663,163.63636363636365,88.90370763800111
21876,true,2.0971736650158164,6,366.66666666666663,163.63636363636365,88.90370763800111
21910,true,1.9418126602793677,6,366.66666666666663,163.63636363636365,88.90370763800111
21943,true,1.7785252092886878,6,366.66666666666663,163.63636363636365,88.90370763800111
21969,true,1.670649564503293,5,500.0,120.0,88.90370763800111
22010,true,1.6093544539124025,5,500.0,120.0,88.90370763800111
22048,true,1.5531421825241978,5,500.0,120.0,88.90370763800111
22077,true,1.526257373020087,5,500.0,120.0,88.90370763800111
22108,true,1.5035573258113288,5,500.0,120.0,88.90370763800111
22141,true,1.4886813177727447,5,500.0,120.0,88.90370763800111
22178,true,1.4803131393601632,5,500.0,120.0,90.45852225610105
22208,true,1.4747100358810314,5,500.0,120.0,90.45852225610105
22246,true,1.4753875770781235,5,500.0,120.0,90.45852225610105
22274,true,1.4876957594567557,4,500.0,120.0,90.45852225610105
22312,true,1.5255908458058798,4,500.0,120.0,90.45852225610105
22339,true,1.566766457736577,4,500.0,120.0,90.45852225610105
22374,true,1.6112002109929904,4,500.0,120.0,90.45852225610105
22407,true,1.6598558651396047,4,500.0,120.0,90.45852225610105
22442,true,1.6998481208524936,4,500.0,120.0,90.45852225610105
22495,true,1.7313550102166744,4,500.0,120.0,90.45852225610105
22510,true,1.7606067847802649,4,500.0,120.0,91.935596143296
22553,true,1.7834584068220636,4,500.0,120.0,91.935596143296
22577,true,1.8144037718988955,4,500.0,120.0,91.935596143296
22608,true,1.8104110167537897,4,500.0,120.0,91.935596143296
22645,true,1.765500486101928,4,500.0,120.0,91.935596143296
22672,true,1.676895854257225,4,500.0,120.0,91.935596143296
22710,true,1.554590086930176,4,500.0,120.0,91.935596143296
22737,true,1.4219815821073212,4,500.0,120.0,91.935596143296
22773,true,1.3099734636045923,4,500.0,120.0,91.935596143296
22806,true,1.2398429424640085,4,500.0,120.0,91.935596143296
22838,true,1.2133004782053263,6,366.66666666666663,163.63636363636365,93.33881633613119
22876,true,1.2290926403451863,6,366.66666666666663,163.63636363636365,93.33881633613119
22909,true,1.2202341537583266,6,366.66666666666663,163.63636363636365,93.33881633613119
22942,true,1.2147330044956277,6,366.66666666666663,163.63636363636365,93.33881633613119
22977,true,1.2092777511409452,6,366.66666666666663,163.63636363636365,93.33881633613119
23008,true,1.2063072850715741,6,366.66666666666663,163.63636363636365,93.33881633613119
23045,true,1.1960882386635774,6,366.66666666666663,163.63636363636365,93.33881633613119
23081,true,1.2115906047365002,6,366.66666666666663,163.63636363636365,93.33881633613119
23110,true,1.2649987714880808,5,366.66666666666663,163.63636363636365,93.33881633613119
23144,true,1.3170700001668365,5,366.66666666666663,163.63636363636365,93.33881633613119
23181,true,1.3681761533474344,5,366.66666666666663,163.63636363636365,93.33881633613119
23209,true,1.4335060508395827,5,366.66666666666663,163.63636363636365,93.33881633613119
23241,true,1.495207856045198,5,366.66666666666663,163.63636363636365,93.33881633613119
23273,true,1.534508213801928,5,366.66666666666663,163.63636363636365,93.33881633613119
23310,true,1.579052123566953,5,366.66666666666663,163.63636363636365,93.33881633613119
23343,true,1.6172176474288733,5,366.66666666666663,163.63636363636365,93.33881633613119
23377,true,1.6694357648510163,5,366.66666666666663,163.63636363636365,93.33881633613119
23407,true,1.7186364932466347,5,366.66666666666663,163.63636363636365,93.33881633613119
23445,true,1.7528883106055275,5,366.66666666666663,163.63636363636365,93.33881633613119
23477,true,1.7170463125115987,4,466.6666666666667,128.57142857142856,93.33881633613119
23509,true,1.6384152533904341,4,466.6666666666667,128.57142857142856,95.10044694789606
23545,true,1.5119594160587724,4,466.6666666666667,128.57142857142856,95.10044694789606
23577,true,1.340240083965142,4,466.6666666666667,128.57142857142856,95.10044694789606
23604,true,1.1778125040503653,4,466.6666666666667,128.57142857142856,95.10044694789606
23642,true,1.0621319880523004,4,466.6666666666667,128.57142857142856,95.10044694789606
23673,true,0.9878796703792148,4,466.6666666666667,128.57142857142856,95.10044694789606
23711,true,0.9365578107281465,4,466.6666666666667,128.57142857142856,95.10044694789606
23744,true,0.9373838968384121,4,466.6666666666667,128.57142857142856,95.10044694789606
23778,true,0.9315636338263005,4,466.6666666666667,128.57142857142856,95.10044694789606
23805,true,0.9299962071128789,4,466.6666666666667,128.57142857142856,95.10044694789606
23842,true,0.931884563169092,3,466.6666666666667,128.57142857142856,96.77399602907268
23873,true,0.9499132101594228,3,466.6666666666667,128.57142857142856,96.77399602907268
23914,true,0.9663798342828045,3,466.6666666666667,128.57142857142856,96.77399602907268
23940,true,1.0008382825862725,3,466.6666666666667,128.57142857142856,96.77399602907268
23973,true,1.0758574401530439,3,466.6666666666667,128.57142857142856,96.77399602907268
24003,true,1.156453908303547,3,466.6666666666667,128.57142857142856,96.77399602907268
24039,true,1.2231891176787997,3,466.6666666666667,128.57142857142856,96.77399602907268
24073,true,1.2862669947346888,3,466.6666666666667,128.57142857142856,96.77399602907268
24106,true,1.3404068886159735,3,466.6666666666667,128.57142857142856,96.77399602907268
24140,true,1.3639028066315007,3,466.6666666666667,128.57142857142856,96.77399602907268
24177,true,1.3961151357034964,3,466.6666666666667,128.57142857142856,96.77399602907268
24206,true,1.4387659499612653,2,500.0,120.0,96.77399602907268
24244,true,1.4983402608170593,2,500.0,120.0,96.77399602907268
24276,true,1.563830667202211,2,500.0,120.0,96.77399602907268
24312,true,1.6180802419279985,2,500.0,120.0,96.77399602907268
24340,true,1.5906968331516396,2,500.0,120.0,96.77399602907268
24376,true,1.5017815157549421,2,500.0,120.0,96.77399602907268
24405,true,1.3684067791184589,2,500.0,120.0,96.77399602907268
24448,true,1.2032121773893891,2,500.0,120.0,96.77399602907268
24475,true,1.051233697022809,2,500.0,120.0,96.77399602907268
24517,true,0.9222171954962448,2,500.0,120.0,96.77399602907268
24554,true,0.8490274579099832,2,500.0,120.0,96.77399602907268
24579,true,0.8135764273682469,2,500.0,120.0,96.77399602907268
24612,true,0.803782117563884,2,500.0,120.0,96.77399602907268
24645,true,0.7800237159946448,2,500.0,120.0,96.77399602907268
24679,true,0.7898184508064787,1,366.66666666666663,163.63636363636365,96.77399602907268
24714,true,0.7992895202491468,1,366.66666666666663,163.63636363636365,96.77399602907268
24745,true,0.7999473315003911,1,366.66666666666663,163.63636363636365,96.77399602907268
24776,true,0.8034551382715449,1,366.66666666666663,163.63636363636365,96.77399602907268
24808,true,0.8219779225734953,1,366.66666666666663,163.63636363636365,96.77399602907268
24845,true,0.850627536480772,1,366.66666666666663,163.63636363636365,96.77399602907268
24873,true,0.8826130529016041,1,366.66666666666663,163.63636363636365,96.77399602907268
24919,true,0.9118674007400216,1,366.66666666666663,163.63636363636365,96.77399602907268
24940,true,0.9475685246869148,1,366.66666666666663,163.63636363636365,96.77399602907268
24974,true,0.9872720535850021,1,366.66666666666663,163.63636363636365,96.77399602907268
25012,true,1.028291997753712,1,366.66666666666663,163.63636363636365,96.77399602907268
25043,true,1.0931447510535293,1,366.66666666666663,163.63636363636365,96.77399602907268
25072,true,1.1695780701220713,1,366.66666666666663,163.63636363636365,96.77399602907268
25111,true,1.2581544465137995,1,366.66666666666663,163.63636363636365,96.77399602907268
25140,true,1.3334837248130782,1,366.66666666666663,163.63636363636365,96.77399602907268
25177,true,1.3930155967612166,11,800.0,75.0,96.77399602907268
25206,true,1.363911246929149,12,833.3333333333334,72.0,96.77399602907268
25244,true,1.2673900265035059,12,833.3333333333334,72.0,96.77399602907268
25272,true,1.1323400714078105,12,833.3333333333334,72.0,96.77399602907268
25309,true,0.990040854681979,12,833.3333333333334,72.0,96.77399602907268
25344,true,0.8521898641952532,12,833.3333333333334,72.0,96.77399602907268
25380,true,0.7275886828346927,12,833.3333333333334,72.0,96.77399602907268
25409,true,0.6642474313280218,12,833.3333333333334,72.0,96.77399602907268
25443,true,0.6257245621251002,12,833.3333333333334,72.0,96.77399602907268
25475,true,0.5992274857022721,12,833.3333333333334,72.0,96.77399602907268
25529,true,0.5655626438095567,12,833.3333333333334,72.0,96.77399602907268
25541,true,0.5759848028169756,11,833.3333333333334,72.0,96.77399602907268
25588,true,0.576625407911763,11,833.3333333333334,72.0,96.77399602907268
25613,true,0.577290383284776,11,833.3333333333334,72.0,96.77399602907268
25666,true,0.5884601504710076,11,833.3333333333334,72.0,96.77399602907268
25674,true,0.6140376208351483,11,833.3333333333334,72.0,96.77399602907268
25706,true,0.6511948538602041,11,833.3333333333334,72.0,96.77399602907268
25740,true,0.6838147174340463,11,833.3333333333334,72.0,96.77399602907268
25769,true,0.7034689907635538,11,833.3333333333334,72.0,96.77399602907268
25805,true,0.7126076475545631,11,833.3333333333334,72.0,96.77399602907268
25840,true,0.7207100200307082,11,833.3333333333334,72.0,96.77399602907268
25874,true,0.7118217034887664,11,833.3333333333334,72.0,96.77399602907268
25907,true,0.7206593219579531,11,833.3333333333334,72.0,96.77399602907268
25939,true,0.7471399658160749,11,833.3333333333334,72.0,96.77399602907268
25990,true,0.7791573210391505,11,833.3333333333334,72.0,96.77399602907268
26014,true,0.7758364546501753,11,833.3333333333334,72.0,96.77399602907268
26039,true,0.7648935055379127,11,833.3333333333334,72.0,96.77399602907268
26070,true,0.703548752307853,11,833.3333333333334,72.0,96.77399602907268
26109,true,0.5850675581332041,11,833.3333333333334,72.0,96.77399602907268
26144,true,0.45924215814631,12,833.3333333333334,72.0,96.77399602907268
26179,true,0.3450265789100513,12,833.3333333333334,72.0,96.77399602907268
26211,true,0.250991821597637,12,833.3333333333334,72.0,96.77399602907268
26244,true,0.2130977757242647,12,833.3333333333334,72.0,96.77399602907268
26274,true,0.2165287946377532,12,833.3333333333334,72.0,96.77399602907268
26308,true,0.19940264544629827,11,800.0,75.0,96.77399602907268
26343,true,0.16711410481951816,11,800.0,75.0,96.77399602907268
26376,true,0.11190750215803291,11,800.0,75.0,96.77399602907268
26410,true,0.05295418990564826,11,800.0,75.0,96.77399602907268
26446,true,-0.005580141492629309,11,800.0,75.0,96.77399602907268
26477,true,-0.05354889763270876,11,800.0,75.0,96.77399602907268
26508,true,-0.1465744197796539,11,800.0,75.0,96.77399602907268
26544,true,-0.24825660023492446,11,800.0,75.0,96.77399602907268
26571,true,-0.39562429171081703,11,800.0,75.0,96.77399602907268
26607,true,-0.583319324388782,11,800.0,75.0,96.77399602907268
26645,true,-0.8078638047058462,11,800.0,75.0,96.77399602907268
26674,true,-1.0415135176283172,11,800.0,75.0,96.77399602907268
26706,true,-1.3277376609674434,11,800.0,75.0,96.77399602907268
26738,true,-1.6534649641374983,11,800.0,75.0,96.77399602907268
26777,true,-1.9193935582102881,11,800.0,75.0,96.77399602907268
26809,true,-2.1444141714013085,11,800.0,75.0,96.77399602907268
26844,true,-2.32659277282454,11,800.0,75.0,96.77399602907268
26879,true,-2.530750750588311,11,800.0,75.0,96.77399602907268
26914,true,-2.7943883555254274,11,800.0,75.0,96.77399602907268
26943,true,-3.1427064702892835,11,800.0,75.0,96.77399602907268
26973,true,-3.525698557765196,8,833.3333333333334,72.0,96.77399602907268
27004,true,-3.8717667643437323,8,833.3333333333334,72.0,96.77399602907268
27040,true,-4.404666826213969,6,833.3333333333334,72.0,96.77399602907268
27074,true,-4.999049188534769,4,866.6666666666667,69.23076923076923,96.77399602907268
27109,true,-5.229456641871963,2,733.3333333333333,81.81818181818183,96.77399602907268
27141,true,-5.392060816572155,0,0.0,0.0,96.77399602907268
27175,true,-5.782562590469809,0,0.0,0.0,96.77399602907268
27204,true,-6.134372152872942,0,0.0,0.0,96.77399602907268
27252,true,-6.331905054312955,0,0.0,0.0,96.77399602907268
27277,true,-6.871343062924893,0,0.0,0.0,96.77399602907268
27309,true,-7.501710878054695,0,0.0,0.0,96.77399602907268
27339,true,-7.9174133516685,0,0.0,0.0,96.77399602907268
27378,true,-8.153613291162827,0,0.0,0.0,96.77399602907268
27405,true,-8.475068430962494,0,0.0,0.0,96.77399602907268
27443,true,-8.811649004871342,0,0.0,0.0,96.77399602907268
27472,true,-9.155003392218845,0,0.0,0.0,96.77399602907268
27510,true,-9.622277597800064,0,0.0,0.0,96.77399602907268
27563,true,-10.551222518290686,0,0.0,0.0,96.77399602907268
27584,true,-11.392647083627025,0,0.0,0.0,96.77399602907268
27613,true,-12.231708315483075,0,0.0,0.0,96.77399602907268
27644,true,-13.143510191064706,0,0.0,0.0,96.77399602907268
27675,true,-13.957896731052756,0,0.0,0.0,96.77399602907268
27706,true,-14.277246744076677,0,0.0,0.0,96.77399602907268
27738,true,-14.398743749632473,0,0.0,0.0,96.77399602907268
27773,true,-14.354466181126412,0,0.0,0.0,96.77399602907268
27810,true,-13.913062187941776,0,0.0,0.0,96.77399602907268
27843,true,-13.188192831932568,0,0.0,0.0,96.77399602907268
27874,true,-12.214408257366387,0,0.0,0.0,96.77399602907268
27915,true,-11.235325515795807,0,0.0,0.0,96.77399602907268
27944,true,-10.256116650123062,0,0.0,0.0,96.77399602907268
27977,true,-9.422872058615113,0,0.0,0.0,96.77399602907268
28008,true,-8.704041058067062,0,0.0,0.0,96.77399602907268
28039,true,-8.04024963163181,0,0.0,0.0,96.77399602907268
28073,true,-7.213049712504812,0,0.0,0.0,96.77399602907268
28108,true,-6.489132266507852,0,0.0,0.0,96.77399602907268
28138,true,-5.864452084227736,0,0.0,0.0,96.77399602907268
28171,true,-5.172672503315283,0,0.0,0.0,96.77399602907268
28203,true,-4.526109081526812,0,0.0,0.0,96.77399602907268
28239,true,-4.076802404337855,0,0.0,0.0,96.77399602907268
28276,true,-3.6161159927412427,0,0.0,0.0,96.77399602907268
28315,true,-3.13108481042471,0,0.0,0.0,96.77399602907268
28341,true,-2.807480157912778,0,0.0,0.0,96.77399602907268
28377,true,-2.4835741010835193,0,0.0,0.0,96.77399602907268
28404,true,-2.221339131293263,0,0.0,0.0,96.77399602907268
28444,true,-2.2770440858762413,0,0.0,0.0,96.77399602907268
28477,true,-2.420511067110027,0,0.0,0.0,96.77399602907268
28506,true,-2.778129859627313,0,0.0,0.0,96.77399602907268
28539,true,-3.329482044443097,0,0.0,0.0,96.77399602907268
28571,true,-4.008663505424948,0,0.0,0.0,96.77399602907268
28613,true,-4.375237527249368,0,0.0,0.0,96.77399602907268
28643,true,-4.3779259980397285,0,0.0,0.0,96.77399602907268
28677,true,-4.170033495553014,0,0.0,0.0,96.77399602907268
28709,true,-3.950931641745484,0,0.0,0.0,96.77399602907268
28742,true,-3.738717575728373,0,0.0,0.0,96.77399602907268
28773,true,-3.5781648532184533,0,0.0,0.0,96.77399602907268
28806,true,-3.8267365617520284,0,0.0,0.0,96.77399602907268
28839,true,-4.143738062448449,0,0.0,0.0,96.77399602907268
28869,true,-4.370832093810435,0,0.0,0.0,96.77399602907268
28905,true,-4.520820462082838,0,0.0,0.0,96.77399602907268
28939,true,-4.574070524967368,0,0.0,0.0,96.77399602907268
28968,true,-4.484397448857152,0,0.0,0.0,96.77399602907268
29010,true,-4.308599283933944,0,0.0,0.0,96.77399602907268
29040,true,-4.092545250244655,0,0.0,0.0,96.77399602907268
29080,true,-3.8751988515593894,0,0.0,0.0,96.77399602907268
29104,true,-3.667543346444546,0,0.0,0.0,96.77399602907268
29137,true,-3.4658121922315672,0,0.0,0.0,96.77399602907268
29178,true,-3.21307366067731,0,0.0,0.0,96.77399602907268
29217,true,-2.9306691937297558,0,0.0,0.0,96.77399602907268
29244,true,-2.5905708772706078,0,0.0,0.0,96.77399602907268
29308,true,-2.4630258497687976,0,0.0,0.0,96.77399602907268
29343,true,-2.7095574902680823,1,866.6666666666667,69.23076923076923,96.77399602907268
29374,true,-3.0184209085069256,1,866.6666666666667,69.23076923076923,96.77399602907268
29410,true,-3.045925192661656,1,866.6666666666667,69.23076923076923,96.77399602907268
29441,true,-3.1429950523010746,1,866.6666666666667,69.23076923076923,96.77399602907268
29473,true,-3.0775344191996794,1,866.6666666666667,69.23076923076923,96.77399602907268
29505,true,-2.632601071432532,1,866.6666666666667,69.23076923076923,96.77399602907268
29546,true,-2.2133057412271455,1,866.6666666666667,69.23076923076923,96.77399602907268
29598,true,-2.172487034042547,1,866.6666666666667,69.23076923076923,96.77399602907268
29607,true,-2.1749185461144975,1,1133.3333333333333,52.94117647058824,96.77399602907268
29638,true,-2.1913980705796803,1,1133.3333333333333,52.94117647058824,96.77399602907268
29672,true,-2.2574857273882856,1,1133.3333333333333,52.94117647058824,96.77399602907268
29705,true,-2.3508169466738593,1,1133.3333333333333,52.94117647058824,96.77399602907268
29740,true,-2.465379585549215,1,1133.3333333333333,52.94117647058824,96.77399602907268
29770,true,-2.5790783697128177,1,1133.3333333333333,52.94117647058824,96.77399602907268
29806,true,-2.7054474748630355,1,1133.3333333333333,52.94117647058824,96.77399602907268
29843,true,-2.8766914563643695,1,1133.3333333333333,52.94117647058824,96.77399602907268
29880,true,-3.0265688213498834,1,1133.3333333333333,52.94117647058824,96.77399602907268
29903,true,-3.1210005040574913,1,1133.3333333333333,52.94117647058824,96.77399602907268
29939,true,-3.159181368315842,1,366.66666666666663,163.63636363636365,96.77399602907268
29973,true,-3.1779706030843897,1,1666.6666666666667,36.0,96.77399602907268
30009,true,-3.3101137807439613,1,1666.6666666666667,36.0,96.77399602907268
30041,true,-3.523629726703888,5,866.6666666666667,69.23076923076923,96.77399602907268
30081,true,-3.762014478237745,7,833.3333333333334,72.0,96.77399602907268
30108,true,-4.026995643333208,7,833.3333333333334,72.0,96.77399602907268
30139,true,-4.3231166274177895,7,833.3333333333334,72.0,96.77399602907268
30171,true,-4.4213067595184725,7,833.3333333333334,72.0,96.77399602907268
30210,true,-4.416447894807561,7,833.3333333333334,72.0,96.77399602907268
30237,true,-4.362207209739012,7,833.3333333333334,72.0,96.77399602907268
30270,true,-4.2924819135456005,7,833.3333333333334,72.0,96.77399602907268
30301,true,-4.179524020383923,7,833.3333333333334,72.0,96.77399602907268
30337,true,-4.077869925266128,7,833.3333333333334,72.0,96.77399602907268
30370,true,-3.995043247616479,7,833.3333333333334,72.0,96.77399602907268
30409,true,-3.918035928896927,7,833.3333333333334,72.0,96.77399602907268
30438,true,-3.7676895616862964,7,833.3333333333334,72.0,96.77399602907268
30470,true,-3.5605663374396386,7,833.3333333333334,72.0,96.77399602907268
30506,true,-3.3968997272636727,7,833.3333333333334,72.0,96.77399602907268
30538,true,-3.285882156654935,7,833.3333333333334,72.0,96.77399602907268
30577,true,-3.3400451073009663,8,866.6666666666667,69.23076923076923,96.77399602907268
30611,true,-3.471780002844298,8,866.6666666666667,69.23076923076923,96.77399602907268
30641,true,-3.6864191576709686,8,866.6666666666667,69.23076923076923,96.77399602907268
30680,true,-4.029231796658422,8,866.6666666666667,69.23076923076923,96.77399602907268
30705,true,-4.546819692131294,8,866.6666666666667,69.23076923076923,96.77399602907268
30747,true,-5.148124350978605,8,866.6666666666667,69.23076923076923,96.77399602907268
30768,true,-5.857293588816148,8,866.6666666666667,69.23076923076923,96.77399602907268
30810,true,-6.597645138301104,8,866.6666666666667,69.23076923076923,96.77399602907268
30843,true,-7.106645037851578,8,866.6666666666667,69.23076923076923,96.77399602907268
30877,true,-7.282137807272093,8,866.6666666666667,69.23076923076923,96.77399602907268
30903,true,-7.0889064692706825,8,866.6666666666667,69.23076923076923,96.77399602907268
30943,true,-6.718788840512488,1,1666.6666666666667,36.0,96.77399602907268
30973,true,-6.213902022371187,1,1666.6666666666667,36.0,96.77399602907268
31010,true,-5.680405602341125,1,1666.6666666666667,36.0,96.77399602907268
31038,true,-5.241188773390434,1,1666.6666666666667,36.0,96.77399602907268
31075,true,-4.906967807247014,1,1666.6666666666667,36.0,96.77399602907268
31104,true,-4.687871453269338,1,1666.6666666666667,36.0,96.77399602907268
31141,true,-4.551085251473239,1,1666.6666666666667,36.0,96.77399602907268
31178,true,-4.509680449485728,1,1666.6666666666667,36.0,96.77399602907268
31211,true,-4.482368980899281,1,1666.6666666666667,36.0,96.77399602907268
31241,true,-4.532860087625295,1,1666.6666666666667,36.0,96.77399602907268
31307,true,-4.549255558244369,1,1666.6666666666667,36.0,96.77399602907268
31340,true,-4.5348534159814164,1,1666.6666666666667,36.0,96.77399602907268
31372,true,-4.511224894381343,1,1666.6666666666667,36.0,96.77399602907268
31403,true,-4.533105131260214,1,1666.6666666666667,36.0,96.77399602907268
31441,true,-4.6572865515084345,1,1666.6666666666667,36.0,96.77399602907268
31469,true,-4.863755404734491,1,1666.6666666666667,36.0,96.77399602907268
31507,true,-5.1387438275216795,1,1666.6666666666667,36.0,96.77399602907268
31543,true,-5.431926347577473,1,1666.6666666666667,36.0,96.77399602907268
31572,true,-5.7750618685846575,1,1666.6666666666667,36.0,96.77399602907268
31621,true,-6.0450212181339396,1,1666.6666666666667,36.0,96.77399602907268
31643,true,-6.462984864410089,1,1666.6666666666667,36.0,96.77399602907268
31669,true,-6.842747046842462,1,1666.6666666666667,36.0,96.77399602907268
31706,true,-7.277277518953795,1,1666.6666666666667,36.0,96.77399602907268
31739,true,-7.681236604977329,1,1666.6666666666667,36.0,96.77399602907268
31776,true,-8.073469674198776,1,1666.6666666666667,36.0,96.77399602907268
31804,true,-8.243715315830627,2,866.6666666666667,69.23076923076923,96.77399602907268
31835,true,-8.424553987413972,2,866.6666666666667,69.23076923076923,96.77399602907268
31872,true,-8.53751318736468,2,866.6666666666667,69.23076923076923,96.77399602907268
31906,true,-8.569946152183917,2,866.6666666666667,69.23076923076923,96.77399602907268
31937,true,-8.504741010627498,2,866.6666666666667,69.23076923076923,96.77399602907268
31977,true,-8.283679221331212,3,866.6666666666667,69.23076923076923,96.77399602907268
32008,true,-7.833126498848884,3,866.6666666666667,69.23076923076923,96.77399602907268
32038,true,-7.353984960450958,3,866.6666666666667,69.23076923076923,96.77399602907268
32067,true,-7.0385279655092035,3,866.6666666666667,69.23076923076923,96.77399602907268
32107,true,-6.820012393638521,3,866.6666666666667,69.23076923076923,96.77399602907268
32142,true,-6.7708623895736935,3,866.6666666666667,69.23076923076923,96.77399602907268
32172,true,-6.936913152932945,4,900.0,66.66666666666667,96.77399602907268
32200,true,-7.1172634763137665,4,900.0,66.66666666666667,96.77399602907268
32241,true,-7.1193898747495155,4,900.0,66.66666666666667,96.77399602907268
32278,true,-7.043315286104161,4,900.0,66.66666666666667,96.77399602907268
32302,true,-6.934940733834438,4,900.0,66.66666666666667,96.77399602907268
32333,true,-6.819485557955048,4,900.0,66.66666666666667,96.77399602907268
32368,true,-6.7648374490445775,4,900.0,66.66666666666667,96.77399602907268
32406,true,-6.77483510525478,4,966.6666666666666,62.06896551724138,96.77399602907268
32444,true,-6.814918804560364,4,966.6666666666666,62.06896551724138,96.77399602907268
32469,true,-6.666150651066403,4,966.6666666666666,62.06896551724138,96.77399602907268
32505,true,-6.1674953460589705,4,866.6666666666667,69.23076923076923,96.77399602907268
32540,true,-5.46015152111471,4,866.6666666666667,69.23076923076923,96.77399602907268
32575,true,-4.685832351734419,4,866.6666666666667,69.23076923076923,96.77399602907268
32608,true,-4.145352188732829,4,866.6666666666667,69.23076923076923,96.77399602907268
32640,true,-3.9898366763029145,4,866.6666666666667,69.23076923076923,96.77399602907268
32671,true,-4.315293616201899,2,866.6666666666667,69.23076923076923,96.77399602907268
32704,true,-4.719373148755125,2,866.6666666666667,69.23076923076923,96.77399602907268
32739,true,-4.970801412662993,2,866.6666666666667,69.23076923076923,96.77399602907268
32772,true,-5.100900193762996,2,866.6666666666667,69.23076923076923,96.77399602907268
32804,true,-5.062429795328484,2,866.6666666666667,69.23076923076923,96.77399602907268
32844,true,-4.879692133820683,2,866.6666666666667,69.23076923076923,96.77399602907268
32872,true,-4.777579387843332,2,866.6666666666667,69.23076923076923,96.77399602907268
32906,true,-4.823878456748332,2,866.6666666666667,69.23076923076923,96.77399602907268
32943,true,-4.678047397629626,2,866.6666666666667,69.23076923076923,96.77399602907268
32970,true,-4.418583833410807,2,866.6666666666667,69.23076923076923,96.77399602907268
33003,true,-4.1585121647812855,2,866.6666666666667,69.23076923076923,96.77399602907268
33036,true,-3.8699441563721138,2,866.6666666666667,69.23076923076923,96.77399602907268
33068,true,-3.5806482313048207,2,866.6666666666667,69.23076923076923,96.77399602907268
33104,true,-3.3189567741906245,2,866.6666666666667,69.23076923076923,96.77399602907268
33136,true,-3.159467888345006,2,866.6666666666667,69.23076923076923,96.77399602907268
33175,true,-3.0350922921550136,2,866.6666666666667,69.23076923076923,96.77399602907268
33207,true,-2.993104220779429,3,866.6666666666667,69.23076923076923,96.77399602907268
33248,true,-3.001738531908728,3,866.6666666666667,69.23076923076923,96.77399602907268
33267,true,-3.0781220582079243,3,866.6666666666667,69.23076923076923,96.77399602907268
33305,true,-3.2028770182847666,3,866.6666666666667,69.23076923076923,96.77399602907268
33337,true,-3.507970025483587,1,366.66666666666663,163.63636363636365,96.77399602907268
33368,true,-3.92101051572439,1,366.66666666666663,163.63636363636365,96.77399602907268
33406,true,-4.33954681748294,1,366.66666666666663,163.63636363636365,96.77399602907268
33438,true,-4.7720532611373585,1,366.66666666666663,163.63636363636365,96.77399602907268
33470,true,-5.115490283441176,1,366.66666666666663,163.63636363636365,96.77399602907268
33509,true,-5.269267128612967,1,366.66666666666663,163.63636363636365,96.77399602907268
33539,true,-5.207221966204827,1,366.66666666666663,163.63636363636365,96.77399602907268
33573,true,-5.075842967999364,1,366.66666666666663,163.63636363636365,96.77399602907268
33606,true,-4.892080659436601,1,366.66666666666663,163.63636363636365,96.77399602907268
33634,true,-4.7377006782741375,1,366.66666666666663,163.63636363636365,96.77399602907268
33668,true,-4.602798608412968,1,366.66666666666663,163.63636363636365,96.77399602907268
33706,true,-4.600719518346537,1,366.66666666666663,163.63636363636365,96.77399602907268
33734,true,-4.753978309888595,1,366.66666666666663,163.63636363636365,96.77399602907268
33771,true,-5.134435989077545,1,366.66666666666663,163.63636363636365,96.77399602907268
33804,true,-5.541351853187649,1,366.66666666666663,163.63636363636365,96.77399602907268
33840,true,-5.946197720014794,3,866.6666666666667,69.23076923076923,96.77399602907268
33870,true,-6.255493107179461,3,866.6666666666667,69.23076923076923,96.77399602907268
33906,true,-6.343867666025304,3,866.6666666666667,69.23076923076923,96.77399602907268
33939,true,-5.9594288630004115,3,866.6666666666667,69.23076923076923,96.77399602907268
33973,true,-5.5311183664103964,3,866.6666666666667,69.23076923076923,96.77399602907268
34002,true,-5.079151493909777,3,866.6666666666667,69.23076923076923,96.77399602907268
34035,true,-4.774265243181148,3,866.6666666666667,69.23076923076923,96.77399602907268
34071,true,-4.8749256672269325,3,866.6666666666667,69.23076923076923,96.77399602907268
34110,true,-5.270184789025208,3,866.6666666666667,69.23076923076923,96.77399602907268
34140,true,-5.694879880246646,3,866.6666666666667,69.23076923076923,96.77399602907268
34178,true,-6.122911990202866,3,866.6666666666667,69.23076923076923,96.77399602907268
34203,true,-6.382765987797271,3,866.6666666666667,69.23076923076923,96.77399602907268
34238,true,-6.237035971023957,3,866.6666666666667,69.23076923076923,96.77399602907268
34267,true,-5.953777196995787,4,866.6666666666667,69.23076923076923,96.77399602907268
34303,true,-5.595443618440541,4,866.6666666666667,69.23076923076923,96.77399602907268
34335,true,-5.172764956210685,3,800.0,75.0,96.77399602907268
34369,true,-4.602950349972318,3,800.0,75.0,96.77399602907268
34401,true,-4.010882184852846,3,800.0,75.0,96.77399602907268
34434,true,-3.4395016154138887,3,800.0,75.0,96.77399602907268
34470,true,-2.8851057531975215,3,800.0,75.0,96.77399602907268
34504,true,-2.342593130838978,3,800.0,75.0,96.77399602907268
34534,true,-2.1770351339801977,3,800.0,75.0,96.77399602907268
34570,true,-2.2970819702566985,3,800.0,75.0,96.77399602907268
34606,true,-2.7289373872269778,3,800.0,75.0,96.77399602907268
34644,true,-3.243999451062905,3,800.0,75.0,96.77399602907268
34669,true,-3.816444683410566,3,800.0,75.0,96.77399602907268
34709,true,-4.3211018616456585,3,800.0,75.0,96.77399602907268
34740,true,-4.618108137086423,3,800.0,75.0,96.77399602907268
34770,true,-4.625218865661054,3,800.0,75.0,96.77399602907268
34802,true,-4.5479882976101464,3,800.0,75.0,96.77399602907268
34844,true,-4.411590544973365,3,800.0,75.0,96.77399602907268
34871,true,-4.162022539478571,3,800.0,75.0,96.77399602907268
34901,true,-4.006840441705307,3,800.0,75.0,96.77399602907268
34936,true,-4.005699883581201,3,800.0,75.0,96.77399602907268
34970,true,-4.104252653097561,3,800.0,75.0,96.77399602907268
35002,true,-4.326288509491718,3,800.0,75.0,96.77399602907268
35040,true,-4.565980671459826,3,800.0,75.0,96.77399602907268
35071,true,-4.724585301811089,3,800.0,75.0,96.77399602907268
35105,true,-4.770965794044855,3,800.0,75.0,96.77399602907268
35137,true,-4.615200751704791,3,800.0,75.0,96.77399602907268
35171,true,-3.945784831950661,3,800.0,75.0,96.77399602907268
35206,true,-3.2413940626629483,3,366.66666666666663,163.63636363636365,96.77399602907268
35242,true,-2.8131929610818958,3,366.66666666666663,163.63636363636365,96.77399602907268
35272,true,-2.8770283829961727,4,366.66666666666663,163.63636363636365,96.77399602907268
35304,true,-2.912816588870072,4,366.66666666666663,163.63636363636365,96.77399602907268
35336,true,-2.9235925842654638,4,366.66666666666663,163.63636363636365,96.77399602907268
35375,true,-2.959854708525725,4,366.66666666666663,163.63636363636365,96.77399602907268
35408,true,-2.701417866529212,4,366.66666666666663,163.63636363636365,96.77399602907268
35436,true,-1.8309712637221054,4,366.66666666666663,163.63636363636365,96.77399602907268
35468,true,-1.0222839147702132,4,366.66666666666663,163.63636363636365,96.77399602907268
35510,true,-0.5625267901394295,4,366.66666666666663,163.63636363636365,96.77399602907268
35536,true,-0.016865996099738823,4,366.66666666666663,163.63636363636365,96.77399602907268
35575,true,0.7149654249164428,2,366.66666666666663,163.63636363636365,96.77399602907268
35607,true,1.4524479232225076,2,366.66666666666663,163.63636363636365,96.77399602907268
35634,true,1.7338814579138102,2,366.66666666666663,163.63636363636365,96.77399602907268
35667,true,1.8711258209807227,2,366.66666666666663,163.63636363636365,96.77399602907268
35704,true,1.9126368553485236,3,966.6666666666666,62.06896551724138,96.77399602907268
35738,true,1.6224413004291591,3,966.6666666666666,62.06896551724138,96.77399602907268
35773,true,1.1968396536172463,3,966.6666666666666,62.06896551724138,96.77399602907268
35800,true,1.099834330513545,3,966.6666666666666,62.06896551724138,96.77399602907268
35839,true,1.0363518453169718,3,966.6666666666666,62.06896551724138,96.77399602907268
35868,true,1.0008920992486026,3,966.6666666666666,62.06896551724138,96.77399602907268
35908,true,1.009795481639685,3,966.6666666666666,62.06896551724138,96.77399602907268
35938,true,1.0575531389946775,3,966.6666666666666,62.06896551724138,96.77399602907268
35971,true,1.1624974637917376,3,966.6666666666666,62.06896551724138,96.77399602907268
36006,true,1.251945701961347,3,966.6666666666666,62.06896551724138,96.77399602907268
36039,true,1.406650451847213,3,966.6666666666666,62.06896551724138,96.77399602907268
36074,true,1.7436393825734058,3,966.6666666666666,62.06896551724138,96.77399602907268
36103,true,1.9748850140471461,3,966.6666666666666,62.06896551724138,96.77399602907268
36137,true,2.111484769200075,3,966.6666666666666,62.06896551724138,96.77399602907268
36173,true,2.2836697105105372,3,966.6666666666666,62.06896551724138,96.77399602907268
36203,true,2.388387317197811,3,966.6666666666666,62.06896551724138,96.77399602907268
36233,true,2.3445496460012407,4,966.6666666666666,62.06896551724138,96.77399602907268
36268,true,2.3927570861397953,4,966.6666666666666,62.06896551724138,96.77399602907268
36306,true,2.643602399051474,4,966.6666666666666,62.06896551724138,96.77399602907268
36340,true,3.027770261258155,4,966.6666666666666,62.06896551724138,96.77399602907268
36370,true,3.5398340891442217,4,966.6666666666666,62.06896551724138,96.77399602907268
36401,true,4.185320343035954,4,966.6666666666666,62.06896551724138,96.77399602907268
36437,true,4.89164785219819,3,966.6666666666666,62.06896551724138,96.77399602907268
36471,true,5.4949972159375875,3,966.6666666666666,62.06896551724138,96.77399602907268
36509,true,6.124753315861113,3,966.6666666666666,62.06896551724138,96.77399602907268
36538,true,7.573731953267753,4,966.6666666666666,62.06896551724138,96.77399602907268
36570,true,10.366562306570131,3,966.6666666666666,62.06896551724138,96.77399602907268
36604,true,14.315171196126158,3,1133.3333333333333,52.94117647058824,96.77399602907268
36640,true,18.272803875765902,1,666.6666666666666,90.0,96.77399602907268
36670,true,21.30027243247764,1,1900.0,31.57894736842105,96.77399602907268
36706,true,22.92756677454534,1,1166.6666666666667,51.42857142857142,96.77399602907268
36739,true,23.386636794257726,1,1166.6666666666667,51.42857142857142,96.77399602907268
36773,true,23.445402455912273,1,1166.6666666666667,51.42857142857142,96.77399602907268
36803,true,23.908921220540748,1,1166.6666666666667,51.42857142857142,96.77399602907268
36838,true,24.538013148956537,1,1166.6666666666667,51.42857142857142,96.77399602907268
36868,true,24.401286493427023,1,1133.3333333333333,52.94117647058824,96.77399602907268
36907,true,23.347586931416544,1,1133.3333333333333,52.94117647058824,96.77399602907268
36940,true,21.53278234303886,1,1133.3333333333333,52.94117647058824,96.77399602907268
36969,true,19.4177180778469,1,1133.3333333333333,52.94117647058824,96.77399602907268
37007,true,17.89609392694223,1,1133.3333333333333,52.94117647058824,96.77399602907268
37038,true,17.71339395330466,1,1133.3333333333333,52.94117647058824,96.77399602907268
37070,true,18.11995866448916,1,1133.3333333333333,52.94117647058824,96.77399602907268
37105,true,18.587304454811715,1,1133.3333333333333,52.94117647058824,96.77399602907268
37138,true,19.474998792885373,0,0.0,0.0,96.77399602907268
37175,true,20.384762308903902,0,0.0,0.0,96.77399602907268
37207,true,21.092335748827594,0,0.0,0.0,96.77399602907268
37240,true,21.69570304036472,0,0.0,0.0,96.77399602907268
37308,true,21.578606307512047,0,0.0,0.0,96.77399602907268
37340,true,20.777119153356182,0,0.0,0.0,96.77399602907268
37373,true,19.902755159978312,0,0.0,0.0,96.77399602907268
37410,true,19.107425052341313,0,0.0,0.0,96.77399602907268
37444,true,18.463045776550928,0,0.0,0.0,96.77399602907268
37478,true,18.318659005584266,0,0.0,0.0,96.77399602907268
37506,true,18.156752021768796,0,0.0,0.0,96.77399602907268
37539,true,18.03752003354316,0,0.0,0.0,96.77399602907268
37605,true,18.147994455795754,1,1133.3333333333333,52.94117647058824,96.77399602907268
37636,true,18.282969249403862,1,1133.3333333333333,52.94117647058824,96.77399602907268
37670,true,18.463086784760918,1,1133.3333333333333,52.94117647058824,96.77399602907268
37710,true,18.726795439702244,1,1133.3333333333333,52.94117647058824,96.77399602907268
37744,true,18.960620902282727,1,1133.3333333333333,52.94117647058824,96.77399602907268
37771,true,18.901144319786226,1,1133.3333333333333,52.94117647058824,96.77399602907268
37806,true,18.72701249915957,1,1133.3333333333333,52.94117647058824,96.77399602907268
37838,true,18.504224670199136,1,1133.3333333333333,52.94117647058824,96.77399602907268
37866,true,18.29319484555478,1,1133.3333333333333,52.94117647058824,96.77399602907268
37906,true,18.158959329375364,1,1133.3333333333333,52.94117647058824,96.77399602907268
37935,true,18.171991853843423,1,1133.3333333333333,52.94117647058824,96.77399602907268
37971,true,18.313658286498338,2,1166.6666666666667,51.42857142857142,96.77399602907268
38004,true,18.48905998056327,2,1166.6666666666667,51.42857142857142,96.77399602907268
38038,true,18.65968942045643,2,1166.6666666666667,51.42857142857142,96.77399602907268
38073,true,18.838521568054944,2,1166.6666666666667,51.42857142857142,96.77399602907268
38103,true,18.982044551923025,2,1166.6666666666667,51.42857142857142,96.77399602907268
38132,true,19.08570270616528,2,1166.6666666666667,51.42857142857142,96.77399602907268
38173,true,19.19602117097702,2,1166.6666666666667,51.42857142857142,96.77399602907268
38200,true,19.276317588263083,2,1166.6666666666667,51.42857142857142,96.77399602907268
38239,true,19.124321521047364,2,1166.6666666666667,51.42857142857142,96.77399602907268
38276,true,18.874140311834793,2,1166.6666666666667,51.42857142857142,96.77399602907268
38318,true,18.574677973464645,2,1166.6666666666667,51.42857142857142,96.77399602907268
38338,true,18.27990489513178,1,1900.0,31.57894736842105,96.77399602907268
38364,true,18.042908251369226,1,666.6666666666666,90.0,96.77399602907268
38401,true,17.99297914640755,1,666.6666666666666,90.0,96.77399602907268
38441,true,17.995846225171903,1,666.6666666666666,90.0,96.77399602907268
38471,true,18.043495491523316,3,1133.3333333333333,52.94117647058824,96.77399602907268
38502,true,18.13217082898555,2,966.6666666666666,62.06896551724138,96.77399602907268
38532,true,18.21389492951255,2,966.6666666666666,62.06896551724138,96.77399602907268
38575,true,18.28521684672785,4,700.0,85.71428571428571,96.77399602907268
38607,true,18.329531442827147,4,700.0,85.71428571428571,96.77399602907268
38638,true,18.328945909867116,5,700.0,85.71428571428571,96.77399602907268
38678,true,18.260202850294917,6,700.0,85.71428571428571,96.77399602907268
38703,true,18.18515340363166,6,700.0,85.71428571428571,96.77399602907268
38732,true,18.091912726971486,6,700.0,85.71428571428571,96.77399602907268
38778,true,18.009274836664105,6,700.0,85.71428571428571,96.77399602907268
38806,true,17.933658516811192,6,700.0,85.71428571428571,96.77399602907268
38838,true,17.87521570743644,6,700.0,85.71428571428571,96.77399602907268
38872,true,17.807804572879093,1,966.6666666666666,62.06896551724138,96.77399602907268
38905,true,17.724973029876764,1,966.6666666666666,62.06896551724138,96.77399602907268
38938,true,17.62961903990461,1,966.6666666666666,62.06896551724138,96.77399602907268
38974,true,17.52672239414173,1,966.6666666666666,62.06896551724138,96.77399602907268
39001,true,17.345084612045696,1,966.6666666666666,62.06896551724138,96.77399602907268
39040,true,16.984937669232067,1,966.6666666666666,62.06896551724138,96.77399602907268
39075,true,16.607122408911465,1,966.6666666666666,62.06896551724138,96.77399602907268
39104,true,16.255234728577506,1,966.6666666666666,62.06896551724138,96.77399602907268
39138,true,15.930072144944035,1,966.6666666666666,62.06896551724138,96.77399602907268
39174,true,15.71499950897362,1,966.6666666666666,62.06896551724138,96.77399602907268
39210,true,15.71943968924677,1,966.6666666666666,62.06896551724138,96.77399602907268
39245,true,15.822545657406465,1,966.6666666666666,62.06896551724138,96.77399602907268
39276,true,15.971904836733046,1,966.6666666666666,62.06896551724138,96.77399602907268
39310,true,16.146585110107566,1,966.6666666666666,62.06896551724138,96.77399602907268
39341,true,16.304121317729056,1,966.6666666666666,62.06896551724138,96.77399602907268
39373,true,16.429344356615076,1,966.6666666666666,62.06896551724138,96.77399602907268
39445,true,16.526947236400645,1,966.6666666666666,62.06896551724138,96.77399602907268
39476,true,16.57794820941453,1,966.6666666666666,62.06896551724138,96.77399602907268
39543,true,16.602375111614776,1,966.6666666666666,62.06896551724138,96.77399602907268
39584,true,16.60753147135182,1,966.6666666666666,62.06896551724138,96.77399602907268
39612,true,16.60331866693923,2,966.6666666666666,62.06896551724138,96.77399602907268
39643,true,16.572946547122143,2,966.6666666666666,62.06896551724138,96.77399602907268
39676,true,16.557319547972497,2,966.6666666666666,62.06896551724138,96.77399602907268
39705,true,16.53651938923238,6,500.0,120.0,96.77399602907268
39742,true,16.517460814644352,6,500.0,120.0,96.77399602907268
39770,true,16.501743334860606,6,500.0,120.0,96.77399602907268
39802,true,16.47375684458018,6,500.0,120.0,96.77399602907268
39837,true,16.28103417609205,6,500.0,120.0,96.77399602907268
39866,true,16.02839384134373,6,500.0,120.0,96.77399602907268
39920,true,15.732070803886188,6,500.0,120.0,96.77399602907268
39938,true,15.427403736556045,6,500.0,120.0,96.77399602907268
39971,true,15.150655040422805,6,500.0,120.0,96.77399602907268
40005,true,15.046520302170762,6,500.0,120.0,96.77399602907268
40041,true,15.028535236911154,6,500.0,120.0,97.93529622761903
40072,true,15.073181027379547,6,500.0,120.0,97.93529622761903
40108,true,15.140889123472505,6,500.0,120.0,97.93529622761903
40143,true,15.19700197616703,6,500.0,120.0,97.93529622761903
40172,true,15.225851394160145,6,500.0,120.0,97.93529622761903
40203,true,15.241867931272765,6,500.0,120.0,97.93529622761903
40236,true,15.255874067690826,6,500.0,120.0,97.93529622761903
40270,true,15.246745336509122,6,500.0,120.0,97.93529622761903
40302,true,15.220119023802226,6,500.0,120.0,97.93529622761903
40334,true,15.188959574011221,6,500.0,120.0,97.93529622761903
40373,true,15.13374895812899,6,500.0,120.0,99.03853141623807
40408,true,15.052351428171022,6,500.0,120.0,99.03853141623807
40437,true,14.980522258664564,6,500.0,120.0,99.03853141623807
40473,true,14.917091754918545,6,500.0,120.0,99.03853141623807
40507,true,14.839621286254925,6,500.0,120.0,99.03853141623807
40542,true,14.774770036981693,6,500.0,120.0,99.03853141623807
40576,true,14.702430045028393,6,500.0,120.0,99.03853141623807
40602,true,14.511295743558009,6,500.0,120.0,99.03853141623807
40639,true,14.267727145490454,6,500.0,120.0,99.03853141623807
40674,true,14.018370575944573,2,1400.0,42.857142857142854,99.03853141623807
40717,true,13.74502412703913,2,1400.0,42.857142857142854,99.03853141623807
40784,true,13.486541387819841,2,1400.0,42.857142857142854,99.03853141623807
40806,true,13.359232243125035,2,1400.0,42.857142857142854,99.03853141623807
40875,true,13.3253887941311,2,1400.0,42.857142857142854,99.03853141623807
40903,true,13.313855367929051,2,1400.0,42.857142857142854,99.03853141623807
40936,true,13.322465869328084,2,1400.0,42.857142857142854,99.03853141623807
40973,true,13.332583115369744,2,1400.0,42.857142857142854,99.03853141623807
41002,true,13.329074580085262,2,1400.0,42.857142857142854,99.03853141623807
41039,true,13.28236748636806,2,1400.0,42.857142857142854,99.03853141623807
41071,true,13.232693221008788,2,1400.0,42.857142857142854,99.03853141623807
41111,true,13.172290861445276,2,1400.0,42.857142857142854,99.03853141623807
41135,true,13.110903851534403,2,1400.0,42.857142857142854,99.03853141623807
41171,true,13.048965499560012,2,1400.0,42.857142857142854,99.03853141623807
41206,true,12.994013981447722,2,1400.0,42.857142857142854,99.03853141623807
41241,true,12.93977283781578,2,1400.0,42.857142857142854,99.03853141623807
41271,true,12.8883829761495,2,1400.0,42.857142857142854,99.03853141623807
41309,true,12.834711913440486,2,1400.0,42.857142857142854,99.03853141623807
41344,true,12.783156692037835,2,1400.0,42.857142857142854,99.03853141623807
41375,true,12.717002777490222,2,1400.0,42.857142857142854,99.03853141623807
41404,true,12.544818635876453,2,1300.0,46.15384615384615,99.03853141623807
41440,true,12.271996339851057,2,1300.0,46.15384615384615,99.03853141623807
41471,true,11.998598398337236,2,1300.0,46.15384615384615,99.03853141623807
41504,true,11.724646678375052,2,1300.0,46.15384615384615,99.03853141623807
41535,true,11.46008270336307,5,500.0,120.0,99.03853141623807
41580,true,11.322843901487545,5,500.0,120.0,99.03853141623807
41604,true,11.318322576902915,5,500.0,120.0,99.03853141623807
41643,true,11.346212385259719,5,500.0,120.0,99.03853141623807
41669,true,11.382088573472913,5,500.0,120.0,99.03853141623807
41708,true,11.43373284041752,5,500.0,120.0,99.03853141623807
41745,true,11.467749713303391,5,500.0,120.0,99.03853141623807
41769,true,11.462931495522355,5,500.0,120.0,100.08660484542617
41801,true,11.423568868108788,5,500.0,120.0,100.08660484542617
41833,true,11.370507939230833,5,500.0,120.0,100.08660484542617
41871,true,11.306015248129313,5,500.0,120.0,100.08660484542617
41907,true,11.234630793656038,5,500.0,120.0,100.08660484542617
41941,true,11.166815631855087,5,500.0,120.0,100.08660484542617
41969,true,11.100456131422987,5,500.0,120.0,100.08660484542617
42003,true,11.035919278128802,5,500.0,120.0,100.08660484542617
42037,true,10.974011380052815,5,500.0,120.0,100.08660484542617
42070,true,10.911611804586215,5,500.0,120.0,100.08660484542617
42106,true,10.845079331589972,5,500.0,120.0,101.08227460315486
42137,true,10.774608781910217,5,500.0,120.0,101.08227460315486
42170,true,10.700522296064008,5,500.0,120.0,101.08227460315486
42203,true,10.557086038124737,5,500.0,120.0,101.08227460315486
42245,true,10.302878007820766,5,500.0,120.0,101.08227460315486
42276,true,10.038252157573964,5,500.0,120.0,101.08227460315486
42314,true,9.768308859742064,5,500.0,120.0,101.08227460315486
42339,true,9.49645997296119,5,500.0,120.0,101.08227460315486
42376,true,9.303075246389966,6,500.0,120.0,101.08227460315486
42401,true,9.256833380541877,6,500.0,120.0,101.08227460315486
42433,true,9.24411017414576,6,500.0,120.0,102.0281608729971
42472,true,9.249811550273904,6,500.0,120.0,102.0281608729971
42504,true,9.27069125953551,6,500.0,120.0,102.0281608729971
42536,true,9.286496196820053,6,500.0,120.0,102.0281608729971
42568,true,9.276825442074028,6,500.0,120.0,102.0281608729971
42603,true,9.240353907872247,6,500.0,120.0,102.0281608729971
42642,true,9.194722984037014,6,500.0,120.0,102.0281608729971
42675,true,9.12863631140911,6,500.0,120.0,102.0281608729971
42706,true,9.060114800966659,6,500.0,120.0,102.0281608729971
42753,true,8.984272601884385,6,500.0,120.0,102.0281608729971
42779,true,8.91072025345241,6,500.0,120.0,102.92675282934725
42801,true,8.829597292159463,5,500.0,120.0,102.92675282934725
42840,true,8.758873903372887,5,500.0,120.0,102.92675282934725
42869,true,8.69734552885376,5,500.0,120.0,102.92675282934725
42913,true,8.644217222937726,5,500.0,120.0,102.92675282934725
42937,true,8.590944377440792,5,500.0,120.0,102.92675282934725
42970,true,8.530174838678732,5,500.0,120.0,102.92675282934725
43005,true,8.414663761351477,5,500.0,120.0,102.92675282934725
43043,true,8.163289728612995,5,500.0,120.0,102.92675282934725
43079,true,7.900179713353992,5,500.0,120.0,102.92675282934725
43109,true,7.6332877542250515,5,500.0,120.0,103.78041518787988
43139,true,7.377465037898816,5,500.0,120.0,103.78041518787988
43171,true,7.184147787339782,5,500.0,120.0,103.78041518787988
43202,true,7.142549633529711,5,500.0,120.0,103.78041518787988
43244,true,7.134869127070516,5,500.0,120.0,103.78041518787988
43276,true,7.160040720498529,5,500.0,120.0,103.78041518787988
43315,true,7.198950302836295,5,500.0,120.0,103.78041518787988
43372,true,7.232552577656321,5,500.0,120.0,103.78041518787988
43414,true,7.254272701729775,4,433.33333333333337,138.46153846153845,103.78041518787988
43435,true,7.258358030449585,4,433.33333333333337,138.46153846153845,103.78041518787988
43473,true,7.2316690655920866,4,433.33333333333337,138.46153846153845,105.5144713515628
43501,true,7.181528342051621,4,433.33333333333337,138.46153846153845,105.5144713515628
43543,true,7.11778433297053,4,433.33333333333337,138.46153846153845,105.5144713515628
43572,true,7.041939753339648,4,433.33333333333337,138.46153846153845,105.5144713515628
43610,true,6.96749447767192,4,433.33333333333337,138.46153846153845,105.5144713515628
43636,true,6.907629072000958,4,433.33333333333337,138.46153846153845,105.5144713515628
43672,true,6.848139965689938,4,433.33333333333337,138.46153846153845,105.5144713515628
43703,true,6.798433071244062,4,433.33333333333337,138.46153846153845,105.5144713515628
43741,true,6.754027604992018,4,433.33333333333337,138.46153846153845,105.5144713515628
43769,true,6.67601805184907,4,433.33333333333337,138.46153846153845,105.5144713515628
43811,true,6.462596172867222,4,433.33333333333337,138.46153846153845,107.16182470706158
43840,true,6.218400182210075,4,433.33333333333337,138.46153846153845,107.16182470706158
43871,true,5.957477517715148,4,433.33333333333337,138.46153846153845,107.16182470706158
43903,true,5.693686580674694,4,500.0,120.0,107.16182470706158
43939,true,5.454884315144454,4,500.0,120.0,107.16182470706158
43968,true,5.348864061681411,4,500.0,120.0,107.16182470706158
44008,true,5.284122302770385,4,500.0,120.0,107.16182470706158
44034,true,5.259463067783315,4,500.0,120.0,107.16182470706158
44073,true,5.240008710261037,4,500.0,120.0,107.16182470706158
44104,true,5.221341692622303,4,500.0,120.0,107.16182470706158
44143,true,5.193221492964767,4,500.0,120.0,107.8037334717085
44171,true,5.150308958978798,4,500.0,120.0,107.8037334717085
44205,true,5.069587694964042,4,500.0,120.0,107.8037334717085
44233,true,4.969469641272838,4,633.3333333333333,94.73684210526316,107.8037334717085
44280,true,4.866028443444094,4,633.3333333333333,94.73684210526316,107.8037334717085
44305,true,4.767980425772237,4,633.3333333333333,94.73684210526316,107.8037334717085
44337,true,4.676869201092359,4,633.3333333333333,94.73684210526316,107.8037334717085
44413,true,4.614330604743543,4,633.3333333333333,94.73684210526316,107.8037334717085
44437,true,4.575301578268807,4,633.3333333333333,94.73684210526316,107.8037334717085
44469,true,4.540680078503044,4,633.3333333333333,94.73684210526316,107.8037334717085
44505,true,4.501122186953893,4,633.3333333333333,94.73684210526316,107.8037334717085
44539,true,4.434564007752158,4,633.3333333333333,94.73684210526316,107.8037334717085
44567,true,4.218935790547732,4,633.3333333333333,94.73684210526316,107.8037334717085
44599,true,3.9391984720660673,4,633.3333333333333,94.73684210526316,107.8037334717085
44633,true,3.636809288923729,4,633.3333333333333,94.73684210526316,107.8037334717085
44673,true,3.3350245169005177,4,633.3333333333333,94.73684210526316,107.8037334717085
44705,true,3.060028918933483,4,633.3333333333333,94.73684210526316,107.8037334717085
44736,true,2.9244038689841716,4,633.3333333333333,94.73684210526316,107.8037334717085
44784,true,2.854409139071066,3,466.6666666666667,128.57142857142856,107.8037334717085
44800,true,2.821887410470623,3,466.6666666666667,128.57142857142856,107.8037334717085
44835,true,2.7992710652370647,3,466.6666666666667,128.57142857142856,107.8037334717085
44878,true,2.7859409520229406,3,466.6666666666667,128.57142857142856,107.8037334717085
44914,true,2.765772501648911,3,466.6666666666667,128.57142857142856,107.8037334717085
44943,true,2.73244678160475,3,466.6666666666667,128.57142857142856,107.8037334717085
44973,true,2.6830058393911145,3,466.6666666666667,128.57142857142856,107.8037334717085
45009,true,2.6168345601518297,3,466.6666666666667,128.57142857142856,107.8037334717085
45039,true,2.538839852897837,3,466.6666666666667,128.57142857142856,107.8037334717085
45071,true,2.469664882523915,3,466.6666666666667,128.57142857142856,107.8037334717085
45105,true,2.4122579664629313,3,466.6666666666667,128.57142857142856,107.8037334717085
45135,true,2.359009043466756,3,466.6666666666667,128.57142857142856,107.8037334717085
45176,true,2.316187532703964,3,466.6666666666667,128.57142857142856,107.8037334717085
45206,true,2.2946906878798927,3,466.6666666666667,128.57142857142856,107.8037334717085
45241,true,2.2709110968520747,3,466.6666666666667,128.57142857142856,107.8037334717085
45272,true,2.23994089885403,3,466.6666666666667,128.57142857142856,107.8037334717085
45309,true,2.205257268263381,3,466.6666666666667,128.57142857142856,107.8037334717085
45339,true,2.1022249104306354,3,466.6666666666667,128.57142857142856,107.8037334717085
45371,true,1.8795856178320776,3,466.6666666666667,128.57142857142856,107.8037334717085
45402,true,1.632758466246571,3,466.6666666666667,128.57142857142856,107.8037334717085
45434,true,1.385039941165843,3,500.0,120.0,107.8037334717085
45469,true,1.1314877455006922,3,500.0,120.0,107.8037334717085
45508,true,0.9366540275910893,3,500.0,120.0,107.8037334717085
45536,true,0.8365389893576776,3,500.0,120.0,107.8037334717085
45570,true,0.7731764549469631,3,500.0,120.0,107.8037334717085
45606,true,0.7307311248762858,3,500.0,120.0,107.8037334717085
45637,true,0.6974389747732914,3,500.0,120.0,107.8037334717085
45671,true,0.672739149867823,3,500.0,120.0,107.8037334717085
45706,true,0.6405144074157647,3,500.0,120.0,107.8037334717085
45734,true,0.595884219290781,3,500.0,120.0,107.8037334717085
45794,true,0.5408689185959759,3,500.0,120.0,107.8037334717085
45801,true,0.4826468559351156,3,500.0,120.0,107.8037334717085
45840,true,0.42491097321058646,3,500.0,120.0,107.8037334717085
45871,true,0.3859043281172774,3,500.0,120.0,107.8037334717085
45907,true,0.3623123503488159,3,500.0,120.0,107.8037334717085
45933,true,0.35714551279482976,2,633.3333333333333,94.73684210526316,107.8037334717085
45982,true,0.35338380586767926,2,633.3333333333333,94.73684210526316,107.8037334717085
46009,true,0.34314374647485124,2,633.3333333333333,94.73684210526316,107.8037334717085
46037,true,0.32785822507474904,2,633.3333333333333,94.73684210526316,107.8037334717085
46073,true,0.3081337074077055,2,633.3333333333333,94.73684210526316,107.8037334717085
46114,true,0.2861780958690474,2,633.3333333333333,94.73684210526316,107.8037334717085
46141,true,0.24053432911469486,2,633.3333333333333,94.73684210526316,107.8037334717085
46174,true,0.10063726778557225,2,633.3333333333333,94.73684210526316,107.8037334717085
46209,true,-0.07260357218876834,2,633.3333333333333,94.73684210526316,107.8037334717085
46240,true,-0.2632826847500098,2,633.3333333333333,94.73684210526316,107.8037334717085
46310,true,-0.45832979453217604,2,633.3333333333333,94.73684210526316,107.8037334717085
46345,true,-0.6221974962353158,3,433.33333333333337,138.46153846153845,107.8037334717085
46404,true,-0.667624283608518,3,433.33333333333337,138.46153846153845,107.8037334717085
46438,true,-0.656764264357264,3,433.33333333333337,138.46153846153845,107.8037334717085
46470,true,-0.6329476584596989,3,433.33333333333337,138.46153846153845,107.8037334717085
46505,true,-0.620069255992064,3,433.33333333333337,138.46153846153845,107.8037334717085
46541,true,-0.6202383293079947,3,433.33333333333337,138.46153846153845,107.8037334717085
46573,true,-0.6418498459040904,3,433.33333333333337,138.46153846153845,107.8037334717085
46606,true,-0.6950929131800478,3,433.33333333333337,138.46153846153845,107.8037334717085
46640,true,-0.7540616074907973,3,433.33333333333337,138.46153846153845,107.8037334717085
46671,true,-0.7933025909037781,3,433.33333333333337,138.46153846153845,107.8037334717085
46709,true,-0.8172347558617901,3,433.33333333333337,138.46153846153845,107.8037334717085
46742,true,-0.8309390497591096,3,433.33333333333337,138.46153846153845,107.8037334717085
46774,true,-0.8342060335608892,3,433.33333333333337,138.46153846153845,107.8037334717085
46806,true,-0.8261735186474084,3,433.33333333333337,138.46153846153845,107.8037334717085
46840,true,-0.8225675585100021,3,433.33333333333337,138.46153846153845,107.8037334717085
46867,true,-0.807805604772625,3,433.33333333333337,138.46153846153845,107.8037334717085
46912,true,-0.7706277294459198,3,433.33333333333337,138.46153846153845,107.8037334717085
46947,true,-0.7287259975185236,3,433.33333333333337,138.46153846153845,107.8037334717085
46978,true,-0.7615883762837541,3,433.33333333333337,138.46153846153845,107.8037334717085
47007,true,-0.8531292640641084,3,433.33333333333337,138.46153846153845,107.8037334717085
47039,true,-0.9622586334941445,3,433.33333333333337,138.46153846153845,107.8037334717085
47068,true,-1.064247835867974,3,433.33333333333337,138.46153846153845,107.8037334717085
47103,true,-1.1365156417581375,3,433.33333333333337,138.46153846153845,107.8037334717085
47141,true,-1.136646805961476,2,466.6666666666667,128.57142857142856,107.8037334717085
47173,true,-1.1055093107472374,2,466.6666666666667,128.57142857142856,107.8037334717085
47203,true,-1.0795381006349203,2,466.6666666666667,128.57142857142856,107.8037334717085
47239,true,-1.0598962640501384,3,433.33333333333337,138.46153846153845,107.8037334717085
47270,true,-1.0460013165952944,3,433.33333333333337,138.46153846153845,107.8037334717085
47300,true,-1.0303738472956638,3,433.33333333333337,138.46153846153845,107.8037334717085
47338,true,-1.0183561161567525,3,433.33333333333337,138.46153846153845,107.8037334717085
47391,true,-1.0100932140270231,3,433.33333333333337,138.46153846153845,107.8037334717085
47412,true,-1.0072500908574114,3,433.33333333333337,138.46153846153845,107.8037334717085
47434,true,-0.9861638816471441,3,433.33333333333337,138.46153846153845,107.8037334717085
47469,true,-0.9418601534824802,3,433.33333333333337,138.46153846153845,107.8037334717085
47504,true,-0.8817848113486662,3,433.33333333333337,138.46153846153845,107.8037334717085
47533,true,-0.8096443218886975,2,466.6666666666667,128.57142857142856,107.8037334717085
47568,true,-0.726242431359367,2,466.6666666666667,128.57142857142856,107.8037334717085
47602,true,-0.6345819534714963,2,466.6666666666667,128.57142857142856,107.8037334717085
47635,true,-0.5346439161756393,2,466.6666666666667,128.57142857142856,107.8037334717085
47668,true,-0.439504551457361,2,466.6666666666667,128.57142857142856,107.8037334717085
47704,true,-0.36833825482733573,2,466.6666666666667,128.57142857142856,107.8037334717085
47738,true,-0.32212314926272256,2,466.6666666666667,128.57142857142856,107.8037334717085
47786,true,-0.35930525925778056,2,466.6666666666667,128.57142857142856,107.8037334717085
47815,true,-0.45432914562201177,2,466.6666666666667,128.57142857142856,107.8037334717085
47875,true,-0.6079146301391916,2,466.6666666666667,128.57142857142856,107.8037334717085
47904,true,-0.7544533358934018,2,466.6666666666667,128.57142857142856,107.8037334717085
47944,true,-0.886401427060747,2,466.6666666666667,128.57142857142856,107.8037334717085
47971,true,-0.9399580768238707,2,466.6666666666667,128.57142857142856,107.8037334717085
48002,true,-0.9340668529688401,2,433.33333333333337,138.46153846153845,107.8037334717085
48028,true,-0.8777375219951011,2,433.33333333333337,138.46153846153845,107.8037334717085
48068,true,-0.8154495355390168,2,433.33333333333337,138.46153846153845,107.8037334717085
48098,true,-0.7621090789502603,2,433.33333333333337,138.46153846153845,107.8037334717085
48135,true,-0.7300778508642622,2,433.33333333333337,138.46153846153845,107.8037334717085
48169,true,-0.713688146098292,2,433.33333333333337,138.46153846153845,107.8037334717085
48205,true,-0.6937237590950929,2,433.33333333333337,138.46153846153845,107.8037334717085
48232,true,-0.6703357152642866,2,433.33333333333337,138.46153846153845,107.8037334717085
48269,true,-0.639662367520657,2,433.33333333333337,138.46153846153845,107.8037334717085
48300,true,-0.5978913061515527,2,433.33333333333337,138.46153846153845,107.8037334717085
48334,true,-0.5411211054290277,2,433.33333333333337,138.46153846153845,107.8037334717085
48363,true,-0.46938037741438166,2,433.33333333333337,138.46153846153845,107.8037334717085
48399,true,-0.4010863902490769,2,433.33333333333337,138.46153846153845,107.8037334717085
48433,true,-0.3459177516406555,2,433.33333333333337,138.46153846153845,107.8037334717085
48468,true,-0.3054922378315723,7,800.0,75.0,107.8037334717085
48502,true,-0.28744343225491775,7,800.0,75.0,107.8037334717085
48534,true,-0.2898708788036686,8,800.0,75.0,107.8037334717085
48569,true,-0.3184342182388491,8,800.0,75.0,107.8037334717085
48611,true,-0.3696642743976781,8,800.0,75.0,107.8037334717085
48646,true,-0.415971158330251,8,800.0,75.0,107.8037334717085
48670,true,-0.42134554497607724,8,800.0,75.0,107.8037334717085
48702,true,-0.41473175158887443,8,800.0,75.0,107.8037334717085
48735,true,-0.4506729428491383,8,800.0,75.0,107.8037334717085
48765,true,-0.5006929468651435,8,800.0,75.0,107.8037334717085
48822,true,-0.5670220424034085,8,800.0,75.0,107.8037334717085
48843,true,-0.6478102536673589,8,800.0,75.0,107.8037334717085
48908,true,-0.7034465785004045,7,766.6666666666667,78.26086956521738,107.8037334717085
48935,true,-0.6882386286277722,7,766.6666666666667,78.26086956521738,107.8037334717085
48969,true,-0.623783567420304,7,766.6666666666667,78.26086956521738,107.8037334717085
49001,true,-0.528955284035419,7,766.6666666666667,78.26086956521738,107.8037334717085
49031,true,-0.4375794631307315,7,766.6666666666667,78.26086956521738,107.8037334717085
49064,true,-0.37409881415075574,7,766.6666666666667,78.26086956521738,107.8037334717085
49100,true,-0.3311692807698421,7,766.6666666666667,78.26086956521738,107.8037334717085
49147,true,-0.31767720495986396,7,766.6666666666667,78.26086956521738,107.8037334717085
49184,true,-0.33162905218767946,8,766.6666666666667,78.26086956521738,107.8037334717085
49213,true,-0.37059363301514736,8,766.6666666666667,78.26086956521738,107.8037334717085
49239,true,-0.4292194117091128,8,766.6666666666667,78.26086956521738,107.8037334717085
49298,true,-0.4928950583122571,8,766.6666666666667,78.26086956521738,107.8037334717085
49351,true,-0.5380638886411191,8,766.6666666666667,78.26086956521738,107.8037334717085
49391,true,-0.5718226534854978,8,766.6666666666667,78.26086956521738,107.8037334717085
49424,true,-0.6007005554113505,8,766.6666666666667,78.26086956521738,107.8037334717085
49468,true,-0.629916491767716,8,766.6666666666667,78.26086956521738,107.8037334717085
49476,true,-0.6440348558841151,8,766.6666666666667,78.26086956521738,107.8037334717085
49528,true,-0.6563478760019734,8,766.6666666666667,78.26086956521738,107.8037334717085
49567,true,-0.6485519552811922,8,766.6666666666667,78.26086956521738,107.8037334717085
49604,true,-0.6121435342848258,8,766.6666666666667,78.26086956521738,107.8037334717085
49639,true,-0.535414250109767,8,766.6666666666667,78.26086956521738,107.8037334717085
49666,true,-0.45059438226562065,8,766.6666666666667,78.26086956521738,107.8037334717085
49705,true,-0.43938681061840157,8,766.6666666666667,78.26086956521738,107.8037334717085
49738,true,-0.49264809392659004,9,733.3333333333333,81.81818181818183,107.8037334717085
49766,true,-0.6067781646338233,9,733.3333333333333,81.81818181818183,107.8037334717085
49798,true,-0.7541157538012726,9,733.3333333333333,81.81818181818183,107.8037334717085
49834,true,-0.8865369620720287,9,733.3333333333333,81.81818181818183,107.8037334717085
49862,true,-0.9247987064688061,8,766.6666666666667,78.26086956521738,107.8037334717085
49905,true,-0.8971340886345729,8,766.6666666666667,78.26086956521738,107.8037334717085
49940,true,-0.8123450058288029,8,766.6666666666667,78.26086956521738,107.8037334717085
49972,true,-0.6800102465470843,8,766.6666666666667,78.26086956521738,107.8037334717085
50000,true,-0.5163802559374915,8,766.6666666666667,78.26086956521738,107.8037334717085
50031,true,-0.3309365002045297,8,766.6666666666667,78.26086956521738,107.8037334717085
50062,true,-0.15170976051393836,8,766.6666666666667,78.26086956521738,107.8037334717085
50098,true,0.005799529021317085,8,766.6666666666667,78.26086956521738,107.8037334717085
50130,true,0.11215609328596088,8,766.6666666666667,78.26086956521738,107.8037334717085
50170,true,0.1311511747487657,8,766.6666666666667,78.26086956521738,107.8037334717085
50214,true,0.05977507805204141,9,733.3333333333333,81.81818181818183,107.8037334717085
50244,true,-0.0645935686966368,9,733.3333333333333,81.81818181818183,107.8037334717085
50266,true,-0.22455313464283222,9,733.3333333333333,81.81818181818183,107.8037334717085
50299,true,-0.4122253584079374,9,733.3333333333333,81.81818181818183,107.8037334717085
50329,true,-0.5642638700372515,9,733.3333333333333,81.81818181818183,107.8037334717085
50368,true,-0.6606263482980523,9,733.3333333333333,81.81818181818183,107.8037334717085
50399,true,-0.7091262252339163,9,733.3333333333333,81.81818181818183,107.8037334717085
50430,true,-0.7261588264699412,9,733.3333333333333,81.81818181818183,107.8037334717085
50466,true,-0.7221672908091818,9,733.3333333333333,81.81818181818183,107.8037334717085
50497,true,-0.7165511275143217,9,733.3333333333333,81.81818181818183,107.8037334717085
50530,true,-0.6865058946822273,8,766.6666666666667,78.26086956521738,107.8037334717085
50567,true,-0.6407842812902516,8,766.6666666666667,78.26086956521738,107.8037334717085
50602,true,-0.6352286951706674,8,766.6666666666667,78.26086956521738,107.8037334717085
50630,true,-0.663706146008991,8,766.6666666666667,78.26086956521738,107.8037334717085
50662,true,-0.7312864922319591,8,766.6666666666667,78.26086956521738,107.8037334717085
50700,true,-0.8326769970397834,8,766.6666666666667,78.26086956521738,107.8037334717085
50733,true,-0.9623461476756745,9,733.3333333333333,81.81818181818183,107.8037334717085
50770,true,-1.052802644353875,9,733.3333333333333,81.81818181818183,107.8037334717085
50800,true,-1.0952225117888759,9,733.3333333333333,81.81818181818183,107.8037334717085
50841,true,-1.0900338722147467,9,733.3333333333333,81.81818181818183,107.8037334717085
50873,true,-1.0466931444473744,9,733.3333333333333,81.81818181818183,107.8037334717085
50898,true,-0.9719324998941659,9,733.3333333333333,81.81818181818183,107.8037334717085
50941,true,-0.9109176637868472,9,733.3333333333333,81.81818181818183,107.8037334717085
50971,true,-0.8871991106710482,9,733.3333333333333,81.81818181818183,107.8037334717085
50998,true,-0.9064501572394192,9,733.3333333333333,81.81818181818183,107.8037334717085
51032,true,-0.9722644390275264,9,733.3333333333333,81.81818181818183,107.8037334717085
51066,true,-1.0661651955495017,9,733.3333333333333,81.81818181818183,107.8037334717085
51102,true,-1.1368112463902094,10,733.3333333333333,81.81818181818183,107.8037334717085
51133,true,-1.1523110304381134,10,733.3333333333333,81.81818181818183,107.8037334717085
51167,true,-1.129132893136216,10,733.3333333333333,81.81818181818183,107.8037334717085
51204,true,-1.0853582503147265,9,600.0,100.0,107.8037334717085
51238,true,-1.030598260401149,9,600.0,100.0,107.8037334717085
51264,true,-0.9756072163746126,9,600.0,100.0,107.8037334717085
51298,true,-0.9273045508447808,9,600.0,100.0,107.8037334717085
51331,true,-0.8632279385977881,9,600.0,100.0,107.8037334717085
51369,true,-0.7711091208420839,9,600.0,100.0,107.41354679812306
51398,true,-0.6895851622494149,9,600.0,100.0,107.41354679812306
51440,true,-0.6672728238345087,9,600.0,100.0,107.41354679812306
51465,true,-0.6925906355439508,10,600.0,100.0,107.41354679812306
51498,true,-0.775754705529522,10,600.0,100.0,107.41354679812306
51532,true,-0.8873023599954593,10,600.0,100.0,107.41354679812306
51568,true,-0.9691745289217693,10,600.0,100.0,107.41354679812306
51599,true,-0.9631055474475829,10,600.0,100.0,107.41354679812306
51638,true,-0.8786369141681405,10,600.0,100.0,107.41354679812306
51666,true,-0.7290229376861248,10,600.0,100.0,107.41354679812306
51703,true,-0.5885380334021022,10,600.0,100.0,107.04286945821691
51731,true,-0.47397898071974964,10,600.0,100.0,107.04286945821691
51766,true,-0.3892634300561326,10,600.0,100.0,107.04286945821691
51798,true,-0.34099399092775684,10,600.0,100.0,107.04286945821691
51848,true,-0.31533625962583756,10,600.0,100.0,107.04286945821691
51863,true,-0.29538330678903435,10,600.0,100.0,107.04286945821691
51900,true,-0.2770091747281924,10,600.0,100.0,107.04286945821691
51939,true,-0.2633589391993496,10,600.0,100.0,107.04286945821691
51968,true,-0.2391542758407752,9,500.0,120.0,107.04286945821691
52000,true,-0.19407646119654487,9,500.0,120.0,107.04286945821691
52040,true,-0.11467396885552716,9,500.0,120.0,107.69072598530606
52068,true,-0.014220845240117796,9,500.0,120.0,107.69072598530606
52099,true,0.0827925517091046,9,500.0,120.0,107.69072598530606
52137,true,0.1532877175612839,9,500.0,120.0,107.69072598530606
52171,true,0.15719541737817622,9,500.0,120.0,107.69072598530606
52207,true,0.10152782743739408,9,500.0,120.0,107.69072598530606
52230,true,-0.0078032631873270475,9,500.0,120.0,107.69072598530606
52264,true,-0.14520790116998228,9,500.0,120.0,107.69072598530606
52300,true,-0.28719567158222503,9,500.0,120.0,107.69072598530606
52336,true,-0.397315208184267,9,500.0,120.0,107.69072598530606
52375,true,-0.4653114162841234,9,500.0,120.0,108.30618968604075
52401,true,-0.4741823510126437,9,500.0,120.0,108.30618968604075
52434,true,-0.43517204970854095,9,500.0,120.0,108.30618968604075
52469,true,-0.37950075053214505,9,500.0,120.0,108.30618968604075
52499,true,-0.3080029317035553,9,500.0,120.0,108.30618968604075
52529,true,-0.23262289641752432,9,500.0,120.0,108.30618968604075
52571,true,-0.1616465715138986,9,500.0,120.0,108.30618968604075
52600,true,-0.06864753274473401,9,500.0,120.0,108.30618968604075
52634,true,0.05350765278842573,9,500.0,120.0,108.30618968604075
52667,true,0.17775347972869326,9,500.0,120.0,108.30618968604075
52702,true,0.2889701122427937,9,500.0,120.0,108.89088020173871
52732,true,0.3881244755203568,9,500.0,120.0,108.89088020173871
52768,true,0.4728125829408043,5,466.6666666666667,128.57142857142856,108.89088020173871
52797,true,0.5497437237164604,5,466.6666666666667,128.57142857142856,108.89088020173871
52837,true,0.6348282501934079,5,466.6666666666667,128.57142857142856,108.89088020173871
52868,true,0.7343325038677051,5,466.6666666666667,128.57142857142856,108.89088020173871
52903,true,0.8055906148410088,5,466.6666666666667,128.57142857142856,108.89088020173871
52935,true,0.75203419867006,8,500.0,120.0,108.89088020173871
52966,true,0.5947866404769684,8,500.0,120.0,108.89088020173871
53002,true,0.3497876624328171,8,500.0,120.0,108.89088020173871
53033,true,0.06352108633382159,8,500.0,120.0,109.44633619165177
53067,true,-0.20466960745210372,8,500.0,120.0,109.44633619165177
53102,true,-0.37398475234454054,8,500.0,120.0,109.44633619165177
53135,true,-0.43812082990689305,8,500.0,120.0,109.44633619165177
53165,true,-0.40471440047539886,8,500.0,120.0,109.44633619165177
53199,true,-0.31616984868105646,8,500.0,120.0,109.44633619165177
53242,true,-0.2171384704125785,8,500.0,120.0,109.44633619165177
53270,true,-0.12760797610107488,8,500.0,120.0,109.44633619165177
53301,true,-0.08477304739875535,8,500.0,120.0,109.44633619165177
53328,true,-0.07952993558632215,8,500.0,120.0,109.44633619165177
53376,true,-0.09852719031644597,9,466.6666666666667,128.57142857142856,109.97401938206917
53408,true,-0.12486245004026841,6,466.6666666666667,128.57142857142856,109.97401938206917
53435,true,-0.1412844130771589,6,466.6666666666667,128.57142857142856,109.97401938206917
53462,true,-0.14279496279397108,6,466.6666666666667,128.57142857142856,109.97401938206917
53502,true,-0.12320910315739297,6,466.6666666666667,128.57142857142856,109.97401938206917
53533,true,-0.08505077363255964,6,466.6666666666667,128.57142857142856,109.97401938206917
53570,true,-0.01794040235259331,6,466.6666666666667,128.57142857142856,109.97401938206917
53601,true,0.06263037133291505,6,466.6666666666667,128.57142857142856,109.97401938206917
53636,true,0.10425304907755617,6,466.6666666666667,128.57142857142856,109.97401938206917
53666,true,0.01432749598478722,6,466.6666666666667,128.57142857142856,109.97401938206917
53700,true,-0.14041269398012446,6,466.6666666666667,128.57142857142856,110.90388984153714
53737,true,-0.3557840478972025,6,466.6666666666667,128.57142857142856,110.90388984153714
53769,true,-0.5943502822607627,6,466.6666666666667,128.57142857142856,110.90388984153714
53833,true,-0.7852222757170466,6,466.6666666666667,128.57142857142856,110.90388984153714
53872,true,-0.8230012418669048,6,466.6666666666667,128.57142857142856,110.90388984153714
53897,true,-0.7799751676099902,6,466.6666666666667,128.57142857142856,110.90388984153714
53934,true,-0.6816855091845184,6,466.6666666666667,128.57142857142856,110.90388984153714
53968,true,-0.5590993976999528,6,466.6666666666667,128.57142857142856,110.90388984153714
54004,true,-0.4351323208064741,6,466.6666666666667,128.57142857142856,110.90388984153714
54034,true,-0.3437461321485955,6,466.6666666666667,128.57142857142856,110.90388984153714
54076,true,-0.2982680922487475,6,466.6666666666667,128.57142857142856,111.78726677803171
54105,true,-0.29428635785185975,6,466.6666666666667,128.57142857142856,111.78726677803171
54135,true,-0.30508564412610895,7,433.33333333333337,138.46153846153845,111.78726677803171
54165,true,-0.3027357476105692,7,433.33333333333337,138.46153846153845,111.78726677803171
54205,true,-0.27924941837420647,7,433.33333333333337,138.46153846153845,111.78726677803171
54235,true,-0.241002417624685,7,433.33333333333337,138.46153846153845,111.78726677803171
54267,true,-0.17194474781280178,7,433.33333333333337,138.46153846153845,111.78726677803171
54301,true,-0.09580572209631555,7,433.33333333333337,138.46153846153845,111.78726677803171
54331,true,-0.03316190140421327,7,433.33333333333337,138.46153846153845,111.78726677803171
54380,true,0.023354636266049056,7,433.33333333333337,138.46153846153845,111.78726677803171
54404,true,0.0775787029445496,7,433.33333333333337,138.46153846153845,113.12098036220704
54440,true,0.014455119209117129,7,433.33333333333337,138.46153846153845,113.12098036220704
54469,true,-0.1382532603206812,7,433.33333333333337,138.46153846153845,113.12098036220704
54534,true,-0.36331896114893425,7,433.33333333333337,138.46153846153845,113.12098036220704
54563,true,-0.6065527807606372,7,433.33333333333337,138.46153846153845,113.12098036220704
54602,true,-0.8698264936953137,7,433.33333333333337,138.46153846153845,113.12098036220704
54632,true,-1.0263471777207656,7,433.33333333333337,138.46153846153845,113.12098036220704
54664,true,-1.0877561521548955,7,433.33333333333337,138.46153846153845,113.12098036220704
54696,true,-1.0555974449368648,7,433.33333333333337,138.46153846153845,113.12098036220704
54732,true,-1.0045679553338402,7,433.33333333333337,138.46153846153845,113.12098036220704
54763,true,-0.9317401231009228,7,433.33333333333337,138.46153846153845,114.3880082671736
54797,true,-0.864114769391847,7,433.33333333333337,138.46153846153845,114.3880082671736
54828,true,-0.8194126255301626,7,433.33333333333337,138.46153846153845,114.3880082671736
54882,true,-0.8010399329662334,7,433.33333333333337,138.46153846153845,114.3880082671736
54901,true,-0.7988355457991076,7,433.33333333333337,138.46153846153845,114.3880082671736
54936,true,-0.8022098309970715,8,466.6666666666667,128.57142857142856,114.3880082671736
54966,true,-0.7838793044764998,8,466.6666666666667,128.57142857142856,114.3880082671736
54994,true,-0.7437119653368427,8,466.6666666666667,128.57142857142856,114.3880082671736
55029,true,-0.6796154695156247,8,466.6666666666667,128.57142857142856,114.3880082671736
55068,true,-0.6078976386465058,8,466.6666666666667,128.57142857142856,114.3880082671736
55103,true,-0.5235850880388853,8,466.6666666666667,128.57142857142856,115.09717928238635
55136,true,-0.470195436558015,8,466.6666666666667,128.57142857142856,115.09717928238635
55169,true,-0.4217491582822106,8,466.6666666666667,128.57142857142856,115.09717928238635
55197,true,-0.38388470796402885,8,466.6666666666667,128.57142857142856,115.09717928238635
55231,true,-0.4045365387747495,8,466.6666666666667,128.57142857142856,115.09717928238635
55266,true,-0.5752708391098622,8,466.6666666666667,128.57142857142856,115.09717928238635
55303,true,-0.7755707507101022,8,466.6666666666667,128.57142857142856,115.09717928238635
55331,true,-1.0084558156907235,8,466.6666666666667,128.57142857142856,115.09717928238635
55368,true,-1.2636318374637199,8,466.6666666666667,128.57142857142856,115.09717928238635
55401,true,-1.4623798547571027,8,466.6666666666667,128.57142857142856,115.09717928238635
55432,true,-1.514855687112913,8,466.6666666666667,128.57142857142856,115.77089174683846
55501,true,-1.4884634849166218,8,466.6666666666667,128.57142857142856,115.77089174683846
55531,true,-1.4198216306257336,8,466.6666666666667,128.57142857142856,115.77089174683846
55569,true,-1.3320769770669472,8,466.6666666666667,128.57142857142856,115.77089174683846
55599,true,-1.2533969035595476,8,466.6666666666667,128.57142857142856,115.77089174683846
55629,true,-1.1863966519246674,8,466.6666666666667,128.57142857142856,115.77089174683846
55666,true,-1.1608096497377005,8,466.6666666666667,128.57142857142856,115.77089174683846
55702,true,-1.1600626259827607,8,466.6666666666667,128.57142857142856,115.77089174683846
55744,true,-1.168137026996817,9,466.6666666666667,128.57142857142856,115.77089174683846
55768,true,-1.147125786926381,9,466.6666666666667,128.57142857142856,115.77089174683846
55799,true,-1.0962481931510695,9,466.6666666666667,128.57142857142856,116.41091858806796
55835,true,-1.0352568348560567,9,466.6666666666667,128.57142857142856,116.41091858806796
55872,true,-0.9429422108503047,9,466.6666666666667,128.57142857142856,116.41091858806796
55904,true,-0.8390160850130997,9,466.6666666666667,128.57142857142856,116.41091858806796
55930,true,-0.7494542484682825,9,466.6666666666667,128.57142857142856,116.41091858806796
55968,true,-0.6733828086946403,9,466.6666666666667,128.57142857142856,116.41091858806796
56002,true,-0.596746792695285,9,466.6666666666667,128.57142857142856,116.41091858806796
56039,true,-0.5513283650488745,9,466.6666666666667,128.57142857142856,116.41091858806796
56073,true,-0.6019875732537514,9,466.6666666666667,128.57142857142856,116.41091858806796
56105,true,-0.7742521491763341,9,466.6666666666667,128.57142857142856,116.41091858806796
56130,true,-1.0084359698706749,9,466.6666666666667,128.57142857142856,117.01894408723598
56170,true,-1.2661810824948248,9,466.6666666666667,128.57142857142856,117.01894408723598
56203,true,-1.5272750589056159,9,466.6666666666667,128.57142857142856,117.01894408723598
56234,true,-1.7034886667440503,9,466.6666666666667,128.57142857142856,117.01894408723598
56268,true,-1.7532052985148994,9,466.6666666666667,128.57142857142856,117.01894408723598
56301,true,-1.743113206590749,9,466.6666666666667,128.57142857142856,117.01894408723598
56331,true,-1.700698143688527,9,466.6666666666667,128.57142857142856,117.01894408723598
56362,true,-1.626297557196125,9,466.6666666666667,128.57142857142856,117.01894408723598
56403,true,-1.5399775744123758,9,466.6666666666667,128.57142857142856,117.01894408723598
56431,true,-1.4669538384544865,9,466.6666666666667,128.57142857142856,117.01894408723598
56466,true,-1.411995666330057,9,466.6666666666667,128.57142857142856,117.59656831144561
56499,true,-1.3801833487354145,9,466.6666666666667,128.57142857142856,117.59656831144561
56542,true,-1.367357569842369,9,466.6666666666667,128.57142857142856,117.59656831144561
56564,true,-1.347228786057201,9,466.6666666666667,128.57142857142856,117.59656831144561
56603,true,-1.3171258432787454,9,466.6666666666667,128.57142857142856,117.59656831144561
56639,true,-1.2675833997115262,9,466.6666666666667,128.57142857142856,117.59656831144561
56673,true,-1.189841941212677,9,466.6666666666667,128.57142857142856,117.59656831144561
56704,true,-1.1029825973154175,10,466.6666666666667,128.57142857142856,117.59656831144561
56736,true,-1.0313270471564522,10,466.6666666666667,128.57142857142856,117.59656831144561
56766,true,-0.9595924133920448,10,466.6666666666667,128.57142857142856,117.59656831144561
56802,true,-0.8872764213028006,10,466.6666666666667,128.57142857142856,118.14531132444475
56831,true,-0.8416762240436242,10,466.6666666666667,128.57142857142856,118.14531132444475
56868,true,-0.8118142260983916,10,466.6666666666667,128.57142857142856,118.14531132444475
56895,true,-0.7742639169934478,10,466.6666666666667,128.57142857142856,118.14531132444475
56931,true,-0.7846351485659966,10,466.6666666666667,128.57142857142856,118.14531132444475
56965,true,-0.9329453631940225,10,466.6666666666667,128.57142857142856,118.14531132444475
57001,true,-1.1302688989513854,10,466.6666666666667,128.57142857142856,118.14531132444475
57040,true,-1.3537940972854017,10,466.6666666666667,128.57142857142856,118.14531132444475
57074,true,-1.592846561925029,10,466.6666666666667,128.57142857142856,118.14531132444475
57101,true,-1.7925785302153656,10,466.6666666666667,128.57142857142856,118.14531132444475
57129,true,-1.854463815085353,8,466.6666666666667,128.57142857142856,118.66661718679394
57164,true,-1.8467664248597373,8,466.6666666666667,128.57142857142856,118.66661718679394
57202,true,-1.7930304413658007,8,466.6666666666667,128.57142857142856,118.66661718679394
57233,true,-1.7171258145894228,8,466.6666666666667,128.57142857142856,118.66661718679394
57272,true,-1.6246853303230466,8,466.6666666666667,128.57142857142856,118.66661718679394
57298,true,-1.5406851571296727,8,466.6666666666667,128.57142857142856,118.66661718679394
57330,true,-1.4755241259826164,8,466.6666666666667,128.57142857142856,118.66661718679394
57365,true,-1.4340150362439203,8,466.6666666666667,128.57142857142856,118.66661718679394
57400,true,-1.4091474216960478,8,466.6666666666667,128.57142857142856,118.66661718679394
57430,true,-1.393888839207989,8,466.6666666666667,128.57142857142856,118.66661718679394
57467,true,-1.3464327295646967,8,466.6666666666667,128.57142857142856,119.16185775602567
57501,true,-1.2674580043087644,8,466.6666666666667,128.57142857142856,119.16185775602567
57531,true,-1.17245417374113,8,466.6666666666667,128.57142857142856,119.16185775602567
57571,true,-1.0610155948370732,8,466.6666666666667,128.57142857142856,119.16185775602567
57602,true,-0.9526256188964339,8,466.6666666666667,128.57142857142856,119.16185775602567
57631,true,-0.8642007545695947,8,466.6666666666667,128.57142857142856,119.16185775602567
57675,true,-0.7866354800369209,8,466.6666666666667,128.57142857142856,119.16185775602567
57706,true,-0.7095201777935927,8,466.6666666666667,128.57142857142856,119.16185775602567
57734,true,-0.6433868593177294,8,466.6666666666667,128.57142857142856,119.16185775602567
57770,true,-0.5759839635104811,8,466.6666666666667,128.57142857142856,119.16185775602567
57820,true,-0.5163252572927775,8,466.6666666666667,128.57142857142856,119.63233629679581
57834,true,-0.5110477058822482,8,466.6666666666667,128.57142857142856,119.63233629679581
57903,true,-0.7464283290610751,8,466.6666666666667,128.57142857142856,119.63233629679581
57934,true,-0.9966948183379714,8,466.6666666666667,128.57142857142856,119.63233629679581
57966,true,-1.2593197192923071,8,466.6666666666667,128.57142857142856,119.63233629679581
57999,true,-1.5304859204699426,8,466.6666666666667,128.57142857142856,119.63233629679581
58035,true,-1.7480461175023834,8,466.6666666666667,128.57142857142856,119.63233629679581
58067,true,-1.7126865937943023,8,466.6666666666667,128.57142857142856,119.63233629679581
58101,true,-1.654914457798668,8,466.6666666666667,128.57142857142856,119.63233629679581
58130,true,-1.5699713776914166,8,466.6666666666667,128.57142857142856,119.63233629679581
58167,true,-1.4744481888230325,8,466.6666666666667,128.57142857142856,120.07929091052745
58200,true,-1.3938673281173806,8,466.6666666666667,128.57142857142856,120.07929091052745
58233,true,-1.341996975435734,8,466.6666666666667,128.57142857142856,120.07929091052745
58265,true,-1.3091521955240921,8,466.6666666666667,128.57142857142856,120.07929091052745
58305,true,-1.2958039734076578,8,466.6666666666667,128.57142857142856,120.07929091052745
58339,true,-1.2728179835516755,8,466.6666666666667,128.57142857142856,120.07929091052745
58371,true,-1.2321584502865903,8,466.6666666666667,128.57142857142856,120.07929091052745
58399,true,-1.1660295704050725,8,466.6666666666667,128.57142857142856,120.07929091052745
58427,true,-1.0829536501452708,8,466.6666666666667,128.57142857142856,120.07929091052745
58465,true,-0.9802804618015841,8,466.6666666666667,128.57142857142856,120.07929091052745
58502,true,-0.8674259476463817,8,466.6666666666667,128.57142857142856,120.5038977935725
58535,true,-0.752136963124002,8,466.6666666666667,128.57142857142856,120.5038977935725
58564,true,-0.6522314553349133,8,466.6666666666667,128.57142857142856,120.5038977935725
58598,true,-0.5712053935428401,8,466.6666666666667,128.57142857142856,120.5038977935725
58642,true,-0.4982681778877236,8,466.6666666666667,128.57142857142856,120.5038977935725
58675,true,-0.44165005518382827,8,466.6666666666667,128.57142857142856,120.5038977935725
58704,true,-0.4252557648225661,10,466.6666666666667,128.57142857142856,120.5038977935725
58736,true,-0.5347307237328209,10,466.6666666666667,128.57142857142856,120.5038977935725
58771,true,-0.7682647624827723,10,466.6666666666667,128.57142857142856,120.5038977935725
58803,true,-1.0472479485332826,10,466.6666666666667,128.57142857142856,120.5038977935725
58834,true,-1.3390897960050552,10,466.6666666666667,128.57142857142856,120.9072743324653
58866,true,-1.6118286755196038,10,466.6666666666667,128.57142857142856,120.9072743324653
58903,true,-1.7588195429795235,8,466.6666666666667,128.57142857142856,120.9072743324653
58942,true,-1.7578243995040737,8,466.6666666666667,128.57142857142856,120.9072743324653
58966,true,-1.7005620051025971,8,466.6666666666667,128.57142857142856,120.9072743324653
59006,true,-1.629447304582726,8,466.6666666666667,128.57142857142856,120.9072743324653
59034,true,-1.5372363468269157,8,466.6666666666667,128.57142857142856,120.9072743324653
59064,true,-1.4421309015995405,8,466.6666666666667,128.57142857142856,120.9072743324653
59099,true,-1.364155410993618,8,466.6666666666667,128.57142857142856,120.9072743324653
59128,true,-1.305497831038224,8,466.6666666666667,128.57142857142856,120.9072743324653
59175,true,-1.2640075802210333,8,466.6666666666667,128.57142857142856,121.29048204441347
59202,true,-1.2390800560744708,8,466.6666666666667,128.57142857142856,121.29048204441347
59234,true,-1.20557476462443,8,466.6666666666667,128.57142857142856,121.29048204441347
59265,true,-1.1659827529690574,8,466.6666666666667,128.57142857142856,121.29048204441347
59298,true,-1.1259741012818552,7,466.6666666666667,128.57142857142856,121.29048204441347
59330,true,-1.0802242703339573,7,466.6666666666667,128.57142857142856,121.29048204441347
59364,true,-1.0353493083813419,7,466.6666666666667,128.57142857142856,121.29048204441347
59400,true,-1.0032812663040431,7,466.6666666666667,128.57142857142856,121.29048204441347
59426,true,-0.9610047447979184,7,466.6666666666667,128.57142857142856,121.29048204441347
59460,true,-0.9101029390845667,7,466.6666666666667,128.57142857142856,121.29048204441347
59507,true,-0.8477133059867867,7,466.6666666666667,128.57142857142856,121.65452937076422
59534,true,-0.7747195472126407,7,466.6666666666667,128.57142857142856,121.65452937076422
59563,true,-0.6887153690274772,7,466.6666666666667,128.57142857142856,121.65452937076422
59598,true,-0.6476852934255533,7,466.6666666666667,128.57142857142856,121.65452937076422
59629,true,-0.7694794231602202,7,466.6666666666667,128.57142857142856,121.65452937076422
59662,true,-0.973319912213725,7,466.6666666666667,128.57142857142856,121.65452937076422
59694,true,-1.221606736199476,7,466.6666666666667,128.57142857142856,121.65452937076422
59730,true,-1.4951625165151654,7,466.6666666666667,128.57142857142856,121.65452937076422
59767,true,-1.7459149208882252,7,466.6666666666667,128.57142857142856,121.65452937076422
59797,true,-1.8286462659425524,7,433.33333333333337,138.46153846153845,121.65452937076422
59832,true,-1.8227594705374202,7,433.33333333333337,138.46153846153845,122.49487982530293
59867,true,-1.7657995642629203,7,433.33333333333337,138.46153846153845,122.49487982530293
59899,true,-1.669649101217857,7,433.33333333333337,138.46153846153845,122.49487982530293
59934,true,-1.5645545978367466,7,433.33333333333337,138.46153846153845,122.49487982530293
59964,true,-1.4831369902915696,7,433.33333333333337,138.46153846153845,122.49487982530293
59998,true,-1.4265767020702356,7,433.33333333333337,138.46153846153845,122.49487982530293
60035,true,-1.395185232990059,7,433.33333333333337,138.46153846153845,122.49487982530293
60062,true,-1.385153134906858,7,433.33333333333337,138.46153846153845,122.49487982530293
60097,true,-1.369322703705052,7,433.33333333333337,138.46153846153845,122.49487982530293
60129,true,-1.3373429243994508,7,433.33333333333337,138.46153846153845,122.49487982530293
60161,true,-1.2853322357722448,7,433.33333333333337,138.46153846153845,123.2932127571147
60197,true,-1.2181442166524334,7,433.33333333333337,138.46153846153845,123.2932127571147
60236,true,-1.1353907732386403,7,433.33333333333337,138.46153846153845,123.2932127571147
60264,true,-1.0514959902028238,7,433.33333333333337,138.46153846153845,123.2932127571147
60298,true,-0.966635671439775,7,433.33333333333337,138.46153846153845,123.2932127571147
60329,true,-0.8812085881715461,7,433.33333333333337,138.46153846153845,123.2932127571147
60371,true,-0.8052523546429029,7,433.33333333333337,138.46153846153845,123.2932127571147
60406,true,-0.7457143560950215,7,433.33333333333337,138.46153846153845,123.2932127571147
60438,true,-0.6868565122349821,7,433.33333333333337,138.46153846153845,123.2932127571147
60470,true,-0.6483755051833953,7,433.33333333333337,138.46153846153845,123.2932127571147
60504,true,-0.7460639900433534,7,433.33333333333337,138.46153846153845,124.05162904233588
60529,true,-0.9532095829477782,7,433.33333333333337,138.46153846153845,124.05162904233588
60571,true,-1.2014826723497265,7,433.33333333333337,138.46153846153845,124.05162904233588
60597,true,-1.4764062161520428,7,433.33333333333337,138.46153846153845,124.05162904233588
60629,true,-1.7453596227223045,7,433.33333333333337,138.46153846153845,124.05162904233588
60664,true,-1.8845083579231243,7,433.33333333333337,138.46153846153845,124.05162904233588
60698,true,-1.8915903136245902,5,466.6666666666667,128.57142857142856,124.05162904233588
60732,true,-1.847084225031324,5,466.6666666666667,128.57142857142856,124.05162904233588
60763,true,-1.7530225569033746,5,466.6666666666667,128.57142857142856,124.05162904233588
60799,true,-1.646021750765584,5,466.6666666666667,128.57142857142856,124.05162904233588
60841,true,-1.540140239994173,5,466.6666666666667,128.57142857142856,124.2776190187905
60869,true,-1.46903107554769,5,466.6666666666667,128.57142857142856,124.2776190187905
60897,true,-1.41145996404029,5,466.6666666666667,128.57142857142856,124.2776190187905
60928,true,-1.3791812745513994,5,466.6666666666667,128.57142857142856,124.2776190187905
60965,true,-1.3504894345399805,5,466.6666666666667,128.57142857142856,124.2776190187905
60999,true,-1.3139700935833503,5,466.6666666666667,128.57142857142856,124.2776190187905
61047,true,-1.247362537002033,5,466.6666666666667,128.57142857142856,124.2776190187905
61074,true,-1.169149432412496,7,866.6666666666667,69.23076923076923,124.2776190187905
61093,true,-1.0945944850933245,7,866.6666666666667,69.23076923076923,124.2776190187905
61166,true,-1.0143833165546141,7,866.6666666666667,69.23076923076923,124.2776190187905
61201,true,-0.9403503816253078,7,866.6666666666667,69.23076923076923,124.2776190187905
61228,true,-0.8692595762164785,7,866.6666666666667,69.23076923076923,124.2776190187905
61265,true,-0.7999938123415973,7,866.6666666666667,69.23076923076923,124.2776190187905
61295,true,-0.7260179332863004,7,866.6666666666667,69.23076923076923,124.2776190187905
61330,true,-0.6513525858091214,7,866.6666666666667,69.23076923076923,124.2776190187905
61367,true,-0.6166257294298418,7,866.6666666666667,69.23076923076923,124.2776190187905
61399,true,-0.7513350042219713,8,866.6666666666667,69.23076923076923,124.2776190187905
61430,true,-0.9623688964907444,8,866.6666666666667,69.23076923076923,124.2776190187905
61463,true,-1.2167757197853746,8,866.6666666666667,69.23076923076923,124.2776190187905
61500,true,-1.499824704893257,8,866.6666666666667,69.23076923076923,124.2776190187905
61526,true,-1.7540045320815238,8,866.6666666666667,69.23076923076923,124.2776190187905
61561,true,-1.8482455361282746,6,866.6666666666667,69.23076923076923,124.2776190187905
61597,true,-1.8549453551193267,6,866.6666666666667,69.23076923076923,124.2776190187905
61631,true,-1.7990872027854152,6,866.6666666666667,69.23076923076923,124.2776190187905
61670,true,-1.7104914354208915,6,866.6666666666667,69.23076923076923,124.2776190187905
61696,true,-1.6092050469819128,6,866.6666666666667,69.23076923076923,124.2776190187905
61729,true,-1.5174096717159387,6,866.6666666666667,69.23076923076923,124.2776190187905
61761,true,-1.474511654691554,6,866.6666666666667,69.23076923076923,124.2776190187905
61803,true,-1.4692771095245405,6,866.6666666666667,69.23076923076923,124.2776190187905
61832,true,-1.4778946294713364,6,866.6666666666667,69.23076923076923,124.2776190187905
61866,true,-1.4838038608373552,6,866.6666666666667,69.23076923076923,124.2776190187905
61896,true,-1.4737381118877693,6,866.6666666666667,69.23076923076923,124.2776190187905
61928,true,-1.4259743035215138,6,866.6666666666667,69.23076923076923,124.2776190187905
61981,true,-1.3487525422962392,6,866.6666666666667,69.23076923076923,124.2776190187905
61994,true,-1.2487904075729261,6,866.6666666666667,69.23076923076923,124.2776190187905
62028,true,-1.1428605986936873,6,866.6666666666667,69.23076923076923,124.2776190187905
62072,true,-1.0297106920342003,6,866.6666666666667,69.23076923076923,124.2776190187905
62110,true,-0.9165772309742692,6,866.6666666666667,69.23076923076923,124.2776190187905
62128,true,-0.8228712270627057,6,866.6666666666667,69.23076923076923,124.2776190187905
62162,true,-0.7411873308649888,6,866.6666666666667,69.23076923076923,124.2776190187905
62194,true,-0.6739467626779856,6,866.6666666666667,69.23076923076923,124.2776190187905
62235,true,-0.6727822468215265,6,866.6666666666667,69.23076923076923,124.2776190187905
62265,true,-0.8336969178906202,6,866.6666666666667,69.23076923076923,124.2776190187905
62298,true,-1.0749224401493223,4,466.6666666666667,128.57142857142856,124.2776190187905
62327,true,-1.3575069087792144,4,466.6666666666667,128.57142857142856,124.2776190187905
62373,true,-1.651069808472215,4,466.6666666666667,128.57142857142856,124.2776190187905
62408,true,-1.889372620327265,4,466.6666666666667,128.57142857142856,124.2776190187905
62435,true,-1.965450795660189,4,466.6666666666667,128.57142857142856,124.2776190187905
62467,true,-1.9463116481913971,4,466.6666666666667,128.57142857142856,124.2776190187905
62495,true,-1.8860755419597979,4,466.6666666666667,128.57142857142856,124.2776190187905
62530,true,-1.8054022408256003,4,466.6666666666667,128.57142857142856,124.49230949642241
62561,true,-1.7223129488143627,4,466.6666666666667,128.57142857142856,124.49230949642241
62600,true,-1.6560843770742224,4,466.6666666666667,128.57142857142856,124.49230949642241
62678,true,-1.6201194473108274,4,466.6666666666667,128.57142857142856,124.49230949642241
62700,true,-1.6077306508830986,4,466.6666666666667,128.57142857142856,124.49230949642241
62730,true,-1.601093755941747,4,466.6666666666667,128.57142857142856,124.49230949642241
62770,true,-1.5850866814709548,4,466.6666666666667,128.57142857142856,124.49230949642241
62803,true,-1.5450515679968646,4,466.6666666666667,128.57142857142856,124.49230949642241
62833,true,-1.4696584494934655,4,466.6666666666667,128.57142857142856,124.49230949642241
62877,true,-1.3664343046736178,4,466.6666666666667,128.57142857142856,124.49230949642241
62902,true,-1.2574161519455345,4,466.6666666666667,128.57142857142856,124.69626545017272
62929,true,-1.1538689426305666,4,466.6666666666667,128.57142857142856,124.69626545017272
62964,true,-1.060148685020664,4,466.6666666666667,128.57142857142856,124.69626545017272
62994,true,-0.9782261687024061,4,466.6666666666667,128.57142857142856,124.69626545017272
63025,true,-0.9034542173680506,4,466.6666666666667,128.57142857142856,124.69626545017272
63061,true,-0.8400000697751295,3,300.0,200.0,124.69626545017272
63097,true,-0.7788278356563865,3,300.0,200.0,124.69626545017272
63133,true,-0.7665176799800975,3,300.0,200.0,124.69626545017272
63163,true,-0.9241946490435566,3,300.0,200.0,124.69626545017272
63192,true,-1.1475769746591027,3,300.0,200.0,124.69626545017272
63231,true,-1.4238266004523155,3,300.0,200.0,124.69626545017272
63263,true,-1.7375094813559997,3,300.0,200.0,124.69626545017272
63304,true,-2.0132036499175,3,300.0,200.0,124.69626545017272
63332,true,-2.1267250190772984,3,300.0,200.0,124.69626545017272
63368,true,-2.1713423070419537,3,300.0,200.0,124.69626545017272
63407,true,-2.1444213744884166,4,466.6666666666667,128.57142857142856,124.69626545017272
63443,true,-2.066984749765055,4,466.6666666666667,128.57142857142856,124.69626545017272
63461,true,-1.966194856344913,4,466.6666666666667,128.57142857142856,124.69626545017272
63504,true,-1.8555154871504271,4,466.6666666666667,128.57142857142856,124.69626545017272
63533,true,-1.768927041057566,4,466.6666666666667,128.57142857142856,124.69626545017272
63567,true,-1.7156022590880866,4,466.6666666666667,128.57142857142856,124.8900236062355
63598,true,-1.6827965971301069,4,466.6666666666667,128.57142857142856,124.8900236062355
63629,true,-1.6561883875320405,4,466.6666666666667,128.57142857142856,124.8900236062355
63660,true,-1.6173356477087282,4,466.6666666666667,128.57142857142856,124.8900236062355
63692,true,-1.5435876686097743,4,466.6666666666667,128.57142857142856,124.8900236062355
63726,true,-1.4431050333306814,4,466.6666666666667,128.57142857142856,124.8900236062355
63767,true,-1.3280232817705269,4,466.6666666666667,128.57142857142856,124.8900236062355
63798,true,-1.1974564613147436,3,300.0,200.0,124.8900236062355
63825,true,-1.0709922774162806,3,300.0,200.0,124.8900236062355
63864,true,-0.9568078969024327,3,300.0,200.0,124.8900236062355
63894,true,-0.8458456350641654,3,300.0,200.0,124.8900236062355
63936,true,-0.7419132541665476,3,300.0,200.0,124.8900236062355
63968,true,-0.6494696437813161,3,300.0,200.0,124.8900236062355
64030,true,-0.5426994733958566,3,300.0,200.0,124.8900236062355
64070,true,-0.4884360870672708,3,300.0,200.0,124.8900236062355
64132,true,-0.6986045108285737,3,300.0,200.0,124.8900236062355
64168,true,-0.934894632398823,3,300.0,200.0,124.8900236062355
64199,true,-1.205698016684977,3,466.6666666666667,128.57142857142856,124.8900236062355
64229,true,-1.511649155571405,3,466.6666666666667,128.57142857142856,124.8900236062355
64263,true,-1.7637525605255178,3,466.6666666666667,128.57142857142856,124.8900236062355
64301,true,-1.731324505645631,3,466.6666666666667,128.57142857142856,124.8900236062355
64332,true,-1.6543030989380725,3,466.6666666666667,128.57142857142856,124.8900236062355
64364,true,-1.5446257117243078,3,466.6666666666667,128.57142857142856,124.8900236062355
64396,true,-1.4196052838582887,3,466.6666666666667,128.57142857142856,124.8900236062355
64432,true,-1.3166847088540976,3,466.6666666666667,128.57142857142856,124.8900236062355
64463,true,-1.2660722586253144,3,466.6666666666667,128.57142857142856,124.8900236062355
64491,true,-1.2597634206146608,3,466.6666666666667,128.57142857142856,124.8900236062355
64524,true,-1.2719260266261756,4,466.6666666666667,128.57142857142856,124.8900236062355
64563,true,-1.2837321738508933,4,466.6666666666667,128.57142857142856,124.8900236062355
64595,true,-1.275177401323333,3,333.3333333333333,180.0,124.8900236062355
64636,true,-1.229736292179041,3,333.3333333333333,180.0,124.8900236062355
64662,true,-1.1518069081575675,3,333.3333333333333,180.0,124.8900236062355
64702,true,-1.0528183817911838,3,333.3333333333333,180.0,124.8900236062355
64729,true,-0.9506434174294611,3,333.3333333333333,180.0,124.8900236062355
64769,true,-0.8504768054408203,3,333.3333333333333,180.0,124.8900236062355
64806,true,-0.7576023790442434,3,333.3333333333333,180.0,124.8900236062355
64834,true,-0.6755675847860232,3,333.3333333333333,180.0,124.8900236062355
64867,true,-0.5993191798486635,3,333.3333333333333,180.0,124.8900236062355
64900,true,-0.529086578143108,3,400.0,150.0,124.8900236062355
64939,true,-0.46245843765515815,3,400.0,150.0,124.8900236062355
64967,true,-0.4917547434956475,4,433.33333333333337,138.46153846153845,124.8900236062355
65015,true,-0.68550404252818,4,433.33333333333337,138.46153846153845,124.8900236062355
65033,true,-0.9439750352594274,4,433.33333333333337,138.46153846153845,124.8900236062355
65065,true,-1.250767851537148,4,433.33333333333337,138.46153846153845,124.8900236062355
65098,true,-1.5739020630956873,4,433.33333333333337,138.46153846153845,124.8900236062355
65137,true,-1.8060605588195244,4,433.33333333333337,138.46153846153845,124.8900236062355
65174,true,-1.8687583973288895,4,433.33333333333337,138.46153846153845,124.8900236062355
65198,true,-1.8592014904163818,4,433.33333333333337,138.46153846153845,124.8900236062355
65231,true,-1.7903732054356567,4,433.33333333333337,138.46153846153845,124.8900236062355
65263,true,-1.6986904096536364,4,433.33333333333337,138.46153846153845,124.8900236062355
65299,true,-1.609775105519475,4,433.33333333333337,138.46153846153845,125.56859934900064
65329,true,-1.53414045738117,4,433.33333333333337,138.46153846153845,125.56859934900064
65367,true,-1.4989116305328025,3,400.0,150.0,125.56859934900064
65398,true,-1.4992646034018264,4,433.33333333333337,138.46153846153845,125.56859934900064
65438,true,-1.5151040353674148,4,433.33333333333337,138.46153846153845,125.56859934900064
65466,true,-1.5149736097744722,4,433.33333333333337,138.46153846153845,125.56859934900064
65497,true,-1.4976413536707867,4,433.33333333333337,138.46153846153845,125.56859934900064
65538,true,-1.4341834312883464,4,433.33333333333337,138.46153846153845,125.56859934900064
65566,true,-1.3420320885676347,4,433.33333333333337,138.46153846153845,125.56859934900064
65598,true,-1.2284623140353688,4,433.33333333333337,138.46153846153845,125.56859934900064
65631,true,-1.1078682769067711,4,433.33333333333337,138.46153846153845,126.21324630462752
65663,true,-0.9962199544058876,4,433.33333333333337,138.46153846153845,126.21324630462752
65698,true,-0.8966652129299462,8,866.6666666666667,69.23076923076923,126.21324630462752
65732,true,-0.7793763794357176,8,866.6666666666667,69.23076923076923,126.21324630462752
65764,true,-0.6715408345044125,8,866.6666666666667,69.23076923076923,126.21324630462752
65797,true,-0.5891653298207586,8,866.6666666666667,69.23076923076923,126.21324630462752
65835,true,-0.5025182127921539,8,866.6666666666667,69.23076923076923,126.21324630462752
65869,true,-0.40939820486624967,8,866.6666666666667,69.23076923076923,126.21324630462752
65897,true,-0.36373168924518495,8,866.6666666666667,69.23076923076923,126.21324630462752
65933,true,-0.4855567395324272,8,866.6666666666667,69.23076923076923,126.21324630462752
65965,true,-0.720140441890976,8,866.6666666666667,69.23076923076923,126.21324630462752
65996,true,-1.0323902140566474,8,866.6666666666667,69.23076923076923,126.21324630462752
66029,true,-1.3882084568532491,8,866.6666666666667,69.23076923076923,126.21324630462752
66062,true,-1.727417064118356,8,866.6666666666667,69.23076923076923,126.21324630462752
66093,true,-1.8983857927650263,8,866.6666666666667,69.23076923076923,126.21324630462752
66130,true,-1.9371401518262985,8,866.6666666666667,69.23076923076923,126.21324630462752
66167,true,-1.8981999060048622,7,866.6666666666667,69.23076923076923,126.21324630462752
66198,true,-1.80537827490204,7,866.6666666666667,69.23076923076923,126.21324630462752
66235,true,-1.690243157613338,7,866.6666666666667,69.23076923076923,126.21324630462752
66263,true,-1.588456537169094,7,866.6666666666667,69.23076923076923,126.21324630462752
66301,true,-1.5203887103984641,7,866.6666666666667,69.23076923076923,126.21324630462752
66332,true,-1.4739837963703053,7,866.6666666666667,69.23076923076923,126.21324630462752
66367,true,-1.4482263134922562,7,866.6666666666667,69.23076923076923,126.21324630462752
66398,true,-1.433596075620784,7,866.6666666666667,69.23076923076923,126.21324630462752
66434,true,-1.3987166080366364,7,866.6666666666667,69.23076923076923,126.21324630462752
66465,true,-1.3306792457527195,7,866.6666666666667,69.23076923076923,126.21324630462752
66501,true,-1.2269542325475413,7,866.6666666666667,69.23076923076923,126.21324630462752
66529,true,-1.10935463793939,7,866.6666666666667,69.23076923076923,126.21324630462752
66562,true,-0.9776506480941123,7,866.6666666666667,69.23076923076923,126.21324630462752
66595,true,-0.841701478220557,7,866.6666666666667,69.23076923076923,126.21324630462752
66631,true,-0.704642766111732,7,866.6666666666667,69.23076923076923,126.21324630462752
66665,true,-0.5846148720973758,7,866.6666666666667,69.23076923076923,126.21324630462752
66702,true,-0.46157015555741054,7,866.6666666666667,69.23076923076923,126.21324630462752
66734,true,-0.35006565318977323,7,866.6666666666667,69.23076923076923,126.21324630462752
66769,true,-0.25047786939987304,7,866.6666666666667,69.23076923076923,126.21324630462752
66801,true,-0.15140013414372788,7,866.6666666666667,69.23076923076923,126.21324630462752
66834,true,-0.04861342836221638,7,866.6666666666667,69.23076923076923,126.21324630462752
66869,true,-0.028365077134964167,7,866.6666666666667,69.23076923076923,126.21324630462752
66896,true,-0.20122935918254825,8,900.0,66.66666666666667,126.21324630462752
66931,true,-0.4525292847529556,8,900.0,66.66666666666667,126.21324630462752
66962,true,-0.7604455195048843,8,900.0,66.66666666666667,126.21324630462752
67000,true,-1.1026679460337618,8,900.0,66.66666666666667,126.21324630462752
67034,true,-1.3900849373706876,6,866.6666666666667,69.23076923076923,126.21324630462752
67062,true,-1.4749432967109044,6,866.6666666666667,69.23076923076923,126.21324630462752
67098,true,-1.461475719673274,6,866.6666666666667,69.23076923076923,126.21324630462752
67127,true,-1.3707546403322795,6,866.6666666666667,69.23076923076923,126.21324630462752
67165,true,-1.2356984955656856,6,866.6666666666667,69.23076923076923,126.21324630462752
67191,true,-1.1032292383932827,6,866.6666666666667,69.23076923076923,126.21324630462752
67231,true,-1.0011057744098935,6,866.6666666666667,69.23076923076923,126.21324630462752
67265,true,-0.9450345531679147,6,866.6666666666667,69.23076923076923,126.21324630462752
67298,true,-0.9269300874899216,6,866.6666666666667,69.23076923076923,126.21324630462752
67330,true,-0.9336698774192485,6,866.6666666666667,69.23076923076923,126.21324630462752
67372,true,-0.922029559640464,6,866.6666666666667,69.23076923076923,126.21324630462752
67399,true,-0.8730035510168648,6,866.6666666666667,69.23076923076923,126.21324630462752
67429,true,-0.7879663459796689,6,866.6666666666667,69.23076923076923,126.21324630462752
67462,true,-0.694970777900437,6,866.6666666666667,69.23076923076923,126.21324630462752
67494,true,-0.5878947692270629,6,866.6666666666667,69.23076923076923,126.21324630462752
67528,true,-0.48146375679635867,6,866.6666666666667,69.23076923076923,126.21324630462752
67566,true,-0.3873228295763056,6,866.6666666666667,69.23076923076923,126.21324630462752
67598,true,-0.3027020167825185,6,866.6666666666667,69.23076923076923,126.21324630462752
67629,true,-0.21790638884888835,6,866.6666666666667,69.23076923076923,126.21324630462752
67665,true,-0.14430544359515807,6,866.6666666666667,69.23076923076923,126.21324630462752
67699,true,-0.05577272111574416,6,866.6666666666667,69.23076923076923,126.21324630462752
67729,true,0.03678960765759598,6,866.6666666666667,69.23076923076923,126.21324630462752
67763,true,0.06237781470116488,6,866.6666666666667,69.23076923076923,126.21324630462752
67795,true,-0.0905405765031162,6,866.6666666666667,69.23076923076923,126.21324630462752
67831,true,-0.33914894877062807,6,866.6666666666667,69.23076923076923,126.21324630462752
67864,true,-0.6721799373342492,6,866.6666666666667,69.23076923076923,126.21324630462752
67897,true,-1.0472523165842915,6,866.6666666666667,69.23076923076923,126.21324630462752
67930,true,-1.3844911821901746,6,866.6666666666667,69.23076923076923,126.21324630462752
67963,true,-1.5475355939055362,5,866.6666666666667,69.23076923076923,126.21324630462752
67992,true,-1.591888938291703,5,866.6666666666667,69.23076923076923,126.21324630462752
68056,true,-1.5624004366326005,5,866.6666666666667,69.23076923076923,126.21324630462752
68062,true,-1.4932599290699784,5,866.6666666666667,69.23076923076923,126.21324630462752
68093,true,-1.4035205261226054,5,866.6666666666667,69.23076923076923,126.21324630462752
68128,true,-1.3259435279330773,5,866.6666666666667,69.23076923076923,126.21324630462752
68167,true,-1.288408788635678,5,866.6666666666667,69.23076923076923,126.21324630462752
68199,true,-1.277425852184109,5,866.6666666666667,69.23076923076923,126.21324630462752
68230,true,-1.2864299335697922,5,866.6666666666667,69.23076923076923,126.21324630462752
68264,true,-1.2966986256574842,5,866.6666666666667,69.23076923076923,126.21324630462752
68298,true,-1.2697284597207101,5,866.6666666666667,69.23076923076923,126.21324630462752
68327,true,-1.1979918282518724,5,866.6666666666667,69.23076923076923,126.21324630462752
68365,true,-1.1117255795248013,5,866.6666666666667,69.23076923076923,126.21324630462752
68401,true,-0.9986845371406332,5,866.6666666666667,69.23076923076923,126.21324630462752
68433,true,-0.8720397292895541,5,866.6666666666667,69.23076923076923,126.21324630462752
68465,true,-0.7648288672122021,5,866.6666666666667,69.23076923076923,126.21324630462752
68499,true,-0.6720497459752153,5,866.6666666666667,69.23076923076923,126.21324630462752
68529,true,-0.5768734128280357,5,866.6666666666667,69.23076923076923,126.21324630462752
68566,true,-0.49308196137559435,5,866.6666666666667,69.23076923076923,126.21324630462752
68598,true,-0.4141003493602966,5,866.6666666666667,69.23076923076923,126.21324630462752
68628,true,-0.3403857077576333,5,866.6666666666667,69.23076923076923,126.21324630462752
68665,true,-0.26830496015176664,5,866.6666666666667,69.23076923076923,126.21324630462752
68700,true,-0.21302526411773215,5,866.6666666666667,69.23076923076923,126.21324630462752
68726,true,-0.27918979837369307,5,866.6666666666667,69.23076923076923,126.21324630462752
68762,true,-0.5269470409382961,5,866.6666666666667,69.23076923076923,126.21324630462752
68796,true,-0.8430272302435924,4,866.6666666666667,69.23076923076923,126.21324630462752
68830,true,-1.2136371725362949,4,866.6666666666667,69.23076923076923,126.21324630462752
68861,true,-1.59772217999992,4,866.6666666666667,69.23076923076923,126.21324630462752
68896,true,-1.8722766136370126,4,866.6666666666667,69.23076923076923,126.21324630462752
68934,true,-1.964049810285303,4,866.6666666666667,69.23076923076923,126.21324630462752
68963,true,-1.9632742060002784,4,866.6666666666667,69.23076923076923,126.21324630462752
68995,true,-1.8901306958062207,4,866.6666666666667,69.23076923076923,126.21324630462752
69032,true,-1.783969040751174,4,866.6666666666667,69.23076923076923,126.21324630462752
69062,true,-1.6739984627709816,4,866.6666666666667,69.23076923076923,126.21324630462752
69095,true,-1.5804786618020898,4,866.6666666666667,69.23076923076923,126.21324630462752
69125,true,-1.5172999870997046,4,866.6666666666667,69.23076923076923,126.21324630462752
69163,true,-1.485251966615607,4,866.6666666666667,69.23076923076923,126.21324630462752
69194,true,-1.4631187492966262,4,866.6666666666667,69.23076923076923,126.21324630462752
69226,true,-1.4385896243406648,4,866.6666666666667,69.23076923076923,126.21324630462752
69261,true,-1.3803498192934,4,866.6666666666667,69.23076923076923,126.21324630462752
69301,true,-1.2874947469860842,4,866.6666666666667,69.23076923076923,126.21324630462752
69329,true,-1.158521099306256,4,866.6666666666667,69.23076923076923,126.21324630462752
69365,true,-1.0167721968089154,4,866.6666666666667,69.23076923076923,126.21324630462752
69396,true,-0.8694273580564698,4,866.6666666666667,69.23076923076923,126.21324630462752
69430,true,-0.7275598568524515,4,866.6666666666667,69.23076923076923,126.21324630462752
69463,true,-0.5996528796986524,4,866.6666666666667,69.23076923076923,126.21324630462752
69504,true,-0.4886113186312002,4,866.6666666666667,69.23076923076923,126.21324630462752
69543,true,-0.3751108563180878,4,866.6666666666667,69.23076923076923,126.21324630462752
69573,true,-0.2687239484574775,4,866.6666666666667,69.23076923076923,126.21324630462752
69592,true,-0.1768043161193873,4,866.6666666666667,69.23076923076923,126.21324630462752
69628,true,-0.1024931890148082,4,866.6666666666667,69.23076923076923,126.21324630462752
69667,true,-0.16289730088604415,6,900.0,66.66666666666667,126.21324630462752
69706,true,-0.40274962410779835,5,900.0,66.66666666666667,126.21324630462752
69734,true,-0.7171391335491819,5,900.0,66.66666666666667,126.21324630462752
69770,true,-1.0760176654154066,5,900.0,66.66666666666667,126.21324630462752
69795,true,-1.4503368460868558,5,900.0,66.66666666666667,126.21324630462752
69829,true,-1.7113689265483458,5,900.0,66.66666666666667,126.21324630462752
69866,true,-1.7932871317648278,5,900.0,66.66666666666667,126.21324630462752
69892,true,-1.776377273417097,5,900.0,66.66666666666667,126.21324630462752
69929,true,-1.7040540503213606,5,900.0,66.66666666666667,126.21324630462752
69962,true,-1.606621480128382,5,900.0,66.66666666666667,126.21324630462752
69994,true,-1.503015709883556,5,900.0,66.66666666666667,126.21324630462752
70027,true,-1.4327138830707042,5,900.0,66.66666666666667,126.21324630462752
70078,true,-1.4136542701705253,5,900.0,66.66666666666667,126.21324630462752
70096,true,-1.4172575396006266,5,900.0,66.66666666666667,126.21324630462752
70131,true,-1.4197550061393542,5,900.0,66.66666666666667,126.21324630462752
70168,true,-1.4069930071843544,5,900.0,66.66666666666667,126.21324630462752
70197,true,-1.3647078871621545,5,900.0,66.66666666666667,126.21324630462752
70231,true,-1.2906986020041415,5,900.0,66.66666666666667,126.21324630462752
70264,true,-1.189607304696409,5,900.0,66.66666666666667,126.21324630462752
70296,true,-1.0740432859414284,5,900.0,66.66666666666667,126.21324630462752
70329,true,-0.9574273772446418,5,900.0,66.66666666666667,126.21324630462752
70367,true,-0.8379451213436937,5,900.0,66.66666666666667,126.21324630462752
70397,true,-0.7194866318433242,5,900.0,66.66666666666667,126.21324630462752
70432,true,-0.6164724874528531,5,900.0,66.66666666666667,126.21324630462752
70462,true,-0.5306042920277605,5,900.0,66.66666666666667,126.21324630462752
70495,true,-0.4553695980698649,5,900.0,66.66666666666667,126.21324630462752
70532,true,-0.4059679185452296,5,900.0,66.66666666666667,126.21324630462752
70563,true,-0.5071472276028999,11,433.33333333333337,138.46153846153845,126.21324630462752
70594,true,-0.7858795225617428,11,433.33333333333337,138.46153846153845,126.21324630462752
70629,true,-1.1346624620844352,11,433.33333333333337,138.46153846153845,126.82566091247305
70660,true,-1.5310483877387355,11,433.33333333333337,138.46153846153845,126.82566091247305
70697,true,-1.9316768402180173,11,433.33333333333337,138.46153846153845,126.82566091247305
70729,true,-2.192998702095167,11,433.33333333333337,138.46153846153845,126.82566091247305
70765,true,-2.275662943088264,11,433.33333333333337,138.46153846153845,126.82566091247305
70794,true,-2.2785045658189063,11,433.33333333333337,138.46153846153845,126.82566091247305
70833,true,-2.2225196949900408,11,433.33333333333337,138.46153846153845,126.82566091247305
70867,true,-2.1442508450057574,11,433.33333333333337,138.46153846153845,126.82566091247305
70905,true,-2.055348077360094,11,433.33333333333337,138.46153846153845,126.82566091247305
70935,true,-1.9834263476381864,11,433.33333333333337,138.46153846153845,126.82566091247305
70968,true,-1.9422996692067898,11,433.33333333333337,138.46153846153845,127.40745478992632
70991,true,-1.928071880386824,11,433.33333333333337,138.46153846153845,127.40745478992632
71031,true,-1.9207585710465196,11,433.33333333333337,138.46153846153845,127.40745478992632
71063,true,-1.9084419044587833,11,433.33333333333337,138.46153846153845,127.40745478992632
71095,true,-1.8706646410568624,11,433.33333333333337,138.46153846153845,127.40745478992632
71133,true,-1.7952871970720423,11,433.33333333333337,138.46153846153845,127.40745478992632
71164,true,-1.6886210837729436,11,433.33333333333337,138.46153846153845,127.40745478992632
71195,true,-1.5516772476511846,11,433.33333333333337,138.46153846153845,127.40745478992632
71228,true,-1.4096329703181425,11,433.33333333333337,138.46153846153845,127.40745478992632
71261,true,-1.2686830019749493,11,433.33333333333337,138.46153846153845,127.40745478992632
71297,true,-1.131893381106238,11,433.33333333333337,138.46153846153845,127.96015897350692
71329,true,-1.0105912771513488,11,433.33333333333337,138.46153846153845,127.96015897350692
71358,true,-0.9090376062657981,11,433.33333333333337,138.46153846153845,127.96015897350692
71396,true,-0.8110784444363901,11,433.33333333333337,138.46153846153845,127.96015897350692
71433,true,-0.707614335953366,10,433.33333333333337,138.46153846153845,127.96015897350692
71465,true,-0.6080667018985935,10,433.33333333333337,138.46153846153845,127.96015897350692
71500,true,-0.6110858079989043,10,433.33333333333337,138.46153846153845,127.96015897350692
71527,true,-0.8229408352150358,10,433.33333333333337,138.46153846153845,127.96015897350692
71561,true,-1.129969590757156,10,433.33333333333337,138.46153846153845,127.96015897350692
71597,true,-1.49898255414314,10,433.33333333333337,138.46153846153845,127.96015897350692
71628,true,-1.8975206810265206,10,433.33333333333337,138.46153846153845,128.4852279479085
71662,true,-2.2093342111852508,10,433.33333333333337,138.46153846153845,128.4852279479085
71696,true,-2.3096510019690015,10,433.33333333333337,138.46153846153845,128.4852279479085
71730,true,-2.2936764777208225,5,933.3333333333334,64.28571428571428,128.4852279479085
71766,true,-2.194473433391096,5,933.3333333333334,64.28571428571428,128.4852279479085
71794,true,-2.058454131737591,5,933.3333333333334,64.28571428571428,128.4852279479085
71836,true,-1.9129264393113203,5,933.3333333333334,64.28571428571428,128.4852279479085
71868,true,-1.7956905617157304,5,933.3333333333334,64.28571428571428,128.4852279479085
71900,true,-1.7250619011673507,5,933.3333333333334,64.28571428571428,128.4852279479085
71934,true,-1.7061979919071177,5,933.3333333333334,64.28571428571428,128.4852279479085
71966,true,-1.706251144049503,5,933.3333333333334,64.28571428571428,128.4852279479085
71995,true,-1.6909446879980123,5,933.3333333333334,64.28571428571428,128.4852279479085
72028,true,-1.6325832993605047,5,933.3333333333334,64.28571428571428,128.4852279479085
72059,true,-1.5346388514458056,5,933.3333333333334,64.28571428571428,128.4852279479085
72115,true,-1.4002723723965858,5,933.3333333333334,64.28571428571428,128.4852279479085
72131,true,-1.245723729703485,5,933.3333333333334,64.28571428571428,128.4852279479085
72168,true,-1.087890008271188,5,933.3333333333334,64.28571428571428,128.4852279479085
72198,true,-0.943061393797791,5,933.3333333333334,64.28571428571428,128.4852279479085
72226,true,-0.808680181569855,5,933.3333333333334,64.28571428571428,128.4852279479085
72260,true,-0.6809897646818683,5,933.3333333333334,64.28571428571428,128.4852279479085
72302,true,-0.5670881116254805,3,933.3333333333334,64.28571428571428,128.4852279479085
72327,true,-0.4642497294679231,3,933.3333333333334,64.28571428571428,128.4852279479085
72361,true,-0.3668507191694914,3,933.3333333333334,64.28571428571428,128.4852279479085
72391,true,-0.32247833295804185,3,933.3333333333334,64.28571428571428,128.4852279479085
72436,true,-0.47478531952486946,3,933.3333333333334,64.28571428571428,128.4852279479085
72466,true,-0.7698788138690986,3,933.3333333333334,64.28571428571428,128.4852279479085
72501,true,-1.137967956199958,3,933.3333333333334,64.28571428571428,128.4852279479085
72530,true,-1.5442694368804268,3,933.3333333333334,64.28571428571428,128.4852279479085
72563,true,-1.9349873267362057,3,933.3333333333334,64.28571428571428,128.4852279479085
72597,true,-2.146308088594111,3,933.3333333333334,64.28571428571428,128.4852279479085
72635,true,-2.199954396062452,3,933.3333333333334,64.28571428571428,128.4852279479085
72671,true,-2.1460523096332054,3,933.3333333333334,64.28571428571428,128.4852279479085
72705,true,-2.0429538323146517,3,933.3333333333334,64.28571428571428,128.4852279479085
72731,true,-1.922254157460543,3,933.3333333333334,64.28571428571428,128.4852279479085
72766,true,-1.8131153049923228,3,933.3333333333334,64.28571428571428,128.4852279479085
72794,true,-1.7635822440187496,3,933.3333333333334,64.28571428571428,128.4852279479085
72832,true,-1.7701845411350803,3,933.3333333333334,64.28571428571428,128.4852279479085
72864,true,-1.7916832550901631,3,933.3333333333334,64.28571428571428,128.4852279479085
72897,true,-1.8086653173531602,3,933.3333333333334,64.28571428571428,128.4852279479085
72934,true,-1.7964356688197256,3,933.3333333333334,64.28571428571428,128.4852279479085
72970,true,-1.732519355497459,3,933.3333333333334,64.28571428571428,128.4852279479085
72994,true,-1.638399739262809,3,933.3333333333334,64.28571428571428,128.4852279479085
73031,true,-1.5292646029354273,3,933.3333333333334,64.28571428571428,128.4852279479085
73064,true,-1.4016810050390234,3,933.3333333333334,64.28571428571428,128.4852279479085
73097,true,-1.2809142354535368,3,933.3333333333334,64.28571428571428,128.4852279479085
73129,true,-1.1581611828302414,3,933.3333333333334,64.28571428571428,128.4852279479085
73165,true,-1.043574919294997,12,433.33333333333337,138.46153846153845,128.4852279479085
73197,true,-0.9450167180589801,12,433.33333333333337,138.46153846153845,128.4852279479085
73233,true,-0.8620926982433161,12,433.33333333333337,138.46153846153845,128.4852279479085
73262,true,-0.7902163876941586,12,433.33333333333337,138.46153846153845,128.4852279479085
73296,true,-0.8397401053892679,13,433.33333333333337,138.46153846153845,128.98404347359
73330,true,-1.0880284603721293,13,433.33333333333337,138.46153846153845,128.98404347359
73370,true,-1.422022537586514,13,433.33333333333337,138.46153846153845,128.98404347359
73404,true,-1.821114525150648,13,433.33333333333337,138.46153846153845,128.98404347359
73433,true,-2.2463700899917285,13,433.33333333333337,138.46153846153845,128.98404347359
73462,true,-2.586629970847099,13,433.33333333333337,138.46153846153845,128.98404347359
73496,true,-2.74884803042454,13,433.33333333333337,138.46153846153845,128.98404347359
73531,true,-2.822749941022039,13,433.33333333333337,138.46153846153845,128.98404347359
73563,true,-2.8245089610694265,13,433.33333333333337,138.46153846153845,128.98404347359
73598,true,-2.776895877163895,11,433.33333333333337,138.46153846153845,128.98404347359
73636,true,-2.702837755244417,11,433.33333333333337,138.46153846153845,129.45791822298742
73662,true,-2.6220051031553453,11,433.33333333333337,138.46153846153845,129.45791822298742
73698,true,-2.5577431105465678,11,433.33333333333337,138.46153846153845,129.45791822298742
73735,true,-2.514831580734267,11,433.33333333333337,138.46153846153845,129.45791822298742
73770,true,-2.4834606044555585,11,433.33333333333337,138.46153846153845,129.45791822298742
73797,true,-2.445462345404138,11,433.33333333333337,138.46153846153845,129.45791822298742
73833,true,-2.3867637896398435,11,433.33333333333337,138.46153846153845,129.45791822298742
73866,true,-2.3006262968509645,11,433.33333333333337,138.46153846153845,129.45791822298742
73901,true,-2.1780137797798886,11,433.33333333333337,138.46153846153845,129.45791822298742
73932,true,-2.02967292534845,11,433.33333333333337,138.46153846153845,129.45791822298742
73967,true,-1.8717596155115643,11,433.33333333333337,138.46153846153845,129.90809923491497
73999,true,-1.7110742898642286,11,433.33333333333337,138.46153846153845,129.90809923491497
74028,true,-1.5550015558552843,11,433.33333333333337,138.46153846153845,129.90809923491497
74064,true,-1.4094610948982904,10,466.6666666666667,128.57142857142856,129.90809923491497
74103,true,-1.2763638739623389,10,466.6666666666667,128.57142857142856,129.90809923491497
74142,true,-1.157253032024414,10,466.6666666666667,128.57142857142856,129.90809923491497
74163,true,-1.041685930606576,10,466.6666666666667,128.57142857142856,129.90809923491497
74197,true,-0.9278080834625655,10,466.6666666666667,128.57142857142856,129.90809923491497
74229,true,-0.8924836643230378,10,466.6666666666667,128.57142857142856,129.90809923491497
74264,true,-1.0867075029217403,10,466.6666666666667,128.57142857142856,129.90809923491497
74298,true,-1.3714467706993787,10,466.6666666666667,128.57142857142856,129.84126570174064
74349,true,-1.7145549950978989,9,466.6666666666667,128.57142857142856,129.84126570174064
74360,true,-2.091730946822196,9,466.6666666666667,128.57142857142856,129.84126570174064
74445,true,-2.408331208230777,9,466.6666666666667,128.57142857142856,129.84126570174064
74477,true,-2.495808664280304,9,466.6666666666667,128.57142857142856,129.84126570174064
74502,true,-2.4771929151444283,9,466.6666666666667,128.57142857142856,129.84126570174064
74528,true,-2.388785161431656,9,466.6666666666667,128.57142857142856,129.84126570174064
74598,true,-2.2846824786758475,9,466.6666666666667,128.57142857142856,129.84126570174064
74629,true,-2.197028000679495,9,466.6666666666667,128.57142857142856,129.84126570174064
74666,true,-2.1361375531859323,9,466.6666666666667,128.57142857142856,129.84126570174064
74704,true,-2.096865702124518,9,466.6666666666667,128.57142857142856,129.77777384522503
74732,true,-2.0780256535543913,9,466.6666666666667,128.57142857142856,129.77777384522503
74768,true,-2.0386747223854798,9,466.6666666666667,128.57142857142856,129.77777384522503
74795,true,-1.9551412171231846,9,466.6666666666667,128.57142857142856,129.77777384522503
74835,true,-1.830515389481178,9,466.6666666666667,128.57142857142856,129.77777384522503
74866,true,-1.683045648787413,9,466.6666666666667,128.57142857142856,129.77777384522503
74901,true,-1.5201425298639606,9,466.6666666666667,128.57142857142856,129.77777384522503
74937,true,-1.356097770427425,9,466.6666666666667,128.57142857142856,129.77777384522503
74966,true,-1.2040428533720728,8,466.6666666666667,128.57142857142856,129.77777384522503
74997,true,-1.0750788084239673,8,466.6666666666667,128.57142857142856,129.77777384522503
75030,true,-0.9575180967226231,8,466.6666666666667,128.57142857142856,129.7174565815352
75062,true,-0.8418695862925176,8,466.6666666666667,128.57142857142856,129.7174565815352
75097,true,-0.737032113953461,8,466.6666666666667,128.57142857142856,129.7174565815352
75127,true,-0.7476880661597249,8,466.6666666666667,128.57142857142856,129.7174565815352
75160,true,-0.9431369587410927,8,466.6666666666667,128.57142857142856,129.7174565815352
75196,true,-1.2416892699031052,8,466.6666666666667,128.57142857142856,129.7174565815352
75229,true,-1.6045176120849476,8,466.6666666666667,128.57142857142856,129.7174565815352
75264,true,-1.997357133170027,5,933.3333333333334,64.28571428571428,129.7174565815352
75295,true,-2.29062027237282,5,933.3333333333334,64.28571428571428,129.7174565815352
75327,true,-2.396358401890268,5,933.3333333333334,64.28571428571428,129.7174565815352
75362,true,-2.3896687219463786,5,933.3333333333334,64.28571428571428,129.7174565815352
75398,true,-2.3187669996562477,5,933.3333333333334,64.28571428571428,129.7174565815352
75426,true,-2.198581332587736,5,933.3333333333334,64.28571428571428,129.7174565815352
75462,true,-2.0677057096510225,5,933.3333333333334,64.28571428571428,129.7174565815352
75505,true,-1.960218636863459,5,933.3333333333334,64.28571428571428,129.7174565815352
75526,true,-1.8913200525093146,5,933.3333333333334,64.28571428571428,129.7174565815352
75560,true,-1.8422532482493068,5,933.3333333333334,64.28571428571428,129.7174565815352
75594,true,-1.806026636638876,5,933.3333333333334,64.28571428571428,129.7174565815352
75633,true,-1.7596456972729584,5,933.3333333333334,64.28571428571428,129.7174565815352
75662,true,-1.680538319008491,5,933.3333333333334,64.28571428571428,129.7174565815352
75695,true,-1.565641775629075,5,933.3333333333334,64.28571428571428,129.7174565815352
75728,true,-1.4283292191049384,4,966.6666666666666,62.06896551724138,129.7174565815352
75761,true,-1.2712506951581872,4,966.6666666666666,62.06896551724138,129.7174565815352
75799,true,-1.1120617808813904,4,966.6666666666666,62.06896551724138,129.7174565815352
75832,true,-0.9583887418868926,4,966.6666666666666,62.06896551724138,129.7174565815352
75862,true,-0.8062764151164004,4,966.6666666666666,62.06896551724138,129.7174565815352
75901,true,-0.6668699538508065,4,966.6666666666666,62.06896551724138,129.7174565815352
75930,true,-0.5440543014932757,10,466.6666666666667,128.57142857142856,129.7174565815352
75964,true,-0.4301900613553187,10,466.6666666666667,128.57142857142856,129.7174565815352
75997,true,-0.3127520583928458,10,466.6666666666667,128.57142857142856,129.7174565815352
76035,true,-0.21884296269857373,10,466.6666666666667,128.57142857142856,129.66015518102986
76063,true,-0.24171115708313096,10,466.6666666666667,128.57142857142856,129.66015518102986
76092,true,-0.4720303013208138,8,466.6666666666667,128.57142857142856,129.66015518102986
76132,true,-0.8018612195876926,8,466.6666666666667,128.57142857142856,129.66015518102986
76178,true,-1.211769510299547,8,466.6666666666667,128.57142857142856,129.66015518102986
76193,true,-1.6422877499068704,8,466.6666666666667,128.57142857142856,129.66015518102986
76232,true,-1.9681031476774535,8,466.6666666666667,128.57142857142856,129.66015518102986
76267,true,-2.088645468160877,8,466.6666666666667,128.57142857142856,129.66015518102986
76295,true,-2.096507286619385,8,466.6666666666667,128.57142857142856,129.66015518102986
76366,true,-1.9922831264501326,8,466.6666666666667,128.57142857142856,129.66015518102986
76403,true,-1.8601962180345595,8,466.6666666666667,128.57142857142856,129.60571885054978
76484,true,-1.7327747702049692,8,466.6666666666667,128.57142857142856,129.60571885054978
76500,true,-1.6178504690469708,8,466.6666666666667,128.57142857142856,129.60571885054978
76566,true,-1.4978513309950472,8,466.6666666666667,128.57142857142856,129.60571885054978
76603,true,-1.403730391403485,8,466.6666666666667,128.57142857142856,129.60571885054978
76666,true,-1.2667079724324992,8,466.6666666666667,128.57142857142856,129.60571885054978
76703,true,-1.0802865664797991,8,466.6666666666667,128.57142857142856,129.60571885054978
76769,true,-0.8470811010444947,8,466.6666666666667,128.57142857142856,129.60571885054978
76798,true,-0.6170984508249546,8,466.6666666666667,128.57142857142856,129.60571885054978
76826,true,-0.40030197755524455,8,466.6666666666667,128.57142857142856,129.60571885054978
76863,true,-0.21407626903820187,8,466.6666666666667,128.57142857142856,129.5540043365937
76895,true,-0.0522771828959776,8,466.6666666666667,128.57142857142856,129.5540043365937
76935,true,0.08637205528859226,8,466.6666666666667,128.57142857142856,129.5540043365937
76966,true,0.21074296346179722,8,466.6666666666667,128.57142857142856,129.5540043365937
76995,true,0.2573222568665017,8,466.6666666666667,128.57142857142856,129.5540043365937
77028,true,0.07870603771337414,8,466.6666666666667,128.57142857142856,129.5540043365937
77065,true,-0.21264092657438027,6,466.6666666666667,128.57142857142856,129.5540043365937
77091,true,-0.5862121575058268,6,466.6666666666667,128.57142857142856,129.5540043365937
77131,true,-0.9961976285055982,6,466.6666666666667,128.57142857142856,129.5540043365937
77163,true,-1.3423002254077687,6,466.6666666666667,128.57142857142856,129.5540043365937
77196,true,-1.4648667624439327,6,466.6666666666667,128.57142857142856,129.50487554833543
77231,true,-1.46571499566204,6,466.6666666666667,128.57142857142856,129.50487554833543
77266,true,-1.3808829985664204,6,466.6666666666667,128.57142857142856,129.50487554833543
77300,true,-1.2463593275807625,6,466.6666666666667,128.57142857142856,129.50487554833543
77333,true,-1.114595620811997,6,466.6666666666667,128.57142857142856,129.50487554833543
77363,true,-1.0037413550191445,7,933.3333333333334,64.28571428571428,129.50487554833543
77398,true,-0.9255885995170274,7,933.3333333333334,64.28571428571428,129.50487554833543
77430,true,-0.8898772691992463,7,933.3333333333334,64.28571428571428,129.50487554833543
77465,true,-0.8792052808330197,7,933.3333333333334,64.28571428571428,129.50487554833543
77515,true,-0.860483469233202,7,933.3333333333334,64.28571428571428,129.50487554833543
77535,true,-0.8114405564478204,7,933.3333333333334,64.28571428571428,129.50487554833543
77592,true,-0.699565406705716,7,933.3333333333334,64.28571428571428,129.50487554833543
77639,true,-0.5398874791265484,7,933.3333333333334,64.28571428571428,129.50487554833543
77660,true,-0.36271866984901635,7,933.3333333333334,64.28571428571428,129.50487554833543
77697,true,-0.1751584624201712,7,933.3333333333334,64.28571428571428,129.50487554833543
77725,true,-0.004295287409831872,7,933.3333333333334,64.28571428571428,129.50487554833543
77764,true,0.12281741163482707,7,933.3333333333334,64.28571428571428,129.50487554833543
77795,true,0.21717078201524487,7,933.3333333333334,64.28571428571428,129.50487554833543
77829,true,0.30563882031972867,7,933.3333333333334,64.28571428571428,129.50487554833543
77862,true,0.3861452702469421,7,933.3333333333334,64.28571428571428,129.50487554833543
77896,true,0.3437667550722665,8,933.3333333333334,64.28571428571428,129.50487554833543
77926,true,0.09513312727347056,8,933.3333333333334,64.28571428571428,129.50487554833543
77964,true,-0.21758207623207682,8,933.3333333333334,64.28571428571428,129.50487554833543
77992,true,-0.597850154366057,7,933.3333333333334,64.28571428571428,129.50487554833543
78035,true,-1.018315315653382,7,933.3333333333334,64.28571428571428,129.50487554833543
78064,true,-1.3255470770038187,7,933.3333333333334,64.28571428571428,129.50487554833543
78089,true,-1.4230884515348237,7,933.3333333333334,64.28571428571428,129.50487554833543
78130,true,-1.427502592409894,7,933.3333333333334,64.28571428571428,129.50487554833543
78162,true,-1.3475077259465422,7,933.3333333333334,64.28571428571428,129.50487554833543
78209,true,-1.2226385698331228,7,933.3333333333334,64.28571428571428,129.50487554833543
78227,true,-1.0977666965030437,7,933.3333333333334,64.28571428571428,129.50487554833543
78265,true,-0.9985911292241667,7,933.3333333333334,64.28571428571428,129.50487554833543
78297,true,-0.9441346041514578,7,933.3333333333334,64.28571428571428,129.50487554833543
78327,true,-0.9282716756945604,7,933.3333333333334,64.28571428571428,129.50487554833543
78359,true,-0.9286865352234202,7,933.3333333333334,64.28571428571428,129.50487554833543
78393,true,-0.9161429015520355,7,933.3333333333334,64.28571428571428,129.50487554833543
78425,true,-0.8696202898855176,7,933.3333333333334,64.28571428571428,129.50487554833543
78461,true,-0.7797153729228228,7,933.3333333333334,64.28571428571428,129.50487554833543
78497,true,-0.6512268208927878,7,933.3333333333334,64.28571428571428,129.50487554833543
78529,true,-0.4961079233067949,7,933.3333333333334,64.28571428571428,129.50487554833543
78560,true,-0.3333783888562607,7,933.3333333333334,64.28571428571428,129.50487554833543
78593,true,-0.1549888586619943,7,933.3333333333334,64.28571428571428,129.50487554833543
78636,true,0.028098385499134793,7,933.3333333333334,64.28571428571428,129.50487554833543
78666,true,0.2097166432011761,7,933.3333333333334,64.28571428571428,129.50487554833543
78694,true,0.38400494937766894,7,933.3333333333334,64.28571428571428,129.50487554833543
78726,true,0.5554409430828287,7,933.3333333333334,64.28571428571428,129.50487554833543
78762,true,0.711414529841619,7,933.3333333333334,64.28571428571428,129.50487554833543
78830,true,0.7828868078476319,7,933.3333333333334,64.28571428571428,129.50487554833543
78865,true,0.6112954065241354,7,933.3333333333334,64.28571428571428,129.50487554833543
78894,true,0.3353674620861966,7,933.3333333333334,64.28571428571428,129.50487554833543
78928,true,-0.026354224189987008,7,933.3333333333334,64.28571428571428,129.50487554833543
78960,true,-0.43041879558950313,6,466.6666666666667,128.57142857142856,129.50487554833543
78994,true,-0.7863239318211015,6,466.6666666666667,128.57142857142856,129.50487554833543
79025,true,-0.9200879403573481,6,466.6666666666667,128.57142857142856,129.50487554833543
79066,true,-0.9415503521707933,6,466.6666666666667,128.57142857142856,129.50487554833543
79095,true,-0.8613006834402483,6,466.6666666666667,128.57142857142856,129.50487554833543
79128,true,-0.7348997594120021,6,466.6666666666667,128.57142857142856,129.50487554833543
79163,true,-0.5895020434734874,6,466.6666666666667,128.57142857142856,129.50487554833543
79192,true,-0.453314636314218,6,466.6666666666667,128.57142857142856,129.50487554833543
79223,true,-0.3568616350714251,6,466.6666666666667,128.57142857142856,129.50487554833543
79265,true,-0.2946608486475668,6,466.6666666666667,128.57142857142856,129.45820319949007
79294,true,-0.24887104812398775,6,466.6666666666667,128.57142857142856,129.45820319949007
79334,true,-0.19230548536225456,6,466.6666666666667,128.57142857142856,129.45820319949007
79358,true,-0.09956798046687254,6,466.6666666666667,128.57142857142856,129.45820319949007
79396,true,0.03434165683876245,6,466.6666666666667,128.57142857142856,129.45820319949007
79428,true,0.208482944506585,6,466.6666666666667,128.57142857142856,129.45820319949007
79463,true,0.40186242198228683,6,466.6666666666667,128.57142857142856,129.45820319949007
79491,true,0.5974524913790731,6,466.6666666666667,128.57142857142856,129.45820319949007
79529,true,0.7768741113426927,6,466.6666666666667,128.57142857142856,129.45820319949007
79560,true,0.9402157050941753,6,466.6666666666667,128.57142857142856,129.45820319949007
79596,true,1.0632262105883115,6,466.6666666666667,128.57142857142856,129.41386446808698
79628,true,1.8809486256246828,6,466.6666666666667,128.57142857142856,129.41386446808698
79657,true,17.470446060222997,10,933.3333333333334,64.28571428571428,129.41386446808698
79696,true,28.923513672332575,0,0.0,0.0,129.41386446808698
79730,true,32.76916370695392,0,0.0,0.0,129.41386446808698
79761,true,33.13541531543541,0,0.0,0.0,129.41386446808698
79797,true,31.485264906902216,0,0.0,0.0,129.41386446808698
79827,true,14.148755060438106,0,0.0,0.0,129.41386446808698
79862,true,0.9015691935234713,0,0.0,0.0,129.41386446808698
79897,true,-4.036469290114184,0,0.0,0.0,129.41386446808698
79941,true,-4.354158069070024,0,0.0,0.0,129.41386446808698
79971,true,-2.1289644149657647,0,0.0,0.0,129.41386446808698
79992,true,0.6506037882860483,0,0.0,0.0,129.41386446808698
80029,true,3.5367389683985095,0,0.0,0.0,129.41386446808698
80070,true,7.626562302608278,0,0.0,0.0,129.41386446808698
80094,true,15.963672399996057,0,0.0,0.0,129.41386446808698
80127,true,26.922286031320937,0,0.0,0.0,129.41386446808698
80159,true,36.226614044724954,0,0.0,0.0,129.41386446808698
80196,true,40.33960806317114,0,0.0,0.0,129.41386446808698
80231,true,37.29473288763353,1,433.33333333333337,138.46153846153845,129.41386446808698
80263,true,24.223673078409973,1,433.33333333333337,138.46153846153845,129.41386446808698
80288,true,4.036634016830931,1,433.33333333333337,138.46153846153845,129.41386446808698
80327,true,-15.534748680775493,1,433.33333333333337,138.46153846153845,129.41386446808698
80362,true,-30.296205171568403,1,433.33333333333337,138.46153846153845,129.41386446808698
80397,true,-39.65739279531883,1,433.33333333333337,138.46153846153845,129.41386446808698
80426,true,-44.177192245326,1,433.33333333333337,138.46153846153845,129.41386446808698
80460,true,-45.36816481249217,1,433.33333333333337,138.46153846153845,129.41386446808698
80494,true,-45.4288859613267,1,433.33333333333337,138.46153846153845,129.41386446808698
80532,true,-44.89162331645076,1,433.33333333333337,138.46153846153845,129.41386446808698
80562,true,-44.25503383237469,1,433.33333333333337,138.46153846153845,129.41386446808698
80595,true,-43.70169440206588,1,433.33333333333337,138.46153846153845,129.41386446808698
80631,true,-43.18620059280509,1,433.33333333333337,138.46153846153845,129.41386446808698
80673,true,-42.60606377169036,1,433.33333333333337,138.46153846153845,129.41386446808698
80694,true,-42.11390692061224,1,433.33333333333337,138.46153846153845,129.41386446808698
80726,true,-41.67491738040971,1,433.33333333333337,138.46153846153845,129.41386446808698
80761,true,-41.315979552039735,1,433.33333333333337,138.46153846153845,129.41386446808698
80793,true,-40.969423782251056,1,433.33333333333337,138.46153846153845,129.41386446808698
80829,true,-40.598090587917824,1,433.33333333333337,138.46153846153845,129.41386446808698
80858,true,-40.299609973286394,1,433.33333333333337,138.46153846153845,129.41386446808698
80892,true,-40.00616381867617,1,433.33333333333337,138.46153846153845,129.41386446808698
80933,true,-39.69709303387317,1,433.33333333333337,138.46153846153845,129.41386446808698
80963,true,-39.44158917282496,1,433.33333333333337,138.46153846153845,129.41386446808698
81000,true,-39.1674252366154,1,433.33333333333337,138.46153846153845,129.41386446808698
81033,true,-38.8881498830325,1,433.33333333333337,138.46153846153845,129.41386446808698
81069,true,-38.65591668370783,1,433.33333333333337,138.46153846153845,129.41386446808698
81092,true,-38.428478248276264,1,433.33333333333337,138.46153846153845,129.41386446808698
81128,true,-38.201625481372304,1,433.33333333333337,138.46153846153845,129.41386446808698
81159,true,-38.040680701782776,1,433.33333333333337,138.46153846153845,129.41386446808698
81198,true,-37.890468650754826,1,433.33333333333337,138.46153846153845,129.41386446808698
81243,true,-37.76520879321683,1,433.33333333333337,138.46153846153845,129.41386446808698
81259,true,-37.74829478623522,1,433.33333333333337,138.46153846153845,129.41386446808698
81299,true,-37.848415342980275,1,433.33333333333337,138.46153846153845,129.41386446808698
81330,true,-38.01152703010736,1,433.33333333333337,138.46153846153845,129.41386446808698
81359,true,-38.23488536356909,1,433.33333333333337,138.46153846153845,129.41386446808698
81389,true,-38.48223635820196,1,433.33333333333337,138.46153846153845,129.41386446808698
81426,true,-38.672323968728705,1,433.33333333333337,138.46153846153845,129.41386446808698
81460,true,-38.890207467699966,1,433.33333333333337,138.46153846153845,129.41386446808698
81494,true,-39.21226066316167,1,433.33333333333337,138.46153846153845,129.41386446808698
81539,true,-39.6127495018243,1,433.33333333333337,138.46153846153845,129.41386446808698
81561,true,-40.071405611512844,1,433.33333333333337,138.46153846153845,129.41386446808698
81593,true,-40.624687903059,1,433.33333333333337,138.46153846153845,129.41386446808698
81626,true,-41.100777657574895,1,433.33333333333337,138.46153846153845,129.41386446808698
81659,true,-41.336489377777596,1,433.33333333333337,138.46153846153845,129.41386446808698
81693,true,-41.439392489887496,1,433.33333333333337,138.46153846153845,129.41386446808698
81730,true,-41.56082412542138,1,433.33333333333337,138.46153846153845,129.41386446808698
81762,true,-41.6056373924697,1,433.33333333333337,138.46153846153845,129.41386446808698
81797,true,-41.58914067892451,1,433.33333333333337,138.46153846153845,129.41386446808698
81829,true,-41.659642876745195,1,433.33333333333337,138.46153846153845,129.41386446808698
81861,true,-41.659648860599646,1,433.33333333333337,138.46153846153845,129.41386446808698
81897,true,-41.50517022504651,1,433.33333333333337,138.46153846153845,129.41386446808698
81930,true,-41.315339833154425,1,433.33333333333337,138.46153846153845,129.41386446808698
81966,true,-41.13758035722316,1,433.33333333333337,138.46153846153845,129.41386446808698
81996,true,-40.99487154234768,1,433.33333333333337,138.46153846153845,129.41386446808698
82028,true,-40.87694222812104,1,433.33333333333337,138.46153846153845,129.41386446808698
82060,true,-40.76414390380147,1,433.33333333333337,138.46153846153845,129.41386446808698
82095,true,-40.652157293718105,1,433.33333333333337,138.46153846153845,129.41386446808698
82133,true,-40.551235093378466,1,433.33333333333337,138.46153846153845,129.41386446808698
82161,true,-40.41300929615244,1,433.33333333333337,138.46153846153845,129.41386446808698
82196,true,-40.30679317484004,1,433.33333333333337,138.46153846153845,129.41386446808698
82228,true,-40.23827988859452,1,433.33333333333337,138.46153846153845,129.41386446808698
82262,true,-40.19769354492193,1,433.33333333333337,138.46153846153845,129.41386446808698
82291,true,-40.186771796261155,1,433.33333333333337,138.46153846153845,129.41386446808698
82324,true,-40.211910155232445,9,933.3333333333334,64.28571428571428,129.41386446808698
82363,true,-40.24333243363718,9,933.3333333333334,64.28571428571428,129.41386446808698
82398,true,-40.23186015482301,9,933.3333333333334,64.28571428571428,129.41386446808698
82420,true,-40.20134202874557,9,933.3333333333334,64.28571428571428,129.41386446808698
82466,true,-40.07035678168917,9,933.3333333333334,64.28571428571428,129.41386446808698
82512,true,-39.92137891915168,10,933.3333333333334,64.28571428571428,129.41386446808698
82526,true,-39.84218928195388,10,933.3333333333334,64.28571428571428,129.41386446808698
82602,true,-39.88357437830604,9,933.3333333333334,64.28571428571428,129.41386446808698
82632,true,-39.94185557519573,9,933.3333333333334,64.28571428571428,129.41386446808698
82696,true,-40.00791410474342,9,933.3333333333334,64.28571428571428,129.41386446808698
82730,true,-39.958222042277214,8,933.3333333333334,64.28571428571428,129.41386446808698
82756,true,-39.761164483940746,8,933.3333333333334,64.28571428571428,129.41386446808698
82791,true,-39.44277159790886,8,933.3333333333334,64.28571428571428,129.41386446808698
82827,true,-39.086595357058926,8,933.3333333333334,64.28571428571428,129.41386446808698
82864,true,-38.75875097130361,8,933.3333333333334,64.28571428571428,129.41386446808698
82893,true,-38.49916374816084,8,933.3333333333334,64.28571428571428,129.41386446808698
82927,true,-38.25411787739843,8,933.3333333333334,64.28571428571428,129.41386446808698
82958,true,-37.978938845892884,8,933.3333333333334,64.28571428571428,129.41386446808698
83001,true,-37.665791615187445,8,933.3333333333334,64.28571428571428,129.41386446808698
83029,true,-37.27586764533811,8,933.3333333333334,64.28571428571428,129.41386446808698
83064,true,-36.72695522877595,8,933.3333333333334,64.28571428571428,129.41386446808698
83093,true,-36.07008924750491,8,933.3333333333334,64.28571428571428,129.41386446808698
83135,true,-35.24127209859304,8,933.3333333333334,64.28571428571428,129.41386446808698
83159,true,-34.345869078312205,8,933.3333333333334,64.28571428571428,129.41386446808698
83193,true,-33.46317033661619,8,933.3333333333334,64.28571428571428,129.41386446808698
83224,true,-32.655157313766594,8,933.3333333333334,64.28571428571428,129.41386446808698
83269,true,-31.933995754067723,8,933.3333333333334,64.28571428571428,129.41386446808698
83295,true,-31.23776404813836,8,933.3333333333334,64.28571428571428,129.41386446808698
83320,true,-30.450083271650612,8,933.3333333333334,64.28571428571428,129.41386446808698
83364,true,-29.627971924962736,8,933.3333333333334,64.28571428571428,129.41386446808698
83395,true,-28.82056590401487,8,933.3333333333334,64.28571428571428,129.41386446808698
83426,true,-27.98229340092304,2,1866.6666666666667,32.14285714285714,129.41386446808698
83457,true,-27.334580600540676,1,433.33333333333337,138.46153846153845,129.41386446808698
83489,true,-26.808705612540507,1,433.33333333333337,138.46153846153845,129.41386446808698
83526,true,-26.16331477541317,1,433.33333333333337,138.46153846153845,129.41386446808698
83568,true,-25.357314041305244,1,433.33333333333337,138.46153846153845,129.41386446808698
83591,true,-24.366704412266472,1,433.33333333333337,138.46153846153845,129.41386446808698
83622,true,-23.085078286587034,1,433.33333333333337,138.46153846153845,129.41386446808698
83658,true,-21.505796540524884,1,433.33333333333337,138.46153846153845,129.41386446808698
83692,true,-19.982835113040665,1,433.33333333333337,138.46153846153845,129.41386446808698
83729,true,-18.591835900638728,1,433.33333333333337,138.46153846153845,129.41386446808698
83762,true,-17.308620244631612,1,433.33333333333337,138.46153846153845,129.41386446808698
83798,true,-16.0513132116493,1,433.33333333333337,138.46153846153845,129.41386446808698
83830,true,-14.97062466261869,1,433.33333333333337,138.46153846153845,129.41386446808698
83864,true,-13.419778786601626,1,433.33333333333337,138.46153846153845,129.41386446808698
83895,true,-10.89641401161677,1,433.33333333333337,138.46153846153845,129.41386446808698
83935,true,-6.8630369345844855,1,433.33333333333337,138.46153846153845,129.41386446808698
83961,true,-1.1953347543415305,1,433.33333333333337,138.46153846153845,129.41386446808698
83994,true,5.933711017401208,1,433.33333333333337,138.46153846153845,129.41386446808698
84032,true,13.767211681202724,1,433.33333333333337,138.46153846153845,129.41386446808698
84058,true,21.030434949054495,1,433.33333333333337,138.46153846153845,129.41386446808698
84092,true,25.176511643546917,1,433.33333333333337,138.46153846153845,129.41386446808698
84128,true,26.58243646216829,1,433.33333333333337,138.46153846153845,129.41386446808698
84160,true,25.935154697510313,1,433.33333333333337,138.46153846153845,129.41386446808698
84193,true,21.55663077274582,1,433.33333333333337,138.46153846153845,129.41386446808698
84234,true,17.05103616487571,1,433.33333333333337,138.46153846153845,129.41386446808698
84269,true,15.189738497055004,1,433.33333333333337,138.46153846153845,129.41386446808698
84287,true,17.95968804667956,1,433.33333333333337,138.46153846153845,129.41386446808698
84328,true,24.737600022328678,1,433.33333333333337,138.46153846153845,129.41386446808698
84360,true,34.789021005574796,1,433.33333333333337,138.46153846153845,129.41386446808698
84402,true,44.99751490099419,1,433.33333333333337,138.46153846153845,129.41386446808698
84427,true,54.467624777894315,1,433.33333333333337,138.46153846153845,129.41386446808698
84459,true,60.24892306471648,1,433.33333333333337,138.46153846153845,129.41386446808698
84493,true,60.376915155186225,1,433.33333333333337,138.46153846153845,129.41386446808698
84523,true,57.71323644923393,2,433.33333333333337,138.46153846153845,129.41386446808698
84558,true,51.22490997225813,2,433.33333333333337,138.46153846153845,129.41386446808698
84594,true,42.45919644789609,2,433.33333333333337,138.46153846153845,129.41386446808698
84626,true,31.790557887482578,2,433.33333333333337,138.46153846153845,129.41386446808698
84662,true,22.730546824672984,2,433.33333333333337,138.46153846153845,129.41386446808698
84691,true,15.626698690355823,2,433.33333333333337,138.46153846153845,129.41386446808698
84738,true,11.232608801627634,2,433.33333333333337,138.46153846153845,129.41386446808698
84768,true,4.933931760689262,2,433.33333333333337,138.46153846153845,129.41386446808698
84793,true,-1.9570216253411559,2,433.33333333333337,138.46153846153845,129.41386446808698
84867,true,-8.873621440987122,2,433.33333333333337,138.46153846153845,129.41386446808698
84898,true,-15.954876223660847,2,433.33333333333337,138.46153846153845,129.41386446808698
84963,true,-22.4467328080963,2,433.33333333333337,138.46153846153845,129.41386446808698
84998,true,-26.17764671015604,2,433.33333333333337,138.46153846153845,129.41386446808698
85060,true,-27.467236180534343,2,433.33333333333337,138.46153846153845,129.41386446808698
85100,true,-28.823977530266546,2,433.33333333333337,138.46153846153845,129.41386446808698
85127,true,-30.11860297899854,2,433.33333333333337,138.46153846153845,129.41386446808698
85162,true,-31.585618652901616,2,433.33333333333337,138.46153846153845,129.41386446808698
85191,true,-32.143279229428245,2,433.33333333333337,138.46153846153845,129.41386446808698
85229,true,-32.93817580422893,2,433.33333333333337,138.46153846153845,129.41386446808698
85257,true,-33.32953593246356,2,433.33333333333337,138.46153846153845,129.41386446808698
85300,true,-33.687244331165886,2,433.33333333333337,138.46153846153845,129.41386446808698
85326,true,-33.883383512961075,2,433.33333333333337,138.46153846153845,129.41386446808698
85362,true,-33.93555810627349,2,433.33333333333337,138.46153846153845,129.41386446808698
85390,true,-33.806662673628736,2,433.33333333333337,138.46153846153845,129.41386446808698
85427,true,-33.57866690130885,2,433.33333333333337,138.46153846153845,129.41386446808698
85460,true,-33.31603300540999,2,433.33333333333337,138.46153846153845,129.41386446808698
85493,true,-33.06212984765543,2,433.33333333333337,138.46153846153845,129.41386446808698
85524,true,-32.82254018515404,2,433.33333333333337,138.46153846153845,129.41386446808698
85562,true,-32.58095125852067,2,433.33333333333337,138.46153846153845,129.41386446808698
85593,true,-32.34850152692684,2,433.33333333333337,138.46153846153845,129.41386446808698
85628,true,-32.127299374204014,2,433.33333333333337,138.46153846153845,129.41386446808698
85661,true,-31.910531823821813,2,433.33333333333337,138.46153846153845,129.41386446808698
85703,true,-31.74193656214578,2,433.33333333333337,138.46153846153845,129.41386446808698
85726,true,-31.67529742115407,2,433.33333333333337,138.46153846153845,129.41386446808698
85763,true,-31.70680392103064,2,433.33333333333337,138.46153846153845,129.41386446808698
85789,true,-31.783070685224303,2,433.33333333333337,138.46153846153845,129.41386446808698
85829,true,-31.8494328059153,2,433.33333333333337,138.46153846153845,129.41386446808698
85858,true,-31.875874277467148,2,433.33333333333337,138.46153846153845,129.41386446808698
85897,true,-31.80745342498615,2,433.33333333333337,138.46153846153845,129.41386446808698
85926,true,-31.62331585468067,2,433.33333333333337,138.46153846153845,129.41386446808698
85960,true,-31.347317506408245,2,433.33333333333337,138.46153846153845,129.41386446808698
86042,true,-30.95626172359819,2,433.33333333333337,138.46153846153845,129.41386446808698
86063,true,-30.515580210094896,2,433.33333333333337,138.46153846153845,129.41386446808698
86133,true,-30.065994639697237,2,433.33333333333337,138.46153846153845,129.41386446808698
86166,true,-29.621428519861936,2,433.33333333333337,138.46153846153845,129.41386446808698
86228,true,-29.130062215980956,2,433.33333333333337,138.46153846153845,129.41386446808698
86260,true,-28.69259065535998,2,433.33333333333337,138.46153846153845,129.41386446808698
86301,true,-28.253747854479357,2,433.33333333333337,138.46153846153845,129.41386446808698
86325,true,-27.78345730029416,2,433.33333333333337,138.46153846153845,129.41386446808698
86355,true,-27.31222367936904,2,433.33333333333337,138.46153846153845,129.41386446808698
86395,true,-26.90098304803047,2,433.33333333333337,138.46153846153845,129.41386446808698
86432,true,-26.508299010533804,2,433.33333333333337,138.46153846153845,129.41386446808698
86467,true,-26.129415322002785,2,433.33333333333337,138.46153846153845,129.41386446808698
86490,true,-25.77416357717607,2,433.33333333333337,138.46153846153845,129.41386446808698
86527,true,-25.46439857644185,2,433.33333333333337,138.46153846153845,129.41386446808698
86565,true,-25.259881053865712,2,433.33333333333337,138.46153846153845,129.41386446808698
86599,true,-25.153336695372317,2,433.33333333333337,138.46153846153845,129.41386446808698
86626,true,-25.127959811049067,2,433.33333333333337,138.46153846153845,129.41386446808698
86659,true,-25.158029521280966,2,433.33333333333337,138.46153846153845,129.41386446808698
86691,true,-25.182833875808342,2,433.33333333333337,138.46153846153845,129.41386446808698
86727,true,-25.130958621940238,2,433.33333333333337,138.46153846153845,129.41386446808698
86761,true,-24.984933585795375,2,433.33333333333337,138.46153846153845,129.41386446808698
86790,true,-24.750107622590093,2,433.33333333333337,138.46153846153845,129.41386446808698
86832,true,-24.454064936038776,2,433.33333333333337,138.46153846153845,129.41386446808698
86866,true,-24.131337024399727,2,433.33333333333337,138.46153846153845,129.41386446808698
86893,true,-23.799149433165823,2,433.33333333333337,138.46153846153845,129.41386446808698
86926,true,-23.487427773765006,2,433.33333333333337,138.46153846153845,129.41386446808698
86955,true,-23.206850111711788,2,433.33333333333337,138.46153846153845,129.41386446808698
86996,true,-22.945984965991954,2,433.33333333333337,138.46153846153845,129.41386446808698
87025,true,-22.690339556426522,2,433.33333333333337,138.46153846153845,129.41386446808698
87058,true,-22.43509181914328,2,433.33333333333337,138.46153846153845,129.41386446808698
87097,true,-22.173196659459848,2,433.33333333333337,138.46153846153845,129.41386446808698
87125,true,-21.87083098654618,2,433.33333333333337,138.46153846153845,129.41386446808698
87158,true,-21.5529849067822,2,433.33333333333337,138.46153846153845,129.41386446808698
87192,true,-21.233422241673267,2,433.33333333333337,138.46153846153845,129.41386446808698
87228,true,-20.901805662104906,2,433.33333333333337,138.46153846153845,129.41386446808698
87259,true,-20.55503111224094,2,433.33333333333337,138.46153846153845,129.41386446808698
87289,true,-20.243549338954836,2,433.33333333333337,138.46153846153845,129.41386446808698
87332,true,-19.961156715200133,2,433.33333333333337,138.46153846153845,129.41386446808698
87356,true,-19.76488895480496,2,433.33333333333337,138.46153846153845,129.41386446808698
87391,true,-19.699156262323086,2,433.33333333333337,138.46153846153845,129.41386446808698
87422,true,-19.7626335230283,2,433.33333333333337,138.46153846153845,129.41386446808698
87459,true,-19.89952332960057,2,433.33333333333337,138.46153846153845,129.41386446808698
87487,true,-20.067118875436364,2,433.33333333333337,138.46153846153845,129.41386446808698
87531,true,-20.180091337341352,2,433.33333333333337,138.46153846153845,129.41386446808698
87563,true,-20.195153899982202,2,433.33333333333337,138.46153846153845,129.41386446808698
87599,true,-20.097907567012,2,433.33333333333337,138.46153846153845,129.41386446808698
87627,true,-19.91890422298799,2,433.33333333333337,138.46153846153845,129.41386446808698
87660,true,-19.696791318934714,2,433.33333333333337,138.46153846153845,129.41386446808698
87691,true,-19.460480820500067,2,433.33333333333337,138.46153846153845,129.41386446808698
87726,true,-19.229830120779795,2,433.33333333333337,138.46153846153845,129.41386446808698
87760,true,-19.02698317836922,2,433.33333333333337,138.46153846153845,129.41386446808698
87798,true,-18.854602980326916,2,433.33333333333337,138.46153846153845,129.41386446808698
87830,true,-18.69541395580353,2,433.33333333333337,138.46153846153845,129.41386446808698
87856,true,-18.52179965988458,2,433.33333333333337,138.46153846153845,129.41386446808698
87889,true,-18.322003189475907,2,433.33333333333337,138.46153846153845,129.41386446808698
87924,true,-18.085708969918414,2,433.33333333333337,138.46153846153845,129.41386446808698
87955,true,-17.822798608169194,2,433.33333333333337,138.46153846153845,129.41386446808698
87992,true,-17.539942056692453,2,433.33333333333337,138.46153846153845,129.41386446808698
88027,true,-17.249573194444295,2,433.33333333333337,138.46153846153845,129.41386446808698
88057,true,-16.950350653585147,2,433.33333333333337,138.46153846153845,129.41386446808698
88089,true,-16.648597559520596,2,433.33333333333337,138.46153846153845,129.41386446808698
88128,true,-16.34335982715075,2,433.33333333333337,138.46153846153845,129.41386446808698
88158,true,-16.03853124779684,2,433.33333333333337,138.46153846153845,129.41386446808698
88190,true,-15.784824768140638,2,433.33333333333337,138.46153846153845,129.41386446808698
88223,true,-15.692241725647165,2,433.33333333333337,138.46153846153845,129.41386446808698
88260,true,-15.762997611603438,2,433.33333333333337,138.46153846153845,129.41386446808698
88292,true,-15.933443914332415,6,933.3333333333334,64.28571428571428,129.41386446808698
88334,true,-16.172029276214076,6,933.3333333333334,64.28571428571428,129.41386446808698
88359,true,-16.413352604428,6,933.3333333333334,64.28571428571428,129.41386446808698
88394,true,-16.538176523989677,6,933.3333333333334,64.28571428571428,129.41386446808698
88423,true,-16.51442960931108,6,933.3333333333334,64.28571428571428,129.41386446808698
88459,true,-16.388084067820387,6,933.3333333333334,64.28571428571428,129.41386446808698
88489,true,-16.20340458658616,6,933.3333333333334,64.28571428571428,129.41386446808698
88529,true,-15.987518099299962,6,933.3333333333334,64.28571428571428,129.41386446808698
88560,true,-15.739466936567126,6,933.3333333333334,64.28571428571428,129.41386446808698
88595,true,-15.500513914144307,6,933.3333333333334,64.28571428571428,129.41386446808698
88633,true,-15.309011208473777,6,933.3333333333334,64.28571428571428,129.41386446808698
88664,true,-15.140367516643579,6,933.3333333333334,64.28571428571428,129.41386446808698
88695,true,-14.962131470759516,6,933.3333333333334,64.28571428571428,129.41386446808698
88737,true,-14.779935919519716,6,933.3333333333334,64.28571428571428,129.41386446808698
88754,true,-14.579009080272328,6,933.3333333333334,64.28571428571428,129.41386446808698
88789,true,-14.327810281195838,6,933.3333333333334,64.28571428571428,129.41386446808698
88828,true,-14.036616702439417,6,933.3333333333334,64.28571428571428,129.41386446808698
88858,true,-13.720477221266236,6,933.3333333333334,64.28571428571428,129.41386446808698
88888,true,-13.397545237538083,6,933.3333333333334,64.28571428571428,129.41386446808698
88926,true,-13.061424585036505,6,933.3333333333334,64.28571428571428,129.41386446808698
88955,true,-12.719824428866517,6,933.3333333333334,64.28571428571428,129.41386446808698
89003,true,-12.384683769936856,6,933.3333333333334,64.28571428571428,129.41386446808698
89028,true,-12.058634414189882,6,933.3333333333334,64.28571428571428,129.41386446808698
89059,true,-11.73661461819708,2,433.33333333333337,138.46153846153845,129.41386446808698
89089,true,-11.527332141874595,2,433.33333333333337,138.46153846153845,129.41386446808698
89130,true,-11.534033718143135,2,433.33333333333337,138.46153846153845,129.41386446808698
89159,true,-11.69133563177509,2,433.33333333333337,138.46153846153845,129.41386446808698
89190,true,-11.95502496972533,2,433.33333333333337,138.46153846153845,129.41386446808698
89223,true,-12.29054468970864,2,433.33333333333337,138.46153846153845,129.41386446808698
89261,true,-12.58118492739996,2,433.33333333333337,138.46153846153845,129.41386446808698
89292,true,-12.701132460822052,2,433.33333333333337,138.46153846153845,129.41386446808698
89352,true,-12.688280543193784,2,433.33333333333337,138.46153846153845,129.41386446808698
89359,true,-12.577104142119254,2,433.33333333333337,138.46153846153845,129.41386446808698
89390,true,-12.401692238354883,2,433.33333333333337,138.46153846153845,129.41386446808698
89428,true,-12.188926995290757,2,433.33333333333337,138.46153846153845,129.41386446808698
89462,true,-11.972567125217651,2,433.33333333333337,138.46153846153845,129.41386446808698
89494,true,-11.780974248295408,2,433.33333333333337,138.46153846153845,129.41386446808698
89542,true,-11.624805512493438,2,433.33333333333337,138.46153846153845,129.41386446808698
89559,true,-11.490127105029188,2,433.33333333333337,138.46153846153845,129.41386446808698
89600,true,-11.348292727745275,2,433.33333333333337,138.46153846153845,129.41386446808698
89627,true,-11.17913262146763,2,433.33333333333337,138.46153846153845,129.41386446808698
89658,true,-10.964652271772962,2,433.33333333333337,138.46153846153845,129.41386446808698
89696,true,-10.705565803521168,2,433.33333333333337,138.46153846153845,129.41386446808698
89738,true,-10.412931680203926,2,433.33333333333337,138.46153846153845,129.41386446808698
89761,true,-10.10757523331067,2,433.33333333333337,138.46153846153845,129.41386446808698
89790,true,-9.801306871597305,2,433.33333333333337,138.46153846153845,129.41386446808698
89829,true,-9.491717149229714,2,433.33333333333337,138.46153846153845,129.41386446808698
89857,true,-9.187225842622652,2,433.33333333333337,138.46153846153845,129.41386446808698
89887,true,-8.869761334189079,2,433.33333333333337,138.46153846153845,129.41386446808698
89925,true,-8.342948798072044,2,433.33333333333337,138.46153846153845,129.41386446808698
89956,true,-8.048901070196564,2,433.33333333333337,138.46153846153845,129.41386446808698
89992,true,-8.057210655795032,7,866.6666666666667,69.23076923076923,129.41386446808698
90025,true,-8.239009149556438,7,866.6666666666667,69.23076923076923,129.41386446808698
90057,true,-8.537751564932378,7,866.6666666666667,69.23076923076923,129.41386446808698
90089,true,-8.865373680110636,7,866.6666666666667,69.23076923076923,129.41386446808698
90123,true,-9.07184081456019,7,866.6666666666667,69.23076923076923,129.41386446808698
90154,true,-9.115837915501046,7,866.6666666666667,69.23076923076923,129.41386446808698
90194,true,-9.017063836045509,7,866.6666666666667,69.23076923076923,129.41386446808698
90223,true,-8.799981008906201,7,866.6666666666667,69.23076923076923,129.41386446808698
90259,true,-8.53761788312785,7,866.6666666666667,69.23076923076923,129.41386446808698
90292,true,-8.25347475621517,7,866.6666666666667,69.23076923076923,129.41386446808698
90332,true,-7.967577048833093,7,866.6666666666667,69.23076923076923,129.41386446808698
90364,true,-7.641297197864702,7,866.6666666666667,69.23076923076923,129.41386446808698
90397,true,-7.2870738330142615,7,866.6666666666667,69.23076923076923,129.41386446808698
90427,true,-6.969647176969772,1,366.66666666666663,163.63636363636365,129.41386446808698
90460,true,-6.726406414938438,1,366.66666666666663,163.63636363636365,129.41386446808698
90491,true,-6.52790304963564,1,366.66666666666663,163.63636363636365,129.41386446808698
90521,true,-6.362391413271681,1,366.66666666666663,163.63636363636365,129.41386446808698
90555,true,-6.210020465026034,1,366.66666666666663,163.63636363636365,129.41386446808698
90594,true,-6.048961375898202,1,366.66666666666663,163.63636363636365,129.41386446808698
90623,true,-5.879141298432387,1,366.66666666666663,163.63636363636365,129.41386446808698
90658,true,-5.710036739480998,1,366.66666666666663,163.63636363636365,129.41386446808698
90690,true,-5.54639207940707,1,366.66666666666663,163.63636363636365,129.41386446808698
90723,true,-5.385821933187444,1,366.66666666666663,163.63636363636365,129.41386446808698
90758,true,-5.232844031790151,1,366.66666666666663,163.63636363636365,129.41386446808698
90791,true,-5.134210143582379,1,366.66666666666663,163.63636363636365,129.41386446808698
90822,true,-5.2347170818177915,1,366.66666666666663,163.63636363636365,129.41386446808698
90858,true,-5.500949524024364,1,366.66666666666663,163.63636363636365,129.41386446808698
90888,true,-5.914811154891652,1,366.66666666666663,163.63636363636365,129.41386446808698
90926,true,-6.425499328827968,1,366.66666666666663,163.63636363636365,129.41386446808698
90957,true,-6.957785974306063,1,366.66666666666663,163.63636363636365,129.41386446808698
90992,true,-7.3363294721928725,1,366.66666666666663,163.63636363636365,129.41386446808698
91020,true,-7.565996073170211,1,366.66666666666663,163.63636363636365,129.41386446808698
91064,true,-7.664168111127907,1,366.66666666666663,163.63636363636365,129.41386446808698
91093,true,-7.6657558528915075,1,366.66666666666663,163.63636363636365,129.41386446808698
91131,true,-7.608383808402877,1,366.66666666666663,163.63636363636365,129.41386446808698
91160,true,-7.526716649634224,1,366.66666666666663,163.63636363636365,129.41386446808698
91217,true,-7.4497458907722915,1,366.66666666666663,163.63636363636365,129.41386446808698
91231,true,-7.392084174892602,1,366.66666666666663,163.63636363636365,129.41386446808698
91259,true,-7.3615738976591985,1,366.66666666666663,163.63636363636365,129.41386446808698
91291,true,-7.337278864543819,1,366.66666666666663,163.63636363636365,129.41386446808698
91328,true,-7.291566949643865,1,366.66666666666663,163.63636363636365,129.41386446808698
91377,true,-7.201769174739127,1,366.66666666666663,163.63636363636365,129.41386446808698
91387,true,-7.0617948498261,1,366.66666666666663,163.63636363636365,129.41386446808698
91420,true,-6.88945033804481,1,366.66666666666663,163.63636363636365,129.41386446808698
91459,true,-6.702336673559529,1,366.66666666666663,163.63636363636365,129.41386446808698
91489,true,-6.503000309869336,1,366.66666666666663,163.63636363636365,129.41386446808698
91524,true,-6.302709311808215,1,366.66666666666663,163.63636363636365,129.41386446808698
91555,true,-6.113617140574064,6,833.3333333333334,72.0,129.41386446808698
91601,true,-5.932445522189951,6,833.3333333333334,72.0,129.41386446808698
91620,true,-5.7489261430762895,6,833.3333333333334,72.0,129.41386446808698
91656,true,-5.568900714941051,6,833.3333333333334,72.0,129.41386446808698
91687,true,-5.432742064466652,6,833.3333333333334,72.0,129.41386446808698
91723,true,-5.45628568136722,7,833.3333333333334,72.0,129.41386446808698
91761,true,-5.6906489360526535,7,833.3333333333334,72.0,129.41386446808698
91793,true,-6.091139002952332,7,833.3333333333334,72.0,129.41386446808698
91820,true,-6.610675728975664,7,833.3333333333334,72.0,129.41386446808698
91860,true,-7.180971414899375,7,833.3333333333334,72.0,129.41386446808698
91893,true,-7.638226307372747,7,833.3333333333334,72.0,129.41386446808698
91925,true,-7.915348147752923,7,833.3333333333334,72.0,129.41386446808698
91955,true,-8.04352280877903,7,833.3333333333334,72.0,129.41386446808698
91994,true,-8.051652460753147,7,833.3333333333334,72.0,129.41386446808698
92028,true,-7.9864164784065395,7,833.3333333333334,72.0,129.41386446808698
92058,true,-7.902870700724463,7,833.3333333333334,72.0,129.41386446808698
92089,true,-7.813264336277413,7,833.3333333333334,72.0,129.41386446808698
92129,true,-7.743020324367123,7,833.3333333333334,72.0,129.41386446808698
92156,true,-7.710140969913681,7,833.3333333333334,72.0,129.41386446808698
92199,true,-7.692150625570136,7,833.3333333333334,72.0,129.41386446808698
92223,true,-7.655090500228894,7,833.3333333333334,72.0,129.41386446808698
92258,true,-7.585907447425427,7,833.3333333333334,72.0,129.41386446808698
92289,true,-7.476509487909382,7,833.3333333333334,72.0,129.41386446808698
92326,true,-7.3338310037714365,7,833.3333333333334,72.0,129.41386446808698
92354,true,-7.1676851033659545,1,366.66666666666663,163.63636363636365,129.41386446808698
92400,true,-6.9940981201717705,1,366.66666666666663,163.63636363636365,129.41386446808698
92421,true,-6.820422508840608,1,366.66666666666663,163.63636363636365,129.41386446808698
92458,true,-6.649613623820997,1,366.66666666666663,163.63636363636365,129.41386446808698
92497,true,-6.487513520199158,1,366.66666666666663,163.63636363636365,129.41386446808698
92527,true,-6.330587523335524,1,366.66666666666663,163.63636363636365,129.41386446808698
92557,true,-6.171464930426282,1,366.66666666666663,163.63636363636365,129.41386446808698
92594,true,-6.070177980060151,1,366.66666666666663,163.63636363636365,129.41386446808698
92622,true,-6.169957099933342,1,366.66666666666663,163.63636363636365,129.41386446808698
92659,true,-6.442145158777166,1,366.66666666666663,163.63636363636365,129.41386446808698
92688,true,-6.864642612967771,1,366.66666666666663,163.63636363636365,129.41386446808698
92723,true,-7.395461925603769,1,366.66666666666663,163.63636363636365,129.41386446808698
92753,true,-7.938118198856515,1,366.66666666666663,163.63636363636365,129.41386446808698
92794,true,-8.314723860393556,1,366.66666666666663,163.63636363636365,129.41386446808698
92826,true,-8.526272337044574,1,366.66666666666663,163.63636363636365,129.41386446808698
92863,true,-8.588337584279572,1,366.66666666666663,163.63636363636365,129.41386446808698
92890,true,-8.53433383852024,1,366.66666666666663,163.63636363636365,129.41386446808698
92926,true,-8.42701663643426,1,366.66666666666663,163.63636363636365,129.41386446808698
92962,true,-8.312461341869124,1,366.66666666666663,163.63636363636365,129.41386446808698
92991,true,-8.230839797967477,1,366.66666666666663,163.63636363636365,129.41386446808698
93025,true,-8.184896291408236,1,366.66666666666663,163.63636363636365,129.41386446808698
93060,true,-8.172555734226606,1,366.66666666666663,163.63636363636365,129.41386446808698
93091,true,-8.166753225390963,1,366.66666666666663,163.63636363636365,129.41386446808698
93126,true,-8.135556803380396,1,366.66666666666663,163.63636363636365,129.41386446808698
93159,true,-8.05939881460445,1,366.66666666666663,163.63636363636365,129.41386446808698
93198,true,-7.929118556942598,1,366.66666666666663,163.63636363636365,129.41386446808698
93222,true,-7.75547835402277,1,366.66666666666663,163.63636363636365,129.41386446808698
93267,true,-7.541586555688326,1,366.66666666666663,163.63636363636365,129.41386446808698
93290,true,-7.313275448716837,1,366.66666666666663,163.63636363636365,129.41386446808698
93328,true,-7.074082588666954,1,366.66666666666663,163.63636363636365,129.41386446808698
93359,true,-6.849696376408687,1,366.66666666666663,163.63636363636365,129.41386446808698
93415,true,-6.638842119117356,1,366.66666666666663,163.63636363636365,129.41386446808698
93429,true,-6.438361202899074,1,366.66666666666663,163.63636363636365,129.41386446808698
93459,true,-6.2433373297728,1,366.66666666666663,163.63636363636365,129.41386446808698
93487,true,-6.055836918696414,1,366.66666666666663,163.63636363636365,129.41386446808698
93526,true,-5.953285749020566,1,366.66666666666663,163.63636363636365,129.41386446808698
93559,true,-6.087871470171947,1,366.66666666666663,163.63636363636365,129.41386446808698
93596,true,-6.409277871876526,1,366.66666666666663,163.63636363636365,129.41386446808698
93623,true,-6.865028264622197,1,366.66666666666663,163.63636363636365,129.41386446808698
93657,true,-7.409303867548388,1,366.66666666666663,163.63636363636365,129.41386446808698
93687,true,-7.920758762923029,1,366.66666666666663,163.63636363636365,129.41386446808698
93727,true,-8.224498038917389,1,366.66666666666663,163.63636363636365,129.41386446808698
93754,true,-8.349545123052337,1,366.66666666666663,163.63636363636365,129.41386446808698
93789,true,-8.34510126285636,1,366.66666666666663,163.63636363636365,129.41386446808698
93825,true,-8.244225483976862,1,366.66666666666663,163.63636363636365,129.41386446808698
93860,true,-8.093472711363233,1,366.66666666666663,163.63636363636365,129.41386446808698
93891,true,-7.932291311491809,1,366.66666666666663,163.63636363636365,129.41386446808698
93924,true,-7.795427354435944,1,366.66666666666663,163.63636363636365,129.41386446808698
93959,true,-7.679826141387366,1,366.66666666666663,163.63636363636365,129.41386446808698
93994,true,-7.585107812081773,1,366.66666666666663,163.63636363636365,129.41386446808698
94023,true,-7.487467045426328,1,366.66666666666663,163.63636363636365,129.41386446808698
94058,true,-7.351032067119704,1,366.66666666666663,163.63636363636365,129.41386446808698
94091,true,-7.154307733183899,1,366.66666666666663,163.63636363636365,129.41386446808698
94126,true,-6.8893129939529985,1,366.66666666666663,163.63636363636365,129.41386446808698
94156,true,-6.561913417227686,1,366.66666666666663,163.63636363636365,129.41386446808698
94191,true,-6.190386736167653,1,366.66666666666663,163.63636363636365,129.41386446808698
94222,true,-5.795366173930603,1,366.66666666666663,163.63636363636365,129.41386446808698
94256,true,-5.3808018396938735,1,366.66666666666663,163.63636363636365,129.41386446808698
94286,true,-4.999459145356013,9,866.6666666666667,69.23076923076923,129.41386446808698
94327,true,-4.630064377440334,9,866.6666666666667,69.23076923076923,129.41386446808698
94361,true,-4.266045242729774,9,866.6666666666667,69.23076923076923,129.41386446808698
94394,true,-3.9370067606528636,9,866.6666666666667,69.23076923076923,129.41386446808698
94426,true,-3.6350477888667996,9,866.6666666666667,69.23076923076923,129.41386446808698
94456,true,-3.4815376086847607,9,866.6666666666667,69.23076923076923,129.41386446808698
94493,true,-3.507016166697724,10,866.6666666666667,69.23076923076923,129.41386446808698
94528,true,-3.635500849777557,10,866.6666666666667,69.23076923076923,129.41386446808698
94561,true,-3.871003510559177,10,866.6666666666667,69.23076923076923,129.41386446808698
94589,true,-4.150568811932416,10,866.6666666666667,69.23076923076923,129.41386446808698
94622,true,-4.293401831762694,10,866.6666666666667,69.23076923076923,129.41386446808698
94657,true,-4.215068953196521,10,866.6666666666667,69.23076923076923,129.41386446808698
94689,true,-4.00315210588731,10,866.6666666666667,69.23076923076923,129.41386446808698
94730,true,-3.701731564414729,10,866.6666666666667,69.23076923076923,129.41386446808698
94760,true,-3.3890351657997826,10,866.6666666666667,69.23076923076923,129.41386446808698
94796,true,-3.0841615245342524,10,866.6666666666667,69.23076923076923,129.41386446808698
94818,true,-2.8233975440703603,10,866.6666666666667,69.23076923076923,129.41386446808698
94855,true,-2.606553319258296,10,866.6666666666667,69.23076923076923,129.41386446808698
94888,true,-2.421838820787741,10,866.6666666666667,69.23076923076923,129.41386446808698
94931,true,-2.2574991739090393,10,866.6666666666667,69.23076923076923,129.41386446808698
94957,true,-2.1481971770358257,10,866.6666666666667,69.23076923076923,129.41386446808698
94987,true,-2.0372547502790184,10,866.6666666666667,69.23076923076923,129.41386446808698
95023,true,-1.8862077106186064,10,866.6666666666667,69.23076923076923,129.41386446808698
95055,true,-1.6955699333759071,10,866.6666666666667,69.23076923076923,129.41386446808698
95089,true,-1.4764761129263917,10,866.6666666666667,69.23076923076923,129.41386446808698
95121,true,-1.2673349303905326,10,866.6666666666667,69.23076923076923,129.41386446808698
95156,true,-1.0591496447466966,10,866.6666666666667,69.23076923076923,129.41386446808698
95189,true,-0.8525907786839895,10,866.6666666666667,69.23076923076923,129.41386446808698
95222,true,-0.6494793364263529,10,866.6666666666667,69.23076923076923,129.41386446808698
95259,true,-0.452288184989186,10,866.6666666666667,69.23076923076923,129.41386446808698
95287,true,-0.2546121981276315,10,866.6666666666667,69.23076923076923,129.41386446808698
95333,true,-0.11867168339166767,10,866.6666666666667,69.23076923076923,129.41386446808698
95357,true,-0.22143547430211186,11,866.6666666666667,69.23076923076923,129.41386446808698
95391,true,-0.5227788972005243,11,866.6666666666667,69.23076923076923,129.41386446808698
95446,true,-0.9928900694094125,11,866.6666666666667,69.23076923076923,129.41386446808698
95465,true,-1.5691466276350212,11,866.6666666666667,69.23076923076923,129.41386446808698
95489,true,-2.1507029906016015,11,866.6666666666667,69.23076923076923,129.41386446808698
95521,true,-2.542440445331124,11,866.6666666666667,69.23076923076923,129.41386446808698
95554,true,-2.749699883399259,11,866.6666666666667,69.23076923076923,129.41386446808698
95588,true,-2.790713556970161,10,866.6666666666667,69.23076923076923,129.41386446808698
95626,true,-2.708496539961402,10,866.6666666666667,69.23076923076923,129.41386446808698
95653,true,-2.570420225738758,10,866.6666666666667,69.23076923076923,129.41386446808698
95729,true,-2.434398576184762,10,866.6666666666667,69.23076923076923,129.41386446808698
95762,true,-2.324111466330521,10,866.6666666666667,69.23076923076923,129.41386446808698
95827,true,-2.230249700041483,10,866.6666666666667,69.23076923076923,129.41386446808698
95870,true,-2.1564986357638674,10,866.6666666666667,69.23076923076923,129.41386446808698
95930,true,-2.0392064493491944,10,866.6666666666667,69.23076923076923,129.41386446808698
95967,true,-1.8732140164683386,10,866.6666666666667,69.23076923076923,129.41386446808698
96029,true,-1.6246041665371393,10,866.6666666666667,69.23076923076923,129.41386446808698
96062,true,-1.3451441646881364,10,866.6666666666667,69.23076923076923,129.41386446808698
96134,true,-1.0219991744854582,10,866.6666666666667,69.23076923076923,129.41386446808698
96165,true,-0.7182826115428469,10,866.6666666666667,69.23076923076923,129.41386446808698
96228,true,-0.5336621015505472,10,866.6666666666667,69.23076923076923,129.41386446808698
96260,true,-0.6436712526472093,10,866.6666666666667,69.23076923076923,129.41386446808698
96329,true,-1.0668384974609353,10,866.6666666666667,69.23076923076923,129.41386446808698
96362,true,-1.6063306491968063,10,866.6666666666667,69.23076923076923,129.41386446808698
96387,true,-2.2112285114275068,10,866.6666666666667,69.23076923076923,129.41386446808698
96422,true,-2.7397306622491726,10,866.6666666666667,69.23076923076923,129.41386446808698
96452,true,-3.03334450783656,10,866.6666666666667,69.23076923076923,129.41386446808698
96489,true,-3.027116311212879,10,866.6666666666667,69.23076923076923,129.41386446808698
96525,true,-2.9450865877048074,10,866.6666666666667,69.23076923076923,129.41386446808698
96560,true,-2.8408409197184312,10,866.6666666666667,69.23076923076923,129.41386446808698
96590,true,-2.74600257501983,10,866.6666666666667,69.23076923076923,129.41386446808698
96623,true,-2.6872193590725715,10,866.6666666666667,69.23076923076923,129.41386446808698
96655,true,-2.6622163022081224,10,866.6666666666667,69.23076923076923,129.41386446808698
96690,true,-2.653168790842173,10,866.6666666666667,69.23076923076923,129.41386446808698
96720,true,-2.6331082492122846,9,866.6666666666667,69.23076923076923,129.41386446808698
96753,true,-2.575667321343417,9,866.6666666666667,69.23076923076923,129.41386446808698
96785,true,-2.461658732023807,9,866.6666666666667,69.23076923076923,129.41386446808698
96828,true,-2.3064047606900857,9,866.6666666666667,69.23076923076923,129.41386446808698
96854,true,-2.1223243191084578,9,866.6666666666667,69.23076923076923,129.41386446808698
96894,true,-1.9242952368438608,9,866.6666666666667,69.23076923076923,129.41386446808698
96924,true,-1.723629243935605,9,866.6666666666667,69.23076923076923,129.41386446808698
96959,true,-1.5296672046310107,9,866.6666666666667,69.23076923076923,129.41386446808698
96990,true,-1.3399286162289599,9,866.6666666666667,69.23076923076923,129.41386446808698
97022,true,-1.1480126908478923,9,866.6666666666667,69.23076923076923,129.41386446808698
97057,true,-0.9586330437237223,9,866.6666666666667,69.23076923076923,129.41386446808698
97090,true,-0.7903772092650314,9,866.6666666666667,69.23076923076923,129.41386446808698
97127,true,-0.7615037056140892,9,866.6666666666667,69.23076923076923,129.41386446808698
97159,true,-0.9733980749356448,10,866.6666666666667,69.23076923076923,129.41386446808698
97190,true,-1.383615502857353,10,866.6666666666667,69.23076923076923,129.41386446808698
97221,true,-1.9276246430582518,10,866.6666666666667,69.23076923076923,129.41386446808698
97253,true,-2.53090644336784,10,866.6666666666667,69.23076923076923,129.41386446808698
97299,true,-3.0540703776886033,10,866.6666666666667,69.23076923076923,129.41386446808698
97334,true,-3.3571626659482945,10,866.6666666666667,69.23076923076923,129.41386446808698
97353,true,-3.481141299954757,10,866.6666666666667,69.23076923076923,129.41386446808698
97386,true,-3.462047371587744,10,866.6666666666667,69.23076923076923,129.41386446808698
97425,true,-3.3621998827190396,10,866.6666666666667,69.23076923076923,129.41386446808698
97484,true,-3.2243181308661093,10,866.6666666666667,69.23076923076923,129.41386446808698
97501,true,-3.103201049491858,10,866.6666666666667,69.23076923076923,129.41386446808698
97532,true,-3.019617086351758,10,866.6666666666667,69.23076923076923,129.41386446808698
97553,true,-2.9757379094598377,10,866.6666666666667,69.23076923076923,129.41386446808698
97588,true,-2.945805716598798,9,866.6666666666667,69.23076923076923,129.41386446808698
97625,true,-2.909367350983331,9,866.6666666666667,69.23076923076923,129.41386446808698
97658,true,-2.839977366869391,9,866.6666666666667,69.23076923076923,129.41386446808698
97690,true,-2.715676660383764,9,866.6666666666667,69.23076923076923,129.41386446808698
97727,true,-2.539209103164282,9,866.6666666666667,69.23076923076923,129.41386446808698
97759,true,-2.3389268771559557,9,866.6666666666667,69.23076923076923,129.41386446808698
97789,true,-2.119822846800858,9,866.6666666666667,69.23076923076923,129.41386446808698
97825,true,-1.8911881800155896,9,866.6666666666667,69.23076923076923,129.41386446808698
97854,true,-1.6778265369769088,9,866.6666666666667,69.23076923076923,129.41386446808698
97891,true,-1.4843119035934649,9,866.6666666666667,69.23076923076923,129.41386446808698
97926,true,-1.2920841407468515,9,866.6666666666667,69.23076923076923,129.41386446808698
97957,true,-1.1337408366921693,9,866.6666666666667,69.23076923076923,129.41386446808698
97987,true,-1.142876928801627,10,866.6666666666667,69.23076923076923,129.41386446808698
98025,true,-1.3608770505936718,10,866.6666666666667,69.23076923076923,129.41386446808698
98059,true,-1.7427875292431594,10,866.6666666666667,69.23076923076923,129.41386446808698
98094,true,-2.250165800131839,10,866.6666666666667,69.23076923076923,129.41386446808698
98125,true,-2.8069975217921552,10,866.6666666666667,69.23076923076923,129.41386446808698
98158,true,-3.248983547808777,10,866.6666666666667,69.23076923076923,129.41386446808698
98193,true,-3.486462201889765,10,866.6666666666667,69.23076923076923,129.41386446808698
98227,true,-3.548664754132247,10,866.6666666666667,69.23076923076923,129.41386446808698
98261,true,-3.4893042458555357,10,866.6666666666667,69.23076923076923,129.41386446808698
98290,true,-3.3661719810070423,10,866.6666666666667,69.23076923076923,129.41386446808698
98322,true,-3.2201561637187126,10,866.6666666666667,69.23076923076923,129.41386446808698
98353,true,-3.090095353357569,10,866.6666666666667,69.23076923076923,129.41386446808698
98391,true,-2.9934805333052026,10,866.6666666666667,69.23076923076923,129.41386446808698
98426,true,-2.923858229183182,9,866.6666666666667,69.23076923076923,129.41386446808698
98455,true,-2.860320524257972,9,866.6666666666667,69.23076923076923,129.41386446808698
98489,true,-2.7811538124944235,9,866.6666666666667,69.23076923076923,129.41386446808698
98526,true,-2.669242392115109,9,866.6666666666667,69.23076923076923,129.41386446808698
98556,true,-2.5211388496147435,9,866.6666666666667,69.23076923076923,129.41386446808698
98589,true,-2.33372481248702,9,866.6666666666667,69.23076923076923,129.41386446808698
98624,true,-2.1218703852165106,9,866.6666666666667,69.23076923076923,129.41386446808698
98661,true,-1.896291343930173,9,866.6666666666667,69.23076923076923,129.41386446808698
98692,true,-1.6688368523752928,9,866.6666666666667,69.23076923076923,129.41386446808698
98721,true,-1.4483031678385458,9,866.6666666666667,69.23076923076923,129.41386446808698
98756,true,-1.2337393190928623,9,866.6666666666667,69.23076923076923,129.41386446808698
98791,true,-1.0149725584370373,9,866.6666666666667,69.23076923076923,129.41386446808698
98824,true,-0.796825129147436,9,866.6666666666667,69.23076923076923,129.41386446808698
98853,true,-0.6731111051738168,9,866.6666666666667,69.23076923076923,129.41386446808698
98901,true,-0.7853858446299,10,900.0,66.66666666666667,129.41386446808698
98921,true,-1.0995558256490483,10,900.0,66.66666666666667,129.41386446808698
98960,true,-1.5634701228708252,10,900.0,66.66666666666667,129.41386446808698
98986,true,-2.12671422492015,10,900.0,66.66666666666667,129.41386446808698
99024,true,-2.6557007717757415,10,900.0,66.66666666666667,129.41386446808698
99053,true,-2.9707431870856738,10,900.0,66.66666666666667,129.41386446808698
99094,true,-3.1109868224849038,10,900.0,66.66666666666667,129.41386446808698
99120,true,-3.1151039925430837,10,900.0,66.66666666666667,129.41386446808698
99163,true,-3.013477187537987,10,900.0,66.66666666666667,129.41386446808698
99187,true,-2.8640423455431403,10,900.0,66.66666666666667,129.41386446808698
99224,true,-2.7243372929251706,10,900.0,66.66666666666667,129.41386446808698
99255,true,-2.613650316933345,10,900.0,66.66666666666667,129.41386446808698
99288,true,-2.538585245508372,9,900.0,66.66666666666667,129.41386446808698
99361,true,-2.4697866477737875,9,900.0,66.66666666666667,129.41386446808698
99396,true,-2.3960939996705974,9,900.0,66.66666666666667,129.41386446808698
99462,true,-2.255425980716282,9,900.0,66.66666666666667,129.41386446808698
99512,true,-2.044203869922299,9,900.0,66.66666666666667,129.41386446808698
99523,true,-1.7827825846891585,9,900.0,66.66666666666667,129.41386446808698
99559,true,-1.5227589961205155,9,900.0,66.66666666666667,129.41386446808698
99595,true,-1.2625569247847608,9,900.0,66.66666666666667,129.41386446808698
99622,true,-1.033685485425039,9,900.0,66.66666666666667,129.41386446808698
99656,true,-0.82530951638239,9,900.0,66.66666666666667,129.41386446808698
99693,true,-0.6276884851799025,9,900.0,66.66666666666667,129.41386446808698
99721,true,-0.4536288628940355,9,900.0,66.66666666666667,129.41386446808698
99756,true,-0.4005953571694221,9,900.0,66.66666666666667,129.41386446808698
99791,true,-0.5947819020096716,10,900.0,66.66666666666667,129.41386446808698
99824,true,-0.967844052901853,10,900.0,66.66666666666667,129.41386446808698
99860,true,-1.4714015657189066,10,900.0,66.66666666666667,129.41386446808698
99895,true,-2.048963383818858,10,900.0,66.66666666666667,129.41386446808698
99930,true,-2.558327642740096,10,900.0,66.66666666666667,129.41386446808698
99962,true,-2.8556504506628073,10,900.0,66.66666666666667,129.41386446808698
99986,true,-2.975460597258376,10,900.0,66.66666666666667,129.41386446808698
100023,true,-2.9571567179235245,10,900.0,66.66666666666667,129.41386446808698
100055,true,-2.85175805514821,10,900.0,66.66666666666667,129.41386446808698
100092,true,-2.720263024504362,10,900.0,66.66666666666667,129.41386446808698
100122,true,-2.5998347065599887,10,900.0,66.66666666666667,129.41386446808698
100154,true,-2.5127851605470255,10,900.0,66.66666666666667,129.41386446808698
100187,true,-2.46911561672232,10,900.0,66.66666666666667,129.41386446808698
100224,true,-2.441687875110844,9,900.0,66.66666666666667,129.41386446808698
100254,true,-2.393060714684026,9,900.0,66.66666666666667,129.41386446808698
100288,true,-2.299116537643826,9,900.0,66.66666666666667,129.41386446808698
100322,true,-2.15809185612045,9,900.0,66.66666666666667,129.41386446808698
100354,true,-1.9590837918641881,9,900.0,66.66666666666667,129.41386446808698
100390,true,-1.7158486319133317,9,900.0,66.66666666666667,129.41386446808698
100424,true,-1.4521650258748195,9,900.0,66.66666666666667,129.41386446808698
100462,true,-1.184497146827809,9,900.0,66.66666666666667,129.41386446808698
100491,true,-0.9119740391871289,9,900.0,66.66666666666667,129.41386446808698
100527,true,-0.6450149114374994,9,900.0,66.66666666666667,129.41386446808698
100555,true,-0.3943826600362996,9,900.0,66.66666666666667,129.41386446808698
100588,true,-0.1811049296849916,9,900.0,66.66666666666667,129.41386446808698
100625,true,-0.11988560897221134,9,900.0,66.66666666666667,129.41386446808698
100660,true,-0.32457439732861815,10,900.0,66.66666666666667,129.41386446808698
100693,true,-0.7213510573268849,10,900.0,66.66666666666667,129.41386446808698
100720,true,-1.2490856904998964,10,900.0,66.66666666666667,129.41386446808698
100756,true,-1.8478026733113353,10,900.0,66.66666666666667,129.41386446808698
100788,true,-2.3548004702697938,10,900.0,66.66666666666667,129.41386446808698
100823,true,-2.635156636061268,10,900.0,66.66666666666667,129.41386446808698
100853,true,-2.7383988470341905,10,900.0,66.66666666666667,129.41386446808698
100888,true,-2.7028950069245212,10,900.0,66.66666666666667,129.41386446808698
100919,true,-2.580714507630617,10,900.0,66.66666666666667,129.41386446808698
100958,true,-2.4360775950055142,10,900.0,66.66666666666667,129.41386446808698
100996,true,-2.2993888250978074,10,900.0,66.66666666666667,129.41386446808698
101028,true,-2.1991015108586396,10,900.0,66.66666666666667,129.41386446808698
101060,true,-2.148353364647221,9,866.6666666666667,69.23076923076923,129.41386446808698
101093,true,-2.1139852727888098,9,866.6666666666667,69.23076923076923,129.41386446808698
101118,true,-2.0641411500168516,9,866.6666666666667,69.23076923076923,129.41386446808698
101155,true,-1.9736945660346237,9,866.6666666666667,69.23076923076923,129.41386446808698
101187,true,-1.8184000285568231,9,866.6666666666667,69.23076923076923,129.41386446808698
101221,true,-1.6106126770395406,9,866.6666666666667,69.23076923076923,129.41386446808698
101257,true,-1.369227728644347,9,866.6666666666667,69.23076923076923,129.41386446808698
101292,true,-1.1020117139941021,9,866.6666666666667,69.23076923076923,129.41386446808698
101321,true,-0.8353960382757322,9,866.6666666666667,69.23076923076923,129.41386446808698
101356,true,-0.5881019355034454,9,866.6666666666667,69.23076923076923,129.41386446808698
101387,true,-0.34744919626902515,9,866.6666666666667,69.23076923076923,129.41386446808698
101425,true,-0.11038544854027066,9,866.6666666666667,69.23076923076923,129.41386446808698
101454,true,0.12228759912483156,9,866.6666666666667,69.23076923076923,129.41386446808698
101506,true,0.33006802798414014,9,866.6666666666667,69.23076923076923,129.41386446808698
101542,true,0.3706247766177171,9,866.6666666666667,69.23076923076923,129.41386446808698
101553,true,0.14517673189101288,10,900.0,66.66666666666667,129.41386446808698
101623,true,-0.34145555599161526,10,900.0,66.66666666666667,129.41386446808698
101665,true,-0.9146555053919485,10,900.0,66.66666666666667,129.41386446808698
101722,true,-1.5017919667418624,10,900.0,66.66666666666667,129.41386446808698
101754,true,-1.935696268449604,10,900.0,66.66666666666667,129.41386446808698
101787,true,-2.1078463447450844,10,900.0,66.66666666666667,129.41386446808698
101821,true,-2.0241516600760576,10,900.0,66.66666666666667,129.41386446808698
101853,true,-1.8771819467776254,10,900.0,66.66666666666667,129.41386446808698
101897,true,-1.7332447632771135,10,900.0,66.66666666666667,129.41386446808698
101928,true,-1.6129848560986488,10,900.0,66.66666666666667,129.41386446808698
101965,true,-1.5227661786726827,10,900.0,66.66666666666667,129.41386446808698
101991,true,-1.4454535784372524,10,900.0,66.66666666666667,129.41386446808698
102027,true,-1.3473700243557118,9,866.6666666666667,69.23076923076923,129.41386446808698
102054,true,-1.1987370874198717,9,866.6666666666667,69.23076923076923,129.41386446808698
102091,true,-0.989815638604199,9,866.6666666666667,69.23076923076923,129.41386446808698
102121,true,-0.7365549007192413,9,866.6666666666667,69.23076923076923,129.41386446808698
102156,true,-0.45239231473451014,9,866.6666666666667,69.23076923076923,129.41386446808698
102186,true,-0.15996541054289537,9,866.6666666666667,69.23076923076923,129.41386446808698
102221,true,0.12337679738158158,9,866.6666666666667,69.23076923076923,129.41386446808698
102251,true,0.38241764699587577,9,866.6666666666667,69.23076923076923,129.41386446808698
102292,true,0.636474284044354,9,866.6666666666667,69.23076923076923,129.41386446808698
102321,true,0.8872391916442126,9,866.6666666666667,69.23076923076923,129.41386446808698
102362,true,1.1442702409210455,9,866.6666666666667,69.23076923076923,129.41386446808698
102387,true,1.3753766069240783,9,866.6666666666667,69.23076923076923,129.41386446808698
102422,true,1.4204973295656913,9,866.6666666666667,69.23076923076923,129.41386446808698
102453,true,1.1652003355779499,10,866.6666666666667,69.23076923076923,129.41386446808698
102489,true,0.7258090056385669,10,866.6666666666667,69.23076923076923,129.41386446808698
102519,true,0.1501067922314121,10,866.6666666666667,69.23076923076923,129.41386446808698
102557,true,-0.4740642632026635,10,866.6666666666667,69.23076923076923,129.41386446808698
102584,true,-0.9343949598758314,10,866.6666666666667,69.23076923076923,129.41386446808698
102620,true,-1.0933138551043982,10,866.6666666666667,69.23076923076923,129.41386446808698
102650,true,-1.057958289426466,10,866.6666666666667,69.23076923076923,129.41386446808698
102693,true,-0.8899982594655427,10,866.6666666666667,69.23076923076923,129.41386446808698
102726,true,-0.6606388264587082,10,866.6666666666667,69.23076923076923,129.41386446808698
102756,true,-0.4375213026658997,10,866.6666666666667,69.23076923076923,129.41386446808698
102787,true,-0.2535623345777793,10,866.6666666666667,69.23076923076923,129.41386446808698
102824,true,-0.10930519826838747,10,866.6666666666667,69.23076923076923,129.41386446808698
102859,true,0.020973739761402044,10,866.6666666666667,69.23076923076923,129.41386446808698
102894,true,0.19886793030946137,10,866.6666666666667,69.23076923076923,129.41386446808698
102919,true,0.48270228266169113,9,866.6666666666667,69.23076923076923,129.41386446808698
102952,true,0.8941221495740024,9,866.6666666666667,69.23076923076923,129.41386446808698
102987,true,1.422433299670402,9,866.6666666666667,69.23076923076923,129.41386446808698
103020,true,2.035619509333941,9,866.6666666666667,69.23076923076923,129.41386446808698
103052,true,2.6566489281001964,9,866.6666666666667,69.23076923076923,129.41386446808698
103086,true,3.241797274597374,9,866.6666666666667,69.23076923076923,129.41386446808698
103118,true,3.7815043858805524,9,866.6666666666667,69.23076923076923,129.41386446808698
103153,true,4.267966683614944,9,866.6666666666667,69.23076923076923,129.41386446808698
103186,true,4.687702579713047,9,866.6666666666667,69.23076923076923,129.41386446808698
103220,true,5.051566450336324,9,866.6666666666667,69.23076923076923,129.41386446808698
103253,true,5.232992526532826,9,866.6666666666667,69.23076923076923,129.41386446808698
103286,true,4.950242307724267,10,866.6666666666667,69.23076923076923,129.41386446808698
103319,true,4.340731332517564,10,866.6666666666667,69.23076923076923,129.41386446808698
103358,true,3.5193497433395606,10,866.6666666666667,69.23076923076923,129.41386446808698
103387,true,2.6013817110853665,10,866.6666666666667,69.23076923076923,129.41386446808698
103424,true,1.7222004556071937,10,866.6666666666667,69.23076923076923,129.41386446808698
103454,true,1.2272521979860898,10,866.6666666666667,69.23076923076923,129.41386446808698
103488,true,1.0145746132754567,10,866.6666666666667,69.23076923076923,129.41386446808698
103521,true,1.0283472912061598,10,866.6666666666667,69.23076923076923,129.41386446808698
103566,true,1.13071394330764,10,866.6666666666667,69.23076923076923,129.41386446808698
103588,true,1.275667362549072,10,866.6666666666667,69.23076923076923,129.41386446808698
103624,true,1.3677625387040564,10,866.6666666666667,69.23076923076923,129.41386446808698
103660,true,1.5139372533147935,10,866.6666666666667,69.23076923076923,129.41386446808698
103690,true,1.6598566734026434,10,866.6666666666667,69.23076923076923,129.41386446808698
103729,true,1.8688106394329083,10,866.6666666666667,69.23076923076923,129.41386446808698
103758,true,2.4152806904132973,10,866.6666666666667,69.23076923076923,129.41386446808698
103788,true,3.2649474887531795,10,866.6666666666667,69.23076923076923,129.41386446808698
103822,true,4.006360433619506,10,866.6666666666667,69.23076923076923,129.41386446808698
103853,true,4.650950812983453,9,866.6666666666667,69.23076923076923,129.41386446808698
103889,true,5.212163054415754,9,866.6666666666667,69.23076923076923,129.41386446808698
103919,true,5.454568864510833,9,866.6666666666667,69.23076923076923,129.41386446808698
103950,true,5.440839844584403,9,866.6666666666667,69.23076923076923,129.41386446808698