Timestamp(ms),isGoodSignal,filteredIntensity,rrIntervals_count,medianRrMs,rawBpm,filteredBpm
23,false,0.0,0,0.0,0.0,0.0
52,false,0.0,0,0.0,0.0,0.0
85,false,0.0,0,0.0,0.0,0.0
120,false,0.0,0,0.0,0.0,0.0
153,false,0.0,0,0.0,0.0,0.0
185,false,0.0,0,0.0,0.0,0.0
219,false,0.0,0,0.0,0.0,0.0
254,false,0.0,0,0.0,0.0,0.0
287,false,0.0,0,0.0,0.0,0.0
318,false,0.0,0,0.0,0.0,0.0
352,false,0.0,0,0.0,0.0,0.0
386,false,0.0,0,0.0,0.0,0.0
419,false,0.0,0,0.0,0.0,0.0
455,false,0.0,0,0.0,0.0,0.0
485,false,0.0,0,0.0,0.0,0.0
521,false,0.0,0,0.0,0.0,0.0
552,false,0.0,0,0.0,0.0,0.0
591,true,-0.3927708419123803,0,0.0,0.0,0.0
624,true,-0.38788823793777283,0,0.0,0.0,0.0
660,true,-0.36676108496607185,0,0.0,0.0,0.0
687,true,-0.3402788344138514,0,0.0,0.0,0.0
727,true,-0.3085450147392237,0,0.0,0.0,0.0
764,true,-0.2758513938177316,0,0.0,0.0,0.0
791,true,-0.25448474438650237,0,0.0,0.0,0.0
825,true,-0.24528439746922004,0,0.0,0.0,0.0
861,true,-0.23819460020689576,0,0.0,0.0,0.0
891,true,-0.25977942828896516,0,0.0,0.0,0.0
926,true,-0.31731500735392615,0,0.0,0.0,0.0
957,true,-0.40249746558464494,0,0.0,0.0,0.0
987,true,-0.49976478616875397,0,0.0,0.0,0.0
1025,true,-0.603461718686134,0,0.0,0.0,0.0
1054,true,-0.6774604486122939,0,0.0,0.0,0.0
1087,true,-0.7152870063935666,0,0.0,0.0,0.0
1122,true,-0.7128477003831222,0,0.0,0.0,0.0
1162,true,-0.7006018991636722,0,0.0,0.0,0.0
1189,true,-0.6937683581816998,0,0.0,0.0,0.0
1226,true,-0.6872916637474304,0,0.0,0.0,0.0
1259,true,-0.6753179873132922,0,0.0,0.0,0.0
1293,true,-0.663847054750704,0,0.0,0.0,0.0
1326,true,-0.647442108032493,0,0.0,0.0,0.0
1357,true,-0.6150467548016536,0,0.0,0.0,0.0
1389,true,-0.5772281981926142,0,0.0,0.0,0.0
1422,true,-0.5346298993899836,0,0.0,0.0,0.0
1456,true,-0.49814960856795665,0,0.0,0.0,0.0
1489,true,-0.45806028590124015,0,0.0,0.0,0.0
1526,true,-0.4314388100008557,0,0.0,0.0,0.0
1559,true,-0.40859000475336416,0,0.0,0.0,0.0
1591,true,-0.38641089038193854,0,0.0,0.0,0.0
1626,true,-0.3621648374067945,0,0.0,0.0,0.0
1656,true,-0.37702331575886205,1,766.6666666666667,78.26086956521738,0.0
1691,true,-0.41903268434049323,1,766.6666666666667,78.26086956521738,0.0
1725,true,-0.4806039526553434,1,766.6666666666667,78.26086956521738,0.0
1760,true,-0.563020049127033,1,766.6666666666667,78.26086956521738,0.0
1791,true,-0.6419321914092677,1,766.6666666666667,78.26086956521738,0.0
1823,true,-0.6814214189579957,1,766.6666666666667,78.26086956521738,0.0
1858,true,-0.6877373880241464,1,766.6666666666667,78.26086956521738,0.0
1893,true,-0.680169797469631,1,766.6666666666667,78.26086956521738,0.0
1926,true,-0.6619502417879062,1,766.6666666666667,78.26086956521738,0.0
1955,true,-0.6526210681429916,1,766.6666666666667,78.26086956521738,0.0
1987,true,-0.6489762416705958,1,766.6666666666667,78.26086956521738,78.26086956521738
2020,true,-0.643339577093144,1,766.6666666666667,78.26086956521738,78.26086956521738
2058,true,-0.6263691509856528,1,766.6666666666667,78.26086956521738,78.26086956521738
2090,true,-0.6002372996630072,1,766.6666666666667,78.26086956521738,78.26086956521738
2126,true,-0.5581449939673178,1,766.6666666666667,78.26086956521738,78.26086956521738
2155,true,-0.5102148693905235,1,766.6666666666667,78.26086956521738,78.26086956521738
2192,true,-0.4633574844578163,1,766.6666666666667,78.26086956521738,78.26086956521738
2222,true,-0.42561257363027494,1,766.6666666666667,78.26086956521738,78.26086956521738
2257,true,-0.3977657101327452,1,766.6666666666667,78.26086956521738,78.26086956521738
2288,true,-0.38907276525790735,1,766.6666666666667,78.26086956521738,78.26086956521738
2325,true,-0.38828114252874,1,766.6666666666667,78.26086956521738,78.26086956521738
2370,true,-0.3900439630075141,2,766.6666666666667,78.26086956521738,78.26086956521738
2387,true,-0.38417735610789805,2,766.6666666666667,78.26086956521738,78.26086956521738
2425,true,-0.3955477133353611,2,766.6666666666667,78.26086956521738,78.26086956521738
2458,true,-0.4453263170769901,2,766.6666666666667,78.26086956521738,78.26086956521738
2487,true,-0.5306435164096683,2,766.6666666666667,78.26086956521738,78.26086956521738
2529,true,-0.6301851026186398,2,766.6666666666667,78.26086956521738,78.26086956521738
2554,true,-0.7337968382475424,2,766.6666666666667,78.26086956521738,78.26086956521738
2592,true,-0.8195066244439033,2,766.6666666666667,78.26086956521738,78.26086956521738
2620,true,-0.8576109842030633,2,766.6666666666667,78.26086956521738,78.26086956521738
2658,true,-0.8592029981252836,2,766.6666666666667,78.26086956521738,78.26086956521738
2687,true,-0.8515267071890662,2,766.6666666666667,78.26086956521738,78.26086956521738
2725,true,-0.8512672494155709,2,766.6666666666667,78.26086956521738,78.26086956521738
2757,true,-0.8469925496870871,2,766.6666666666667,78.26086956521738,78.26086956521738
2792,true,-0.837616496707625,2,766.6666666666667,78.26086956521738,78.26086956521738
2820,true,-0.8164449043557909,2,766.6666666666667,78.26086956521738,78.26086956521738
2860,true,-0.7796997754786616,2,766.6666666666667,78.26086956521738,78.26086956521738
2886,true,-0.7208199116933258,2,766.6666666666667,78.26086956521738,78.26086956521738
2926,true,-0.6507613046170775,2,766.6666666666667,78.26086956521738,78.26086956521738
2956,true,-0.5828133448657411,2,766.6666666666667,78.26086956521738,78.26086956521738
2991,true,-0.5228265426964924,2,766.6666666666667,78.26086956521738,78.26086956521738
3021,true,-0.4706541185065589,2,766.6666666666667,78.26086956521738,78.26086956521738
3059,true,-0.43704688735687114,2,766.6666666666667,78.26086956521738,78.26086956521738
3090,true,-0.4093682005724588,2,766.6666666666667,78.26086956521738,78.26086956521738
3125,true,-0.36624590638476207,2,766.6666666666667,78.26086956521738,78.26086956521738
3153,true,-0.33303852240342735,2,766.6666666666667,78.26086956521738,78.26086956521738
3190,true,-0.34785018486201125,3,766.6666666666667,78.26086956521738,78.26086956521738
3225,true,-0.39369309938913943,3,766.6666666666667,78.26086956521738,78.26086956521738
3261,true,-0.46307835001664444,3,766.6666666666667,78.26086956521738,78.26086956521738
3290,true,-0.5538122907030356,3,766.6666666666667,78.26086956521738,78.26086956521738
3327,true,-0.6374657055648072,3,766.6666666666667,78.26086956521738,78.26086956521738
3360,true,-0.675007609117074,3,766.6666666666667,78.26086956521738,78.26086956521738
3386,true,-0.6740760526369058,3,766.6666666666667,78.26086956521738,78.26086956521738
3422,true,-0.6642910141225968,3,766.6666666666667,78.26086956521738,78.26086956521738
3455,true,-0.6606387497407695,3,766.6666666666667,78.26086956521738,78.26086956521738
3487,true,-0.6557762923385155,3,766.6666666666667,78.26086956521738,78.26086956521738
3526,true,-0.654192271325087,3,766.6666666666667,78.26086956521738,78.26086956521738
3557,true,-0.6539152035168172,3,766.6666666666667,78.26086956521738,78.26086956521738
3592,true,-0.6322203089208926,3,766.6666666666667,78.26086956521738,78.26086956521738
3623,true,-0.5897834180951804,3,766.6666666666667,78.26086956521738,78.26086956521738
3655,true,-0.5378406242618894,3,766.6666666666667,78.26086956521738,78.26086956521738
3688,true,-0.4853385442663978,3,766.6666666666667,78.26086956521738,78.26086956521738
3724,true,-0.4446314105796887,3,766.6666666666667,78.26086956521738,78.26086956521738
3752,true,-0.4130687798396764,3,766.6666666666667,78.26086956521738,78.26086956521738
3789,true,-0.38902412446429935,3,766.6666666666667,78.26086956521738,78.26086956521738
3819,true,-0.36759704657416137,3,766.6666666666667,78.26086956521738,78.26086956521738
3859,true,-0.3400164368829337,3,766.6666666666667,78.26086956521738,78.26086956521738
3889,true,-0.3011669044823293,3,766.6666666666667,78.26086956521738,78.26086956521738
3924,true,-0.27455073378948214,3,766.6666666666667,78.26086956521738,78.26086956521738
3952,true,-0.3042947640809075,4,766.6666666666667,78.26086956521738,78.26086956521738
3993,true,-0.3824806916700254,4,766.6666666666667,78.26086956521738,78.26086956521738
4019,true,-0.4853026652668859,4,766.6666666666667,78.26086956521738,78.26086956521738
4055,true,-0.6025372446351582,4,766.6666666666667,78.26086956521738,78.26086956521738
4087,true,-0.7034034506885973,4,766.6666666666667,78.26086956521738,78.26086956521738
4124,true,-0.7484529336313415,4,766.6666666666667,78.26086956521738,78.26086956521738
4158,true,-0.7486007689331018,4,766.6666666666667,78.26086956521738,78.26086956521738
4192,true,-0.7250981561597314,4,766.6666666666667,78.26086956521738,78.26086956521738
4218,true,-0.6947954859167567,4,766.6666666666667,78.26086956521738,78.26086956521738
4257,true,-0.6758096592650702,4,766.6666666666667,78.26086956521738,78.26086956521738
4289,true,-0.6611657081139413,4,766.6666666666667,78.26086956521738,78.26086956521738
4326,true,-0.6463087947869894,4,766.6666666666667,78.26086956521738,78.26086956521738
4359,true,-0.6268128543018179,4,766.6666666666667,78.26086956521738,78.26086956521738
4392,true,-0.5917238748149032,4,766.6666666666667,78.26086956521738,78.26086956521738
4419,true,-0.5388508918235573,4,766.6666666666667,78.26086956521738,78.26086956521738
4454,true,-0.4790678051627424,4,766.6666666666667,78.26086956521738,78.26086956521738
4488,true,-0.4214362515113521,4,766.6666666666667,78.26086956521738,78.26086956521738
4526,true,-0.36705854302658736,4,766.6666666666667,78.26086956521738,78.26086956521738
4555,true,-0.3278674981903862,4,766.6666666666667,78.26086956521738,78.26086956521738
4595,true,-0.30448750809168246,4,766.6666666666667,78.26086956521738,78.26086956521738
4622,true,-0.2773011868498827,4,766.6666666666667,78.26086956521738,78.26086956521738
4657,true,-0.2432062149944727,4,766.6666666666667,78.26086956521738,78.26086956521738
4689,true,-0.19955057011483746,4,766.6666666666667,78.26086956521738,78.26086956521738
4726,true,-0.1736003456758226,4,766.6666666666667,78.26086956521738,78.26086956521738
4756,true,-0.19982198513085336,4,766.6666666666667,78.26086956521738,78.26086956521738
4791,true,-0.27532640045615153,4,766.6666666666667,78.26086956521738,78.26086956521738
4824,true,-0.3779093094059647,4,766.6666666666667,78.26086956521738,78.26086956521738
4854,true,-0.49458732126717564,4,766.6666666666667,78.26086956521738,78.26086956521738
4887,true,-0.5897212255042064,4,766.6666666666667,78.26086956521738,78.26086956521738
4926,true,-0.6263339576354383,4,766.6666666666667,78.26086956521738,78.26086956521738
4957,true,-0.6240628071488743,4,766.6666666666667,78.26086956521738,78.26086956521738
4992,true,-0.6037417242343679,4,766.6666666666667,78.26086956521738,78.26086956521738
5029,true,-0.5912768208698935,4,766.6666666666667,78.26086956521738,78.26086956521738
5057,true,-0.5793753282374041,4,766.6666666666667,78.26086956521738,78.26086956521738
5086,true,-0.5721999136570446,4,766.6666666666667,78.26086956521738,78.26086956521738
5121,true,-0.5599250514297012,4,766.6666666666667,78.26086956521738,78.26086956521738
5151,true,-0.5435671442416208,4,766.6666666666667,78.26086956521738,78.26086956521738
5187,true,-0.507983398148383,4,766.6666666666667,78.26086956521738,78.26086956521738
5223,true,-0.46420865842858916,4,766.6666666666667,78.26086956521738,78.26086956521738
5251,true,-0.4150588179595047,4,766.6666666666667,78.26086956521738,78.26086956521738
5287,true,-0.3702505720476097,4,766.6666666666667,78.26086956521738,78.26086956521738
5319,true,-0.3326755484261241,4,766.6666666666667,78.26086956521738,78.26086956521738
5356,true,-0.3127147809234998,4,766.6666666666667,78.26086956521738,78.26086956521738
5398,true,-0.29797758189758383,4,766.6666666666667,78.26086956521738,78.26086956521738
5418,true,-0.2837491345710248,4,766.6666666666667,78.26086956521738,78.26086956521738
5455,true,-0.2555404794117351,4,766.6666666666667,78.26086956521738,78.26086956521738
5484,true,-0.23148859665346322,4,766.6666666666667,78.26086956521738,78.26086956521738
5521,true,-0.24175155517514213,5,766.6666666666667,78.26086956521738,78.26086956521738
5551,true,-0.30134223481860545,5,766.6666666666667,78.26086956521738,78.26086956521738
5586,true,-0.38749941420587675,5,766.6666666666667,78.26086956521738,78.26086956521738
5621,true,-0.4987997991823647,5,766.6666666666667,78.26086956521738,78.26086956521738
5654,true,-0.6008381815959183,5,766.6666666666667,78.26086956521738,78.26086956521738
5689,true,-0.6624574531191456,5,766.6666666666667,78.26086956521738,78.26086956521738
5721,true,-0.6740068159164139,5,766.6666666666667,78.26086956521738,78.26086956521738
5756,true,-0.6584089371040704,5,766.6666666666667,78.26086956521738,78.26086956521738
5791,true,-0.6340903729195873,5,766.6666666666667,78.26086956521738,78.26086956521738
5820,true,-0.6108650980251014,5,766.6666666666667,78.26086956521738,78.26086956521738
5857,true,-0.5901952964094335,5,766.6666666666667,78.26086956521738,78.26086956521738
5889,true,-0.5760905587672198,5,766.6666666666667,78.26086956521738,78.26086956521738
5924,true,-0.5583508056336939,5,766.6666666666667,78.26086956521738,78.26086956521738
5955,true,-0.5273608042232638,5,766.6666666666667,78.26086956521738,78.26086956521738
5991,true,-0.4770745339461939,5,766.6666666666667,78.26086956521738,78.26086956521738
6021,true,-0.41696927777582005,5,766.6666666666667,78.26086956521738,78.26086956521738
6058,true,-0.35312718817800715,5,766.6666666666667,78.26086956521738,78.26086956521738
6089,true,-0.2886739256002784,5,766.6666666666667,78.26086956521738,78.26086956521738
6123,true,-0.23209207528293518,5,766.6666666666667,78.26086956521738,78.26086956521738
6156,true,-0.18840592878009943,5,766.6666666666667,78.26086956521738,78.26086956521738
6192,true,-0.1402696547616813,5,766.6666666666667,78.26086956521738,78.26086956521738
6219,true,-0.0997954987317371,5,766.6666666666667,78.26086956521738,78.26086956521738
6257,true,-0.10958978324461555,5,766.6666666666667,78.26086956521738,78.26086956521738
6290,true,-0.16636982424293478,5,766.6666666666667,78.26086956521738,78.26086956521738
6323,true,-0.25327439007179464,5,766.6666666666667,78.26086956521738,78.26086956521738
6352,true,-0.36129286614203693,5,766.6666666666667,78.26086956521738,78.26086956521738
6387,true,-0.45745303047391417,5,766.6666666666667,78.26086956521738,78.26086956521738
6417,true,-0.5056681603920197,5,766.6666666666667,78.26086956521738,78.26086956521738
6461,true,-0.5067860632425152,5,766.6666666666667,78.26086956521738,78.26086956521738
6490,true,-0.48798277389568057,5,766.6666666666667,78.26086956521738,78.26086956521738
6522,true,-0.46753487011034167,5,766.6666666666667,78.26086956521738,78.26086956521738
6557,true,-0.4572894782668584,5,766.6666666666667,78.26086956521738,78.26086956521738
6589,true,-0.4517225590714702,5,766.6666666666667,78.26086956521738,78.26086956521738
6622,true,-0.4478005319764691,5,766.6666666666667,78.26086956521738,78.26086956521738
6658,true,-0.434643356077828,5,766.6666666666667,78.26086956521738,78.26086956521738
6685,true,-0.401677270050925,5,766.6666666666667,78.26086956521738,78.26086956521738
6719,true,-0.35173699629774546,5,766.6666666666667,78.26086956521738,78.26086956521738
6753,true,-0.30091309697979796,5,766.6666666666667,78.26086956521738,78.26086956521738
6792,true,-0.2454993369634053,5,766.6666666666667,78.26086956521738,78.26086956521738
6826,true,-0.18547210350425303,5,766.6666666666667,78.26086956521738,78.26086956521738
6857,true,-0.13826634373285174,5,766.6666666666667,78.26086956521738,78.26086956521738
6891,true,-0.10091447027815548,5,766.6666666666667,78.26086956521738,78.26086956521738
6928,true,-0.05850599849077298,5,766.6666666666667,78.26086956521738,78.26086956521738
6955,true,-0.021806439070218175,5,766.6666666666667,78.26086956521738,78.26086956521738
6991,true,-0.023343301075101408,5,766.6666666666667,78.26086956521738,78.26086956521738
7018,true,-0.08094076218736745,5,766.6666666666667,78.26086956521738,78.26086956521738
7059,true,-0.1817785020028566,5,766.6666666666667,78.26086956521738,78.26086956521738
7089,true,-0.3098551830901215,5,766.6666666666667,78.26086956521738,78.26086956521738
7118,true,-0.44652883669678545,5,766.6666666666667,78.26086956521738,78.26086956521738
7156,true,-0.5474004564073027,5,766.6666666666667,78.26086956521738,78.26086956521738
7192,true,-0.5886476201087589,5,766.6666666666667,78.26086956521738,78.26086956521738
7218,true,-0.5826429633727912,5,766.6666666666667,78.26086956521738,78.26086956521738
7254,true,-0.5586064985360792,5,766.6666666666667,78.26086956521738,78.26086956521738
7293,true,-0.5247337022738634,5,766.6666666666667,78.26086956521738,78.26086956521738
7321,true,-0.49430585044046893,5,766.6666666666667,78.26086956521738,78.26086956521738
7356,true,-0.46098330359745887,5,766.6666666666667,78.26086956521738,78.26086956521738
7393,true,-0.42603756249931735,5,766.6666666666667,78.26086956521738,78.26086956521738
7418,true,-0.37850597840846945,5,766.6666666666667,78.26086956521738,78.26086956521738
7460,true,-0.3197083671454948,5,766.6666666666667,78.26086956521738,78.26086956521738
7492,true,-0.25774710942710044,5,766.6666666666667,78.26086956521738,78.26086956521738
7525,true,-0.19241329850621014,5,766.6666666666667,78.26086956521738,78.26086956521738
7550,true,-0.12472925607619345,5,766.6666666666667,78.26086956521738,78.26086956521738
7592,true,-0.06126739020504601,5,766.6666666666667,78.26086956521738,78.26086956521738
7626,true,-0.011346680759601213,5,766.6666666666667,78.26086956521738,78.26086956521738
7657,true,0.03388870897350671,5,766.6666666666667,78.26086956521738,78.26086956521738
7688,true,0.07905080332145076,5,766.6666666666667,78.26086956521738,78.26086956521738
7725,true,0.11356562716198937,5,766.6666666666667,78.26086956521738,78.26086956521738
7757,true,0.10365228063642462,6,766.6666666666667,78.26086956521738,78.26086956521738
7788,true,0.037016532254938284,6,766.6666666666667,78.26086956521738,78.26086956521738
7826,true,-0.07066741617856565,6,766.6666666666667,78.26086956521738,78.26086956521738
7860,true,-0.20969276866415498,6,766.6666666666667,78.26086956521738,78.26086956521738
7886,true,-0.3501507949933398,6,766.6666666666667,78.26086956521738,78.26086956521738
7925,true,-0.4444180615166715,6,766.6666666666667,78.26086956521738,78.26086956521738
7956,true,-0.47372296645687584,6,766.6666666666667,78.26086956521738,78.26086956521738
7999,true,-0.46257509959642107,6,766.6666666666667,78.26086956521738,78.26086956521738
8019,true,-0.44055271254720196,6,766.6666666666667,78.26086956521738,78.26086956521738
8057,true,-0.4190498719270579,6,766.6666666666667,78.26086956521738,78.26086956521738
8092,true,-0.40623259384702237,6,766.6666666666667,78.26086956521738,78.26086956521738
8122,true,-0.40064448126861407,6,766.6666666666667,78.26086956521738,78.26086956521738
8155,true,-0.39217348771373395,6,766.6666666666667,78.26086956521738,78.26086956521738
8185,true,-0.36387571488140225,6,766.6666666666667,78.26086956521738,78.26086956521738
8217,true,-0.3354595858560856,6,766.6666666666667,78.26086956521738,78.26086956521738
8259,true,-0.29635737057267875,6,766.6666666666667,78.26086956521738,78.26086956521738
8294,true,-0.24849273961135054,6,766.6666666666667,78.26086956521738,78.26086956521738
8320,true,-0.20548642452078525,6,766.6666666666667,78.26086956521738,78.26086956521738
8355,true,-0.1636051978181854,6,766.6666666666667,78.26086956521738,78.26086956521738
8387,true,-0.10988893241705,6,766.6666666666667,78.26086956521738,78.26086956521738
8447,true,-0.06543303706746428,6,766.6666666666667,78.26086956521738,78.26086956521738
8456,true,-0.01712968148666505,6,766.6666666666667,78.26086956521738,78.26086956521738
8490,true,0.020023204146497164,6,766.6666666666667,78.26086956521738,78.26086956521738
8523,true,0.01124645475178454,7,766.6666666666667,78.26086956521738,78.26086956521738
8554,true,-0.05902124979030532,7,766.6666666666667,78.26086956521738,78.26086956521738
8591,true,-0.1542449219246862,7,766.6666666666667,78.26086956521738,78.26086956521738
8622,true,-0.27071018914830347,7,766.6666666666667,78.26086956521738,78.26086956521738
8655,true,-0.37220357824665484,7,766.6666666666667,78.26086956521738,78.26086956521738
8688,true,-0.42968476134777234,7,766.6666666666667,78.26086956521738,78.26086956521738
8722,true,-0.43221399777053193,7,766.6666666666667,78.26086956521738,78.26086956521738
8759,true,-0.41337302268280496,7,766.6666666666667,78.26086956521738,78.26086956521738
8790,true,-0.3886777170523317,7,766.6666666666667,78.26086956521738,78.26086956521738
8823,true,-0.36679093633142656,7,766.6666666666667,78.26086956521738,78.26086956521738
8856,true,-0.34766578795034775,7,766.6666666666667,78.26086956521738,78.26086956521738
8893,true,-0.3287424012929705,7,766.6666666666667,78.26086956521738,78.26086956521738
8922,true,-0.2992466779378731,7,766.6666666666667,78.26086956521738,78.26086956521738
8956,true,-0.25961855252259625,7,766.6666666666667,78.26086956521738,78.26086956521738
8992,true,-0.21047708422011624,7,766.6666666666667,78.26086956521738,78.26086956521738
9023,true,-0.16038609857400843,7,766.6666666666667,78.26086956521738,78.26086956521738
9054,true,-0.11060237975175369,7,766.6666666666667,78.26086956521738,78.26086956521738
9088,true,-0.07304036319720808,7,766.6666666666667,78.26086956521738,78.26086956521738
9120,true,-0.04368237438404776,7,766.6666666666667,78.26086956521738,78.26086956521738
9150,true,-0.021297864672561673,7,766.6666666666667,78.26086956521738,78.26086956521738
9186,true,-0.004717729638457513,7,766.6666666666667,78.26086956521738,78.26086956521738
9217,true,-0.01737069141844927,9,766.6666666666667,78.26086956521738,78.26086956521738
9255,true,-0.07130228331644162,9,766.6666666666667,78.26086956521738,78.26086956521738
9284,true,-0.1525446476366028,9,766.6666666666667,78.26086956521738,78.26086956521738
9319,true,-0.2436977188435776,9,766.6666666666667,78.26086956521738,78.26086956521738
9350,true,-0.331889196672023,9,766.6666666666667,78.26086956521738,78.26086956521738
9388,true,-0.3933190689268997,9,766.6666666666667,78.26086956521738,78.26086956521738
9420,true,-0.4026194975445492,9,766.6666666666667,78.26086956521738,78.26086956521738
9457,true,-0.3783619619624403,9,766.6666666666667,78.26086956521738,78.26086956521738
9489,true,-0.3584523294050257,9,766.6666666666667,78.26086956521738,78.26086956521738
9520,true,-0.35060650326582277,9,766.6666666666667,78.26086956521738,78.26086956521738
9558,true,-0.34472847666103235,9,766.6666666666667,78.26086956521738,78.26086956521738
9590,true,-0.34267275928806384,9,766.6666666666667,78.26086956521738,78.26086956521738
9620,true,-0.3353599406404726,9,766.6666666666667,78.26086956521738,78.26086956521738
9657,true,-0.3122778825162129,9,766.6666666666667,78.26086956521738,78.26086956521738
9692,true,-0.27095999098813195,9,766.6666666666667,78.26086956521738,78.26086956521738
9725,true,-0.21720097436806896,9,766.6666666666667,78.26086956521738,78.26086956521738
9753,true,-0.16613210792513655,9,766.6666666666667,78.26086956521738,78.26086956521738
9789,true,-0.12656737090898673,9,766.6666666666667,78.26086956521738,78.26086956521738
9819,true,-0.09825226718356816,9,766.6666666666667,78.26086956521738,78.26086956521738
9852,true,-0.08683343902629304,9,766.6666666666667,78.26086956521738,78.26086956521738
9887,true,-0.08549024568114305,9,766.6666666666667,78.26086956521738,78.26086956521738
9921,true,-0.09120171522806686,12,766.6666666666667,78.26086956521738,78.26086956521738
9955,true,-0.1305934146888319,12,766.6666666666667,78.26086956521738,78.26086956521738
9990,true,-0.2147103699652746,12,766.6666666666667,78.26086956521738,78.26086956521738
10026,true,-0.3105993257563284,12,766.6666666666667,78.26086956521738,78.26086956521738
10051,true,-0.41179000204579097,12,766.6666666666667,78.26086956521738,78.26086956521738
10086,true,-0.5014340766902592,12,766.6666666666667,78.26086956521738,78.26086956521738
10115,true,-0.5447476037574575,12,766.6666666666667,78.26086956521738,78.26086956521738
10156,true,-0.5411392868990106,12,766.6666666666667,78.26086956521738,78.26086956521738
10187,true,-0.5147921339749644,12,766.6666666666667,78.26086956521738,78.26086956521738
10224,true,-0.49267828102111366,12,766.6666666666667,78.26086956521738,78.26086956521738
10254,true,-0.49299499563534255,12,766.6666666666667,78.26086956521738,78.26086956521738
10288,true,-0.5020603731595656,12,766.6666666666667,78.26086956521738,78.26086956521738
10323,true,-0.5038564390160047,12,766.6666666666667,78.26086956521738,78.26086956521738
10352,true,-0.5039223178219459,12,766.6666666666667,78.26086956521738,78.26086956521738
10392,true,-0.4818848642526632,12,766.6666666666667,78.26086956521738,78.26086956521738
10424,true,-0.431383121353349,12,766.6666666666667,78.26086956521738,78.26086956521738
10467,true,-0.3644331716292868,12,766.6666666666667,78.26086956521738,78.26086956521738
10485,true,-0.28833649134469397,12,766.6666666666667,78.26086956521738,78.26086956521738
10522,true,-0.21252860662758621,12,766.6666666666667,78.26086956521738,78.26086956521738
10558,true,-0.16019358002949957,12,766.6666666666667,78.26086956521738,78.26086956521738
10587,true,-0.12659866880815684,12,766.6666666666667,78.26086956521738,78.26086956521738
10616,true,-0.10298360704030074,12,766.6666666666667,78.26086956521738,78.26086956521738
10653,true,-0.0852858434549546,12,766.6666666666667,78.26086956521738,78.26086956521738
10693,true,-0.06940098640956194,12,766.6666666666667,78.26086956521738,78.26086956521738
10721,true,-0.07424529867532215,13,766.6666666666667,78.26086956521738,78.26086956521738
10757,true,-0.1136902336329797,13,766.6666666666667,78.26086956521738,78.26086956521738
10787,true,-0.19369115408449034,13,766.6666666666667,78.26086956521738,78.26086956521738
10820,true,-0.29032798970246176,12,766.6666666666667,78.26086956521738,78.26086956521738
10847,true,-0.3868636069065019,12,766.6666666666667,78.26086956521738,78.26086956521738
10887,true,-0.44300379941955725,12,766.6666666666667,78.26086956521738,78.26086956521738
10921,true,-0.4497292946514051,12,766.6666666666667,78.26086956521738,78.26086956521738
10957,true,-0.418667177538083,12,766.6666666666667,78.26086956521738,78.26086956521738
10987,true,-0.37840690627493245,12,766.6666666666667,78.26086956521738,78.26086956521738
11019,true,-0.336940275062517,12,766.6666666666667,78.26086956521738,78.26086956521738
11056,true,-0.3072262099496754,12,766.6666666666667,78.26086956521738,78.26086956521738
11082,true,-0.28196005978932703,12,766.6666666666667,78.26086956521738,78.26086956521738
11119,true,-0.2508985269075197,12,766.6666666666667,78.26086956521738,78.26086956521738
11152,true,-0.21456955139890965,12,766.6666666666667,78.26086956521738,78.26086956521738
11184,true,-0.17022396187638833,12,766.6666666666667,78.26086956521738,78.26086956521738
11221,true,-0.12200880764373778,12,766.6666666666667,78.26086956521738,78.26086956521738
11258,true,-0.07947444139713866,12,766.6666666666667,78.26086956521738,78.26086956521738
11288,true,-0.040349165641885065,12,766.6666666666667,78.26086956521738,78.26086956521738
11324,true,-0.005548437170403986,12,766.6666666666667,78.26086956521738,78.26086956521738
11351,true,0.01508917341891447,12,766.6666666666667,78.26086956521738,78.26086956521738
11385,true,0.03921912045527165,12,766.6666666666667,78.26086956521738,78.26086956521738
11422,true,0.07217929511378429,12,766.6666666666667,78.26086956521738,78.26086956521738
11458,true,0.09654508050047639,12,766.6666666666667,78.26086956521738,78.26086956521738
11490,true,0.13095349517473664,12,766.6666666666667,78.26086956521738,78.26086956521738
11523,true,0.1617833669371862,12,766.6666666666667,78.26086956521738,78.26086956521738
11556,true,0.15805015346285245,12,766.6666666666667,78.26086956521738,78.26086956521738
11583,true,0.10400516316119024,12,766.6666666666667,78.26086956521738,78.26086956521738
11623,true,0.01957758639957774,12,766.6666666666667,78.26086956521738,78.26086956521738
11655,true,-0.09543531875695521,12,766.6666666666667,78.26086956521738,78.26086956521738
11688,true,-0.21076431483990632,12,766.6666666666667,78.26086956521738,78.26086956521738
11721,true,-0.3068146494879045,12,766.6666666666667,78.26086956521738,78.26086956521738
11751,true,-0.3605755846755301,12,766.6666666666667,78.26086956521738,78.26086956521738
11784,true,-0.3780257595792307,12,766.6666666666667,78.26086956521738,78.26086956521738
11819,true,-0.37719791128796487,12,766.6666666666667,78.26086956521738,78.26086956521738
11856,true,-0.36685492463047353,12,766.6666666666667,78.26086956521738,78.26086956521738
11884,true,-0.3509708513855401,12,766.6666666666667,78.26086956521738,78.26086956521738
11922,true,-0.3361082669397888,12,766.6666666666667,78.26086956521738,78.26086956521738
11954,true,-0.32133570936341016,12,766.6666666666667,78.26086956521738,78.26086956521738
11989,true,-0.28964757690087595,12,766.6666666666667,78.26086956521738,78.26086956521738
12019,true,-0.25844600896877523,12,766.6666666666667,78.26086956521738,78.26086956521738
12054,true,-0.22272552280006153,12,766.6666666666667,78.26086956521738,78.26086956521738
12082,true,-0.18341895402613773,12,766.6666666666667,78.26086956521738,78.26086956521738
12122,true,-0.14108679665929458,12,766.6666666666667,78.26086956521738,78.26086956521738
12154,true,-0.12547423577132122,12,766.6666666666667,78.26086956521738,78.26086956521738
12191,true,-0.11024407337242792,12,766.6666666666667,78.26086956521738,78.26086956521738
12232,true,-0.09222730403564583,12,766.6666666666667,78.26086956521738,78.26086956521738
12252,true,-0.07210867287847122,12,766.6666666666667,78.26086956521738,78.26086956521738
12289,true,-0.04419823997710637,12,766.6666666666667,78.26086956521738,78.26086956521738
12318,true,-0.000492480591134381,12,766.6666666666667,78.26086956521738,78.26086956521738
12350,true,0.012451324960181864,11,766.6666666666667,78.26086956521738,78.26086956521738
12383,true,-0.021312246754661146,12,766.6666666666667,78.26086956521738,78.26086956521738
12424,true,-0.08348845670934679,12,766.6666666666667,78.26086956521738,78.26086956521738
12456,true,-0.17431345185627833,12,766.6666666666667,78.26086956521738,78.26086956521738
12498,true,-0.26896943052736333,12,766.6666666666667,78.26086956521738,78.26086956521738
12524,true,-0.3361223989864186,12,766.6666666666667,78.26086956521738,78.26086956521738
12551,true,-0.346032074974886,12,766.6666666666667,78.26086956521738,78.26086956521738
12583,true,-0.3226322176400913,12,766.6666666666667,78.26086956521738,78.26086956521738
12620,true,-0.2871303816426405,12,766.6666666666667,78.26086956521738,78.26086956521738
12653,true,-0.2556087566764802,12,766.6666666666667,78.26086956521738,78.26086956521738
12683,true,-0.2231897805450842,12,766.6666666666667,78.26086956521738,78.26086956521738
12717,true,-0.20536265203480752,12,766.6666666666667,78.26086956521738,78.26086956521738
12754,true,-0.18970337613063748,12,766.6666666666667,78.26086956521738,78.26086956521738
12787,true,-0.16632178725376434,12,766.6666666666667,78.26086956521738,78.26086956521738
12820,true,-0.12969481438742037,12,766.6666666666667,78.26086956521738,78.26086956521738
12852,true,-0.086329149435727,12,766.6666666666667,78.26086956521738,78.26086956521738
12886,true,-0.0373648631386061,12,766.6666666666667,78.26086956521738,78.26086956521738
12919,true,0.015035551003848013,12,766.6666666666667,78.26086956521738,78.26086956521738
12950,true,0.06363821886549204,12,766.6666666666667,78.26086956521738,78.26086956521738
12989,true,0.10840075902700619,12,766.6666666666667,78.26086956521738,78.26086956521738
13022,true,0.15098446472180171,12,766.6666666666667,78.26086956521738,78.26086956521738
13052,true,0.19313455676837066,12,766.6666666666667,78.26086956521738,78.26086956521738
13083,true,0.23624822189091788,12,766.6666666666667,78.26086956521738,78.26086956521738
13121,true,0.2939571256610236,11,766.6666666666667,78.26086956521738,78.26086956521738
13152,true,0.31481344317984394,11,766.6666666666667,78.26086956521738,78.26086956521738
13183,true,0.2839631018820796,12,766.6666666666667,78.26086956521738,78.26086956521738
13225,true,0.2212715089418964,12,766.6666666666667,78.26086956521738,78.26086956521738
13256,true,0.12930276409269936,12,766.6666666666667,78.26086956521738,78.26086956521738
13287,true,0.016970232883949166,12,766.6666666666667,78.26086956521738,78.26086956521738
13320,true,-0.06363079400301785,12,766.6666666666667,78.26086956521738,78.26086956521738
13354,true,-0.09013995239357087,12,766.6666666666667,78.26086956521738,78.26086956521738
13387,true,-0.08376849097513173,12,766.6666666666667,78.26086956521738,78.26086956521738
13452,true,-0.0636735016210821,12,766.6666666666667,78.26086956521738,78.26086956521738
13486,true,-0.03720370750906454,12,766.6666666666667,78.26086956521738,78.26086956521738
13522,true,-0.008612969506060608,12,766.6666666666667,78.26086956521738,78.26086956521738
13556,true,0.01524847644944316,12,766.6666666666667,78.26086956521738,78.26086956521738
13581,true,0.04875834034004356,12,766.6666666666667,78.26086956521738,78.26086956521738
13616,true,0.10783014774025901,12,766.6666666666667,78.26086956521738,78.26086956521738
13654,true,0.1697805935811516,12,766.6666666666667,78.26086956521738,78.26086956521738
13687,true,0.23494762938261715,12,766.6666666666667,78.26086956521738,78.26086956521738
13721,true,0.30286933508028824,12,766.6666666666667,78.26086956521738,78.26086956521738
13753,true,0.35503641850158374,12,766.6666666666667,78.26086956521738,78.26086956521738
13785,true,0.3904028975279914,12,766.6666666666667,78.26086956521738,78.26086956521738
13823,true,0.4275908297960882,12,766.6666666666667,78.26086956521738,78.26086956521738
13852,true,0.46114223775646224,12,766.6666666666667,78.26086956521738,78.26086956521738
13891,true,0.4943112375756016,12,766.6666666666667,78.26086956521738,78.26086956521738
13919,true,0.540012398883988,11,766.6666666666667,78.26086956521738,78.26086956521738
13954,true,0.5843853386537603,11,766.6666666666667,78.26086956521738,78.26086956521738
13985,true,0.5957857981096595,11,766.6666666666667,78.26086956521738,78.26086956521738
14021,true,0.5537173457906306,12,766.6666666666667,78.26086956521738,78.26086956521738
14049,true,0.46163676559115174,12,766.6666666666667,78.26086956521738,78.26086956521738
14087,true,0.3287553654224098,12,766.6666666666667,78.26086956521738,78.26086956521738
14116,true,0.1949608594730705,12,766.6666666666667,78.26086956521738,78.26086956521738
14156,true,0.08898529924863396,12,766.6666666666667,78.26086956521738,78.26086956521738
14185,true,0.02548259284606047,12,766.6666666666667,78.26086956521738,78.26086956521738
14222,true,0.01310590843397108,12,766.6666666666667,78.26086956521738,78.26086956521738
14252,true,0.02933392372673893,12,766.6666666666667,78.26086956521738,78.26086956521738
14287,true,0.03711499495443604,12,766.6666666666667,78.26086956521738,78.26086956521738
14319,true,0.04066312453488763,12,766.6666666666667,78.26086956521738,78.26086956521738
14354,true,0.04580351108876357,12,766.6666666666667,78.26086956521738,78.26086956521738
14386,true,0.05264232229620802,12,766.6666666666667,78.26086956521738,78.26086956521738
14422,true,0.06240140694831098,12,766.6666666666667,78.26086956521738,78.26086956521738
14454,true,0.08306592912171595,12,766.6666666666667,78.26086956521738,78.26086956521738
14488,true,0.11391192252185078,12,766.6666666666667,78.26086956521738,78.26086956521738
14522,true,0.14834765575241704,12,766.6666666666667,78.26086956521738,78.26086956521738
14553,true,0.17990867464922644,12,766.6666666666667,78.26086956521738,78.26086956521738
14590,true,0.20619853127371357,12,766.6666666666667,78.26086956521738,78.26086956521738
14623,true,0.22230123926252077,12,766.6666666666667,78.26086956521738,78.26086956521738
14655,true,0.2251631498410802,12,766.6666666666667,78.26086956521738,78.26086956521738
14683,true,0.22660277430975384,12,766.6666666666667,78.26086956521738,78.26086956521738
14723,true,0.2279437252932155,11,766.6666666666667,78.26086956521738,78.26086956521738
14756,true,0.23945759333989258,11,766.6666666666667,78.26086956521738,78.26086956521738
14791,true,0.2510184021183761,11,766.6666666666667,78.26086956521738,78.26086956521738
14819,true,0.23666053775474438,11,766.6666666666667,78.26086956521738,78.26086956521738
14854,true,0.1803875432619293,11,766.6666666666667,78.26086956521738,78.26086956521738
14889,true,0.07704062189230854,11,766.6666666666667,78.26086956521738,78.26086956521738
14922,true,-0.06338132052206902,12,800.0,75.0,78.26086956521738
14956,true,-0.19692544232358955,12,800.0,75.0,78.19565217391303
14986,true,-0.2860918473158165,12,800.0,75.0,78.13173913043477
15020,true,-0.32154638868860275,12,800.0,75.0,78.06910434782607
15050,true,-0.31750153260895786,12,800.0,75.0,78.00772226086954
15088,true,-0.29179871475332675,12,800.0,75.0,77.94756781565215
15123,true,-0.27760036949362643,12,800.0,75.0,77.8886164593391
15155,true,-0.28926676765311754,12,800.0,75.0,77.83084413015231
15184,true,-0.30786849850488807,12,800.0,75.0,77.77422724754926
15223,true,-0.31653374183602523,12,800.0,75.0,77.71874270259828
15251,true,-0.3056304076741583,12,800.0,75.0,77.6643678485463
15285,true,-0.27184452549875004,12,800.0,75.0,77.61108049157538
15323,true,-0.21353502786419654,12,800.0,75.0,77.55885888174387
15352,true,-0.14025827727314777,12,800.0,75.0,77.50768170410899
15387,true,-0.06694388985167166,12,800.0,75.0,77.45752807002681
15421,true,-0.0005572380383966902,12,800.0,75.0,77.40837750862627
15451,true,0.056203299881360635,12,800.0,75.0,77.36020995845375
15485,true,0.10633861832457114,11,800.0,75.0,77.31300575928468
15528,true,0.15085300877316854,11,800.0,75.0,77.26674564409899
15555,true,0.18991137422472093,11,800.0,75.0,77.221410731217
15588,true,0.19251273465286545,11,800.0,75.0,77.17698251659266
15620,true,0.15242671463096258,12,800.0,75.0,77.13344286626081
15657,true,0.06655376484616227,12,800.0,75.0,77.0907740089356
15687,true,-0.05023049179294503,12,800.0,75.0,77.04895852875688
15717,true,-0.1689515195446063,12,800.0,75.0,77.00797935818174
15753,true,-0.2520943488884768,12,800.0,75.0,76.9678197710181
15784,true,-0.2868386848427349,12,800.0,75.0,76.92846337559773
15821,true,-0.27252959337334914,12,800.0,75.0,76.88989410808577
15852,true,-0.24290422462215133,12,800.0,75.0,76.85209622592406
15887,true,-0.2189993465669886,12,800.0,75.0,76.81505430140558
15924,true,-0.20278954965723983,12,800.0,75.0,76.77875321537746
15953,true,-0.19792005051687056,12,800.0,75.0,76.74317815106991
15984,true,-0.19612033754532376,12,800.0,75.0,76.70831458804851
16022,true,-0.1772243902527748,12,800.0,75.0,76.67414829628754
16054,true,-0.13525786567964815,12,800.0,75.0,76.64066533036178
16086,true,-0.07764420191395516,12,800.0,75.0,76.60785202375455
16118,true,-0.010348725080206123,12,800.0,75.0,76.57569498327945
16152,true,0.05954037019989755,12,800.0,75.0,76.54418108361386
16187,true,0.12723436658154696,12,800.0,75.0,76.51329746194159
16218,true,0.18120301701591757,9,800.0,75.0,76.48303151270275
16254,true,0.22787424818088198,9,800.0,75.0,76.4533708824487
16289,true,0.2765548730185685,9,800.0,75.0,76.42430346479972
16323,true,0.3180077736291764,9,800.0,75.0,76.39581739550373
16355,true,0.3142161053945074,12,800.0,75.0,76.36790104759365
16419,true,0.21753913583680173,12,800.0,75.0,76.34054302664177
16454,true,0.10043978534218923,12,800.0,75.0,76.31373216610893
16485,true,-0.023151186609055685,12,800.0,75.0,76.28745752278675
16516,true,-0.1416084960891908,12,800.0,75.0,76.26170837233101
16552,true,-0.21667076315711142,12,800.0,75.0,76.23647420488439
16589,true,-0.19641913709841674,12,800.0,75.0,76.2117447207867
16616,true,-0.16563978552389358,12,800.0,75.0,76.18750982637096
16656,true,-0.13994781853514837,12,800.0,75.0,76.16375962984354
16683,true,-0.12411129365386842,12,800.0,75.0,76.14048443724667
16721,true,-0.1120152838788897,12,800.0,75.0,76.11767474850174
16755,true,-0.09886744242510304,12,800.0,75.0,76.09532125353171
16784,true,-0.06479472244367912,12,800.0,75.0,76.07341482846107
16827,true,-0.019519598370237645,12,800.0,75.0,76.05194653189184
16851,true,0.03751208007062701,12,800.0,75.0,76.030907601254
16885,true,0.1032884353097927,12,800.0,75.0,76.01028944922892
16919,true,0.1706238219843499,12,800.0,75.0,75.99008366024434
16952,true,0.2248886398434422,12,800.0,75.0,75.97028198703946
16988,true,0.2712085967845326,11,800.0,75.0,75.95087634729866
17026,true,0.3148228264496993,11,800.0,75.0,75.93185882035269
17054,true,0.34802757920405725,11,800.0,75.0,75.91322164394563
17084,true,0.38072755998808816,11,800.0,75.0,75.89495721106672
17117,true,0.4087375415437009,11,800.0,75.0,75.8770580668454
17154,true,0.38583840345623344,12,800.0,75.0,75.85951690550849
17190,true,0.30142342835358704,12,800.0,75.0,75.84232656739832
17221,true,0.18266084296973872,12,800.0,75.0,75.82548003605035
17251,true,0.041924893266639174,12,800.0,75.0,75.80897043532934
17282,true,-0.08910741980400871,12,800.0,75.0,75.79279102662275
17322,true,-0.1607012776663339,12,800.0,75.0,75.7769352060903
17353,true,-0.1749955847971023,12,800.0,75.0,75.76139650196849
17386,true,-0.14704628374400386,12,800.0,75.0,75.74616857192912
17434,true,-0.10497332505696022,12,800.0,75.0,75.73124520049053
17458,true,-0.07381706086906092,12,800.0,75.0,75.71662029648073
17483,true,-0.05027055024348215,12,800.0,75.0,75.7022878905511
17519,true,-0.026869916062679522,12,800.0,75.0,75.68824213274009
17557,true,-0.007001682043579649,12,800.0,75.0,75.67447729008528
17586,true,0.02321315314904382,12,800.0,75.0,75.66098774428357
17622,true,0.06653946370317954,12,800.0,75.0,75.6477679893979
17647,true,0.1203306602229759,12,800.0,75.0,75.63481262960994
17682,true,0.17933783263762848,12,800.0,75.0,75.62211637701773
17716,true,0.23696133598025426,12,800.0,75.0,75.60967404947738
17751,true,0.2891326701438004,11,800.0,75.0,75.59748056848782
17786,true,0.3369860654961201,11,800.0,75.0,75.58553095711807
17819,true,0.37381261989952463,11,800.0,75.0,75.5738203379757
17852,true,0.4132878310669241,11,800.0,75.0,75.56234393121619
17887,true,0.4589146182397883,11,800.0,75.0,75.55109705259187
17919,true,0.5188756522230733,11,800.0,75.0,75.54007511154003
17956,true,0.547425508698268,11,800.0,75.0,75.52927360930923
17985,true,0.5122943231793897,12,800.0,75.0,75.51868813712305
18017,true,0.407901898803658,12,800.0,75.0,75.50831437438059
18055,true,0.26136150697308835,12,800.0,75.0,75.49814808689298
18088,true,0.08543563728687786,12,800.0,75.0,75.48818512515513
18117,true,-0.05496774479306055,12,800.0,75.0,75.47842142265202
18152,true,-0.1227338988989004,12,800.0,75.0,75.46885299419898
18185,true,-0.12540339855451066,12,800.0,75.0,75.45947593431501
18217,true,-0.09849565691271778,12,800.0,75.0,75.45028641562871
18255,true,-0.06633125007888907,12,800.0,75.0,75.44128068731614
18284,true,-0.05610610295047991,12,800.0,75.0,75.43245507356981
18318,true,-0.060172498647034445,12,800.0,75.0,75.42380597209842
18350,true,-0.06189061227181014,12,800.0,75.0,75.41532985265646
18382,true,-0.05327306272488386,12,800.0,75.0,75.40702325560332
18418,true,-0.03085734693272002,12,800.0,75.0,75.39888279049126
18457,true,0.006647101089356511,12,800.0,75.0,75.39090513468143
18485,true,0.05356517085971291,12,800.0,75.0,75.3830870319878
18521,true,0.09851978652395132,10,800.0,75.0,75.37542529134804
18577,true,0.1337698995391463,10,800.0,75.0,75.36791678552107
18586,true,0.15529508755602706,10,800.0,75.0,75.36055844981065
18621,true,0.17041009685826225,10,800.0,75.0,75.35334728081443
18652,true,0.18142437416037183,10,800.0,75.0,75.34628033519814
18683,true,0.19449847477241633,10,800.0,75.0,75.33935472849419
18718,true,0.21447636366394818,10,800.0,75.0,75.3325676339243
18750,true,0.24848412570236178,10,800.0,75.0,75.32591628124581
18787,true,0.24886170269076047,10,800.0,75.0,75.31939795562089
18819,true,0.1813347275491708,10,800.0,75.0,75.31300999650847
18855,true,0.059032598523941715,10,800.0,75.0,75.3067497965783
18880,true,-0.08189890119345478,11,800.0,75.0,75.30061480064674
18918,true,-0.23628109854209356,11,800.0,75.0,75.2946025046338
18951,true,-0.3484667155082377,11,800.0,75.0,75.28871045454112
18983,true,-0.38605748014069263,11,800.0,75.0,75.28293624545029
19018,true,-0.36970512306629644,11,800.0,75.0,75.27727752054128
19049,true,-0.34426136711863364,11,800.0,75.0,75.27173197013045
19082,true,-0.31452782990899664,11,800.0,75.0,75.26629733072784
19115,true,-0.29573345490786096,11,800.0,75.0,75.26097138411328
19147,true,-0.2786248275281764,11,800.0,75.0,75.25575195643101
19183,true,-0.26835522012109436,11,800.0,75.0,75.25063691730239
19214,true,-0.2560132822489436,10,800.0,75.0,75.24562417895633
19251,true,-0.23770860124662363,10,800.0,75.0,75.2407116953772
19288,true,-0.20986600345378292,10,800.0,75.0,75.23589746146966
19316,true,-0.18341859546285377,10,800.0,75.0,75.23117951224027
19349,true,-0.13883276794385324,10,800.0,75.0,75.22655592199547
19383,true,-0.0882320363635074,10,800.0,75.0,75.22202480355556
19414,true,-0.043877179243281716,10,800.0,75.0,75.21758430748444
19450,true,-0.009712831839550518,10,800.0,75.0,75.21323262133475
19482,true,0.026400663180311312,10,800.0,75.0,75.20896796890806
19516,true,0.05562698659056764,10,800.0,75.0,75.2047886095299
19548,true,0.06397541472526314,10,800.0,75.0,75.2006928373393
19583,true,0.015078961707558847,12,800.0,75.0,75.19667898059252
19616,true,-0.07879138012017961,12,800.0,75.0,75.19274540098067
19653,true,-0.2107809811710979,12,800.0,75.0,75.18889049296105
19686,true,-0.35946920060743537,12,800.0,75.0,75.18511268310183
19717,true,-0.47795160536270487,12,800.0,75.0,75.1814104294398
19750,true,-0.5229601498391219,12,800.0,75.0,75.177782220851
19787,true,-0.5084660483273353,12,800.0,75.0,75.17422657643398
19817,true,-0.4634474819726506,12,800.0,75.0,75.1707420449053
19850,true,-0.41545012658360747,12,800.0,75.0,75.1673272040072
19882,true,-0.390198592807252,12,800.0,75.0,75.16398065992705
19916,true,-0.38366869174109297,11,800.0,75.0,75.1607010467285
19948,true,-0.3837617183141617,11,800.0,75.0,75.15748702579393
19982,true,-0.3786579720670318,11,800.0,75.0,75.15433728527805
20015,true,-0.3556840091647189,11,800.0,75.0,75.15125053957249
20049,true,-0.3138284635247146,11,800.0,75.0,75.14822552878104
20080,true,-0.2625255326057925,11,800.0,75.0,75.14526101820542
20116,true,-0.20627962590899074,11,800.0,75.0,75.1423557978413
20148,true,-0.1440671385770429,11,800.0,75.0,75.13950868188448
20183,true,-0.09029129764709865,11,800.0,75.0,75.13671850824679
20215,true,-0.04936141296633423,11,800.0,75.0,75.13398413808186
20249,true,-0.01327986827169525,11,800.0,75.0,75.13130445532022
20281,true,0.02313565147815666,11,800.0,75.0,75.12867836621382
20318,true,0.05903407832701646,11,800.0,75.0,75.12610479888954
20349,true,0.08592063553695084,11,800.0,75.0,75.12358270291175
20386,true,0.07130529288477305,12,800.0,75.0,75.1211110488535
20418,true,-0.015006676703592348,12,800.0,75.0,75.11868882787644
20457,true,-0.16448415317529452,12,800.0,75.0,75.1163150513189
20487,true,-0.3413139080671215,12,800.0,75.0,75.11398875029252
20518,true,-0.5143974562296876,12,800.0,75.0,75.11170897528667
20548,true,-0.6317695743039735,12,800.0,75.0,75.10947479578094
20587,true,-0.6723410636222695,12,800.0,75.0,75.10728529986532
20617,true,-0.6563621581715608,12,800.0,75.0,75.10513959386802
20651,true,-0.6240170898154247,12,800.0,75.0,75.10303680199065
20691,true,-0.5945763955097334,12,800.0,75.0,75.10097606595085
20715,true,-0.5747627969172697,11,800.0,75.0,75.09895654463183
20785,true,-0.556256681174375,11,800.0,75.0,75.0969774137392
20814,true,-0.5241928827055347,11,800.0,75.0,75.0950378654644
20891,true,-0.46691066088618527,11,800.0,75.0,75.09313710815512
20922,true,-0.39249230706823823,11,800.0,75.0,75.09127436599202
20990,true,-0.3201048084444551,11,800.0,75.0,75.08944887867217
21018,true,-0.24952329469206802,11,800.0,75.0,75.08765990109873
21056,true,-0.18914060401507982,11,800.0,75.0,75.08590670307676
21088,true,-0.15028278439325504,11,800.0,75.0,75.08418856901523
21126,true,-0.11954866873296055,11,800.0,75.0,75.08250479763493
21158,true,-0.08157477813975333,11,800.0,75.0,75.08085470168223
21191,true,-0.03647337723273836,11,800.0,75.0,75.07923760764858
21219,true,-0.02232161678878697,11,800.0,75.0,75.0776528554956
21255,true,-0.08881487830490187,12,800.0,75.0,75.07609979838568
21287,true,-0.22505018336406124,12,800.0,75.0,75.07457780241796
21329,true,-0.4105676977204098,12,800.0,75.0,75.0730862463696
21355,true,-0.6149823661922937,12,800.0,75.0,75.0716245214422
21393,true,-0.78964902959396,12,800.0,75.0,75.07019203101336
21425,true,-0.8755682051589133,12,800.0,75.0,75.0687881903931
21458,true,-0.8831977059445535,12,800.0,75.0,75.06741242658524
21488,true,-0.8497605782445419,12,800.0,75.0,75.06606417805352
21561,true,-0.8140350788353032,12,800.0,75.0,75.06474289449245
21596,true,-0.7787420456359371,12,800.0,75.0,75.06344803660261
21662,true,-0.7488121262525738,12,800.0,75.0,75.06217907587056
21686,true,-0.7254843508261501,12,800.0,75.0,75.06093549435315
21767,true,-0.6871067571001674,11,800.0,75.0,75.05971678446608
21789,true,-0.6314603972878388,11,800.0,75.0,75.05852244877676
21873,true,-0.5783659497045051,11,800.0,75.0,75.05735199980121
21902,true,-0.5224244234237005,11,800.0,75.0,75.05620495980519
21952,true,-0.4650976665865585,11,800.0,75.0,75.05508086060908
21983,true,-0.4154920370770867,11,800.0,75.0,75.0539792433969
22019,true,-0.36409329962171455,11,800.0,75.0,75.05289965852896
22054,true,-0.3400371349872273,11,800.0,75.0,75.05184166535838
22086,true,-0.39228487561328507,11,800.0,75.0,75.05080483205121
22120,true,-0.5030229131700139,11,800.0,75.0,75.04978873541019
22162,true,-0.6457008378793034,11,800.0,75.0,75.04879296070199
22189,true,-0.7985180632146296,11,800.0,75.0,75.04781710148795
22219,true,-0.9130514894198711,11,800.0,75.0,75.04686075945818
22256,true,-0.9430508056805706,11,800.0,75.0,75.04592354426902
22292,true,-0.9182166409634647,11,800.0,75.0,75.04500507338363
22322,true,-0.8737470507471983,11,800.0,75.0,75.04410497191596
22353,true,-0.8384964755079523,11,800.0,75.0,75.04322287247764
22384,true,-0.8176306869792143,11,800.0,75.0,75.04235841502809
22418,true,-0.8079853351247834,11,800.0,75.0,75.04151124672752
22455,true,-0.801757959913715,11,800.0,75.0,75.04068102179298
22483,true,-0.7789605705880547,11,800.0,75.0,75.03986740135711
22518,true,-0.7279335122074428,11,800.0,75.0,75.03907005332997
22556,true,-0.6583094950688348,11,800.0,75.0,75.03828865226336
22589,true,-0.582275878736823,11,800.0,75.0,75.03752287921809
22631,true,-0.5083116526311642,11,800.0,75.0,75.03677242163373
22652,true,-0.4338521090863594,10,800.0,75.0,75.03603697320105
22679,true,-0.3802519328502001,10,800.0,75.0,75.03531623373702
22719,true,-0.33668890881244806,10,800.0,75.0,75.03460990906228
22753,true,-0.2993780980129941,10,800.0,75.0,75.03391771088104
22788,true,-0.26226087020384625,10,800.0,75.0,75.03323935666342
22823,true,-0.22546847622987798,10,800.0,75.0,75.03257456953014
22850,true,-0.1793404379916126,10,800.0,75.0,75.03192307813954
22884,true,-0.175177993096014,10,800.0,75.0,75.03128461657676
22920,true,-0.24578730390163628,11,800.0,75.0,75.03065892424522
22950,true,-0.3831907719708738,11,800.0,75.0,75.0300457457603
22987,true,-0.5637375810715355,11,800.0,75.0,75.0294448308451
23025,true,-0.7562275225192252,11,800.0,75.0,75.02885593422819
23056,true,-0.8970949632593204,11,800.0,75.0,75.02827881554363
23092,true,-0.9588522097040766,11,800.0,75.0,75.02771323923275
23124,true,-0.9504434959251,11,800.0,75.0,75.0271589744481
23155,true,-0.9117837967770583,11,800.0,75.0,75.02661579495914
23188,true,-0.8750720654306008,11,800.0,75.0,75.02608347905996
23225,true,-0.8618495226500045,11,800.0,75.0,75.02556180947876
23253,true,-0.857048493928545,11,800.0,75.0,75.02505057328918
23325,true,-0.843259839437053,11,800.0,75.0,75.02454956182339
23366,true,-0.8113312413339884,11,800.0,75.0,75.02405857058692
23425,true,-0.7639448636379029,11,800.0,75.0,75.02357739917518
23457,true,-0.6962577655856421,11,800.0,75.0,75.02310585119167
23547,true,-0.6158919850817313,11,800.0,75.0,75.02264373416784
23553,true,-0.5489902214282836,10,800.0,75.0,75.02219085948448
23633,true,-0.4906555447219034,10,800.0,75.0,75.02174704229479
23657,true,-0.4350576475727337,10,800.0,75.0,75.0213121014489
23683,true,-0.38756137858555917,10,800.0,75.0,75.02088585941992
23723,true,-0.34367549989917734,10,800.0,75.0,75.02046814223152
23753,true,-0.32808255852214074,10,800.0,75.0,75.02005877938689
23786,true,-0.39449344656856056,11,800.0,75.0,75.01965760379915
23818,true,-0.5505613407519832,11,800.0,75.0,75.01926445172316
23856,true,-0.7715781293269117,11,800.0,75.0,75.01887916268869
23893,true,-1.0201918687684213,11,800.0,75.0,75.01850157943491
23920,true,-1.2362925076235172,11,800.0,75.0,75.01813154784621
23949,true,-1.3712525002977713,11,800.0,75.0,75.01776891688928
23987,true,-1.4263844638234389,11,800.0,75.0,75.0174135385515
24019,true,-1.4121234057381287,11,800.0,75.0,75.01706526778047
24057,true,-1.3824873385797787,11,800.0,75.0,75.01672396242486
24093,true,-1.3634398069731617,11,800.0,75.0,75.01638948317637
24122,true,-1.3534085020380076,11,800.0,75.0,75.01606169351284
24153,true,-1.3415172575701888,11,800.0,75.0,75.01574045964259
24185,true,-1.3381066937384958,11,800.0,75.0,75.01542565044973
24219,true,-1.3153471072403136,11,800.0,75.0,75.01511713744073
24252,true,-1.2698658795040103,11,800.0,75.0,75.01481479469192
24286,true,-1.21659595717054,11,800.0,75.0,75.01451849879808
24321,true,-1.156763116092435,11,800.0,75.0,75.01422812882213
24355,true,-1.0957087368255713,11,800.0,75.0,75.01394356624569
24387,true,-1.0498038823482432,11,766.6666666666667,78.26086956521738,75.01366469492078
24418,true,-1.0121172104258562,11,766.6666666666667,78.26086956521738,75.0786087923267
24456,true,-0.9535956784851294,11,766.6666666666667,78.26086956521738,75.14225400778452
24493,true,-0.8694398855097347,11,766.6666666666667,78.26086956521738,75.20462631893317
24517,true,-0.7808960122480642,11,766.6666666666667,78.26086956521738,75.26575118385884
24551,true,-0.6191788214172504,11,766.6666666666667,78.26086956521738,75.325653551486
24587,true,-0.41409289509493874,11,766.6666666666667,78.26086956521738,75.38435787176063
24619,true,-0.31960055931992315,11,766.6666666666667,78.26086956521738,75.44188810562976
24655,true,-0.3624321711434959,12,800.0,75.0,75.49826773482151
24686,true,-0.422552980097862,12,800.0,75.0,75.48830238012508
24720,true,-0.5004900681210529,12,800.0,75.0,75.47853633252258
24755,true,-0.5489901035424793,12,800.0,75.0,75.46896560587213
24785,true,-0.46618110096136434,12,800.0,75.0,75.45958629375468
24829,true,-0.225400501408501,12,800.0,75.0,75.45039456787958
24852,true,0.049176407275865586,12,800.0,75.0,75.44138667652199
24888,true,0.28385341676809617,12,800.0,75.0,75.43255894299155
24922,true,0.5001234083667043,12,800.0,75.0,75.42390776413171
24952,true,0.7835579706080011,12,800.0,75.0,75.41542960884908
24988,true,1.058330113835524,12,800.0,75.0,75.4071210166721
25024,true,1.2298273682109766,12,800.0,75.0,75.39897859633865
25053,true,1.2262597186650908,12,800.0,75.0,75.39099902441188
25130,true,1.0735091741589997,12,800.0,75.0,75.38317904392365
25155,true,0.7717896587665507,12,800.0,75.0,75.37551546304518
25226,true,0.13063487559398368,12,800.0,75.0,75.36800515378427
25257,true,-0.432705999516088,11,766.6666666666667,78.26086956521738,75.36064505070858
25328,true,-0.8365693071853002,11,766.6666666666667,78.26086956521738,75.41864954099876
25356,true,-1.2481545372485812,11,766.6666666666667,78.26086956521738,75.47549394148312
25423,true,-1.9898456435852552,11,766.6666666666667,78.26086956521738,75.5312014539578
25453,true,-2.602594409844329,11,766.6666666666667,78.26086956521738,75.585794816183
25491,true,-3.2974692465430167,11,766.6666666666667,78.26086956521738,75.63929631116368
25518,true,-4.083243889140533,11,766.6666666666667,78.26086956521738,75.69172777624475
25550,true,-4.8459003200242705,8,833.3333333333334,72.0,75.7431106120242
25593,true,-5.28461672805156,4,833.3333333333334,72.0,75.6682483997837
25620,true,-5.378327446656385,3,766.6666666666667,78.26086956521738,75.59488343178803
25655,true,-5.3518884381343526,3,766.6666666666667,78.26086956521738,75.64820315445661
25692,true,-5.420894678387725,1,1500.0,40.0,75.70045648267183
25720,true,-5.892455103090441,1,1266.6666666666665,47.36842105263158,75.70045648267183
25757,true,-6.324475296584154,1,1266.6666666666665,47.36842105263158,75.70045648267183
25792,true,-6.826233716767092,1,1266.6666666666665,47.36842105263158,75.70045648267183
25824,true,-7.327868232430859,1,1266.6666666666665,47.36842105263158,75.70045648267183
25851,true,-7.563745587518724,1,500.0,120.0,75.70045648267183
25878,true,-7.117819324747131,1,500.0,120.0,75.70045648267183
25917,true,-6.387767485614404,1,500.0,120.0,75.70045648267183
25950,true,-5.3860224123166915,1,500.0,120.0,75.70045648267183
25983,true,-3.8341284758939196,1,500.0,120.0,75.70045648267183
26017,true,-2.406378336289123,1,500.0,120.0,75.70045648267183
26053,true,-1.2804638976047613,1,500.0,120.0,75.70045648267183
26092,true,-0.5495683368429525,1,500.0,120.0,75.70045648267183
26129,true,-0.495379241463354,1,500.0,120.0,75.70045648267183
26155,true,-1.1029974966292002,2,500.0,120.0,75.70045648267183
26199,true,-1.7770149099552555,2,500.0,120.0,75.70045648267183
26219,true,-2.3613056448322425,2,500.0,120.0,75.70045648267183
26250,true,-2.848302659440435,2,500.0,120.0,75.70045648267183
26284,true,-3.177298096938273,2,500.0,120.0,75.70045648267183
26318,true,-3.525661259043261,2,500.0,120.0,75.70045648267183
26353,true,-3.6397617103618245,2,500.0,120.0,75.70045648267183
26382,true,-3.4732215341814765,2,500.0,120.0,75.70045648267183
26421,true,-3.193114686111585,2,500.0,120.0,75.70045648267183
26457,true,-2.801906962630511,2,500.0,120.0,75.70045648267183
26500,true,-2.3550918692099287,2,500.0,120.0,75.70045648267183
26520,true,-2.0461387052947657,2,500.0,120.0,75.70045648267183
26551,true,-2.0392927692953435,2,500.0,120.0,75.70045648267183
26585,true,-2.3810113679579104,3,466.6666666666667,128.57142857142856,75.70045648267183
26613,true,-2.7193766980807936,3,466.6666666666667,128.57142857142856,75.70045648267183
26682,true,-2.7575305308945417,3,466.6666666666667,128.57142857142856,75.70045648267183
26687,true,-2.7514935881027895,3,466.6666666666667,128.57142857142856,75.70045648267183
26718,true,-2.971501599410601,3,466.6666666666667,128.57142857142856,75.70045648267183
26749,true,-2.9635781765546483,3,466.6666666666667,128.57142857142856,75.70045648267183
26796,true,-2.933518549415453,3,466.6666666666667,128.57142857142856,75.70045648267183
26818,true,-3.146171850258469,3,466.6666666666667,128.57142857142856,75.70045648267183
26850,true,-3.343992494085626,3,466.6666666666667,128.57142857142856,75.70045648267183
26885,true,-3.2957253032245717,3,466.6666666666667,128.57142857142856,75.70045648267183
26921,true,-3.2080373764547403,3,466.6666666666667,128.57142857142856,75.70045648267183
26951,true,-3.1299049575872573,3,466.6666666666667,128.57142857142856,75.70045648267183
26987,true,-3.0893211785240453,3,466.6666666666667,128.57142857142856,75.70045648267183
27024,true,-3.134025640181733,3,466.6666666666667,128.57142857142856,75.70045648267183
27054,true,-3.3116918639147173,1,1266.6666666666665,47.36842105263158,75.70045648267183
27124,true,-3.643164640933122,1,1266.6666666666665,47.36842105263158,75.70045648267183
27156,true,-3.8815305202786874,1,1266.6666666666665,47.36842105263158,75.70045648267183
27224,true,-4.123710679327559,1,1266.6666666666665,47.36842105263158,75.70045648267183
27254,true,-4.324908416870585,1,1266.6666666666665,47.36842105263158,75.70045648267183
27321,true,-4.393374069758295,1,1266.6666666666665,47.36842105263158,75.70045648267183
27354,true,-4.354613305044268,1,1266.6666666666665,47.36842105263158,75.70045648267183
27420,true,-4.405278286414472,1,1266.6666666666665,47.36842105263158,75.70045648267183
27450,true,-4.414147078523939,1,866.6666666666667,69.23076923076923,75.70045648267183
27485,true,-4.417866679412128,1,866.6666666666667,69.23076923076923,75.57106273763378
27520,true,-4.400576029476383,1,866.6666666666667,69.23076923076923,75.44425686749649
27551,true,-4.324567356805574,1,866.6666666666667,69.23076923076923,75.31998711476194
27584,true,-4.197274541663859,1,866.6666666666667,69.23076923076923,75.19820275708209
27623,true,-4.095601656377539,1,866.6666666666667,69.23076923076923,75.07885408655584
27653,true,-3.994762205513325,1,866.6666666666667,69.23076923076923,74.96189238944011
27686,true,-3.89145237021242,1,866.6666666666667,69.23076923076923,74.84726992626669
27719,true,-3.8474893792775617,1,1500.0,40.0,74.73493991235674
27796,true,-4.106744358445042,1,1500.0,40.0,74.73493991235674
27818,true,-4.372077249574346,1,1500.0,40.0,74.73493991235674
27890,true,-4.652279743460298,1,1500.0,40.0,74.73493991235674
27922,true,-4.948543822592626,1,1500.0,40.0,74.73493991235674
27997,true,-5.201063180014927,1,1500.0,40.0,74.73493991235674
28029,true,-5.185683852616592,3,766.6666666666667,78.26086956521738,74.73493991235674
28089,true,-5.156846831894455,3,766.6666666666667,78.26086956521738,74.80545850541394
28118,true,-5.122569340776238,4,833.3333333333334,72.0,74.87456672661
28153,true,-5.0718034370650855,4,833.3333333333334,72.0,74.8170753920778
28182,true,-5.017209180078055,8,800.0,75.0,74.76073388423623
28215,true,-4.949807250824932,8,800.0,75.0,74.7655192065515
28252,true,-4.8799872514242395,8,800.0,75.0,74.77020882242047
28288,true,-4.791347264638432,8,800.0,75.0,74.77480464597205
28317,true,-4.69502541968393,8,800.0,75.0,74.77930855305262
28390,true,-4.588173463264269,8,800.0,75.0,74.78372238199157
28420,true,-4.4792678500940895,8,800.0,75.0,74.78804793435174
28493,true,-4.498437856162042,8,800.0,75.0,74.79228697566471
28525,true,-4.6314436940191115,8,800.0,75.0,74.79644123615141
28594,true,-4.8578670613528345,8,800.0,75.0,74.80051241142839
28624,true,-5.1385114843971,8,800.0,75.0,74.80450216319981
28708,true,-5.438907826233901,8,800.0,75.0,74.80841211993581
28730,true,-5.625736641447872,8,800.0,75.0,74.81224387753709
28787,true,-5.740836627288417,8,800.0,75.0,74.81599899998635
28820,true,-5.796701337932205,8,800.0,75.0,74.81967901998662
28845,true,-5.813411246021303,8,800.0,75.0,74.82328543958688
28884,true,-5.829339290766683,7,766.6666666666667,78.26086956521738,74.82681973079514
28919,true,-5.845740687196553,7,766.6666666666667,78.26086956521738,74.89550072748358
28955,true,-5.815473061330039,7,766.6666666666667,78.26086956521738,74.96280810423825
28987,true,-5.74620320898353,7,766.6666666666667,78.26086956521738,75.02876933345783
29020,true,-5.68778368225864,7,766.6666666666667,78.26086956521738,75.09341133809302
29050,true,-5.615119073939383,7,766.6666666666667,78.26086956521738,75.1567605026355
29083,true,-5.527878203966111,7,766.6666666666667,78.26086956521738,75.21884268388715
29114,true,-5.444074017548388,7,766.6666666666667,78.26086956521738,75.27968322151375
29150,true,-5.379615113364366,7,766.6666666666667,78.26086956521738,75.33930694838782
29183,true,-5.302721010710542,7,766.6666666666667,78.26086956521738,75.3977382007244
29218,true,-5.219345700383002,7,766.6666666666667,78.26086956521738,75.45500082801426
29254,true,-5.163377060883505,7,766.6666666666667,78.26086956521738,75.51111820275833
29286,true,-5.195696562712186,8,766.6666666666667,78.26086956521738,75.5661132300075
29317,true,-5.338298220774703,8,766.6666666666667,78.26086956521738,75.6200083567117
29350,true,-5.529240112135511,8,766.6666666666667,78.26086956521738,75.6728255808818
29381,true,-5.7714259527823515,8,766.6666666666667,78.26086956521738,75.72458646056852
29418,true,-5.996108966082403,8,766.6666666666667,78.26086956521738,75.77531212266149
29447,true,-6.144134211719148,8,766.6666666666667,78.26086956521738,75.8250232715126
29484,true,-6.186260277723221,8,766.6666666666667,78.26086956521738,75.8737401973867
29517,true,-6.169118743929232,8,766.6666666666667,78.26086956521738,75.9214827847433
29551,true,-6.117349256143314,8,766.6666666666667,78.26086956521738,75.96827052035277
29583,true,-6.074538970936231,8,766.6666666666667,78.26086956521738,76.01412250125006
29617,true,-6.036074856304765,8,766.6666666666667,78.26086956521738,76.0590574425294
29654,true,-5.993918401297947,8,766.6666666666667,78.26086956521738,76.10309368498315
29684,true,-5.9666483937919566,8,766.6666666666667,78.26086956521738,76.14624920258782
29719,true,-5.929320217995411,7,766.6666666666667,78.26086956521738,76.18854160984041
29753,true,-5.853792291936514,7,766.6666666666667,78.26086956521738,76.22998816894795
29788,true,-5.76078460243437,7,766.6666666666667,78.26086956521738,76.27060579687334
29817,true,-5.6549347249075765,7,766.6666666666667,78.26086956521738,76.31041107224021
29847,true,-5.537715718756004,7,766.6666666666667,78.26086956521738,76.34942024209975
29880,true,-5.420093851553986,7,766.6666666666667,78.26086956521738,76.3876492285621
29914,true,-5.329805264725763,7,766.6666666666667,78.26086956521738,76.4251136352952
29950,true,-5.241248000329875,7,766.6666666666667,78.26086956521738,76.46182875389364
29980,true,-5.153616173169553,7,766.6666666666667,78.26086956521738,76.49780957012011
30014,true,-5.06539263516575,7,766.6666666666667,78.26086956521738,76.53307077002205
30047,true,-5.041946564765055,7,766.6666666666667,78.26086956521738,76.56762674592595
30080,true,-5.125708744340471,8,800.0,75.0,76.60149160231177
30112,true,-5.298540731266058,8,800.0,75.0,76.56946177026553
30149,true,-5.525332411703488,8,800.0,75.0,76.53807253486022
30182,true,-5.769350532940706,8,800.0,75.0,76.50731108416302
30218,true,-5.953164710175088,8,800.0,75.0,76.47716486247975
30245,true,-6.034552345776149,8,800.0,75.0,76.44762156523015
30281,true,-6.02143167507387,8,800.0,75.0,76.41866913392555
30319,true,-5.957709909359949,8,800.0,75.0,76.39029575124704
30352,true,-5.90181158005322,8,800.0,75.0,76.3624898362221
30391,true,-5.867496604616207,8,800.0,75.0,76.33524003949765
30420,true,-5.834794038210276,8,800.0,75.0,76.30853523870769
30451,true,-5.809961392281849,8,800.0,75.0,76.28236453393353
30483,true,-5.773888598812874,7,766.6666666666667,78.26086956521738,76.25671724325485
30516,true,-5.7143703667175885,7,766.6666666666667,78.26086956521738,76.2968002896941
30547,true,-5.624811874869749,7,766.6666666666667,78.26086956521738,76.33608167520457
30596,true,-5.515720455316881,7,766.6666666666667,78.26086956521738,76.37457743300482
30634,true,-5.400306570245107,7,766.6666666666667,78.26086956521738,76.41230327564907
30647,true,-5.294562915134179,7,766.6666666666667,78.26086956521738,76.44927460144042
30684,true,-5.193835603396366,7,766.6666666666667,78.26086956521738,76.48550650071596
30738,true,-5.110074459577248,7,766.6666666666667,78.26086956521738,76.52101376200598
30749,true,-5.016738337696296,7,766.6666666666667,78.26086956521738,76.5558108780702
30782,true,-4.950852562007043,7,766.6666666666667,78.26086956521738,76.58991205181314
30818,true,-4.9747429574514115,8,766.6666666666667,78.26086956521738,76.62333120208122
30855,true,-5.103206172412342,8,766.6666666666667,78.26086956521738,76.65608196934393
30884,true,-5.300167867041097,8,766.6666666666667,78.26086956521738,76.6881777212614
30915,true,-5.556525945146063,8,766.6666666666667,78.26086956521738,76.7196315581405
30954,true,-5.80434273094923,8,766.6666666666667,78.26086956521738,76.75045631828203
30986,true,-5.971634587616251,8,766.6666666666667,78.26086956521738,76.78066458322074
31020,true,-6.041730176589255,8,766.6666666666667,78.26086956521738,76.81026868286067
31051,true,-6.023672116236838,8,766.6666666666667,78.26086956521738,76.8392807005078
31079,true,-5.971129187599985,8,766.6666666666667,78.26086956521738,76.86771247780199
31116,true,-5.92023294525012,8,766.6666666666667,78.26086956521738,76.89557561955029
31159,true,-5.869693293229886,8,766.6666666666667,78.26086956521738,76.92288149846362
31181,true,-5.810357647381323,8,766.6666666666667,78.26086956521738,76.9496412597987
31216,true,-5.770319102518158,8,766.6666666666667,78.26086956521738,76.97586582590706
31250,true,-5.714607682129127,8,766.6666666666667,78.26086956521738,77.00156590069327
31280,true,-5.637283475096353,7,733.3333333333333,81.81818181818183,77.02675197398375
31319,true,-5.536821608718611,7,733.3333333333333,81.81818181818183,77.12258057086771
31358,true,-5.418240174231215,7,733.3333333333333,81.81818181818183,77.216492595814
31398,true,-5.275948278340792,7,733.3333333333333,81.81818181818183,77.30852638026136
31423,true,-5.126826787479359,7,733.3333333333333,81.81818181818183,77.39871948901977
31451,true,-4.979395369576764,7,733.3333333333333,81.81818181818183,77.48710873560302
31485,true,-4.8372041787363,7,733.3333333333333,81.81818181818183,77.57373019725459
31516,true,-4.712987523238439,7,733.3333333333333,81.81818181818183,77.65861922967314
31552,true,-4.5956368620212515,7,733.3333333333333,81.81818181818183,77.74181048144331
31582,true,-4.474015703063003,7,733.3333333333333,81.81818181818183,77.82333790817808
31615,true,-4.39675118617518,7,733.3333333333333,81.81818181818183,77.90323478637815
31646,true,-4.45455185568926,8,800.0,75.0,77.98153372701422
31695,true,-4.630768065414287,8,800.0,75.0,77.92190305247394
31730,true,-4.871605523926519,8,800.0,75.0,77.86346499142445
31753,true,-5.1518900637196055,8,800.0,75.0,77.80619569159596
31821,true,-5.4158260161133,8,800.0,75.0,77.75007177776403
31859,true,-5.532327005823021,8,800.0,75.0,77.69507034220875
31927,true,-5.531931585790289,8,800.0,75.0,77.64116893536458
31953,true,-5.483332623405488,8,800.0,75.0,77.58834555665729
32020,true,-5.424210270832248,8,800.0,75.0,77.53657864552414
32056,true,-5.336349201581243,8,800.0,75.0,77.48584707261367
32126,true,-5.241886082638132,8,800.0,75.0,77.43613013116139
32153,true,-5.112457650370089,8,800.0,75.0,77.38740752853816
32223,true,-4.949523467120258,7,800.0,75.0,77.3396593779674
32253,true,-4.763258813183455,7,800.0,75.0,77.29286619040805
32324,true,-4.563906672132674,7,800.0,75.0,77.24700886659988
32352,true,-4.370881972074017,7,800.0,75.0,77.20206868926789
32428,true,-4.197075867635817,7,800.0,75.0,77.15802731548253
32454,true,-4.029182680166969,7,800.0,75.0,77.11486676917288
32537,true,-4.092377305749949,8,800.0,75.0,77.07256943378943
32555,true,-4.237210997221808,8,800.0,75.0,77.03111804511363
32620,true,-4.471088874050707,8,800.0,75.0,76.99049568421135
32654,true,-4.732130235078387,8,800.0,75.0,76.95068577052713
32684,true,-5.0270200852157245,8,800.0,75.0,76.91167205511658
32721,true,-5.1095602099214545,8,800.0,75.0,76.87343861401425
32764,true,-5.107600798994753,8,800.0,75.0,76.83596984173396
32782,true,-5.038407581967192,8,800.0,75.0,76.79925044489927
32814,true,-4.974081233426546,8,800.0,75.0,76.76326543600129
32851,true,-4.92027867846727,8,800.0,75.0,76.72800012728126
32888,true,-4.868476611416924,8,800.0,75.0,76.69344012473563
32918,true,-4.817376336440304,8,800.0,75.0,76.65957132224092
32949,true,-4.744038172780051,8,800.0,75.0,76.6263798957961
32981,true,-4.634337551420572,8,800.0,75.0,76.59385229788018
33014,true,-4.483673735483251,7,733.3333333333333,81.81818181818183,76.56197525192258
33053,true,-4.307358898111801,7,733.3333333333333,81.81818181818183,76.66709938324776
33089,true,-4.138534316751503,7,733.3333333333333,81.81818181818183,76.77012103194645
33114,true,-3.969992040438342,7,733.3333333333333,81.81818181818183,76.87108224767115
33195,true,-3.8059460353527754,7,733.3333333333333,81.81818181818183,76.97002423908137
33221,true,-3.643371505253924,7,733.3333333333333,81.81818181818183,77.06698739066339
33292,true,-3.47157404384501,7,733.3333333333333,81.81818181818183,77.16201127921376
33322,true,-3.3125601907674422,7,733.3333333333333,81.81818181818183,77.25513468999313
33393,true,-3.42983479289785,8,733.3333333333333,81.81818181818183,77.3463956325569
33418,true,-3.609571205747727,8,733.3333333333333,81.81818181818183,77.4358313562694
33487,true,-3.8255382421550905,8,733.3333333333333,81.81818181818183,77.52347836550766
33523,true,-4.0485082889727835,8,733.3333333333333,81.81818181818183,77.60937243456114
33595,true,-4.260755447665673,8,733.3333333333333,81.81818181818183,77.69354862223355
33619,true,-4.213922989392898,8,733.3333333333333,81.81818181818183,77.77604128615252
33695,true,-4.13754818783417,8,733.3333333333333,81.81818181818183,77.85688409679311
33718,true,-4.062915320371502,8,733.3333333333333,81.81818181818183,77.93611005122088
33749,true,-3.987229471921637,8,733.3333333333333,81.81818181818183,78.0137514865601
33783,true,-3.9210222642562087,8,733.3333333333333,81.81818181818183,78.08984009319254
33823,true,-3.8417927523433093,8,733.3333333333333,81.81818181818183,78.16440692769233
33853,true,-3.717338920908759,8,733.3333333333333,81.81818181818183,78.23748242550212
33882,true,-3.550245158048284,8,733.3333333333333,81.81818181818183,78.30909641335572
33915,true,-3.3904281324873864,8,733.3333333333333,81.81818181818183,78.37927812145224
33949,true,-3.229826741431964,8,733.3333333333333,81.81818181818183,78.44805619538684
33985,true,-3.0669832384969027,8,733.3333333333333,81.81818181818183,78.51545870784274
34014,true,-2.9229235909571685,8,733.3333333333333,81.81818181818183,78.58151317004952
34053,true,-2.796308987057472,7,733.3333333333333,81.81818181818183,78.64624654301217
34089,true,-2.668918938124108,7,733.3333333333333,81.81818181818183,78.70968524851557
34126,true,-2.6441655788313483,7,733.3333333333333,81.81818181818183,78.7718551799089
34190,true,-2.4468002694963786,7,501.99799999999993,119.5223885354125,78.83278171267436
34226,true,-2.6719967348817306,9,537.285,111.67257600714706,78.83278171267436
34286,true,-2.8827533617689767,9,537.285,111.67257600714706,78.83278171267436
34324,true,-3.0624968950222637,9,540.6750000000001,110.97239561659036,78.83278171267436
34386,true,-3.158247840044737,9,540.6750000000001,110.97239561659036,78.83278171267436
34419,true,-3.0557389317657737,9,537.285,111.67257600714706,78.83278171267436
34449,true,-2.961189843422204,9,500.0,120.0,78.83278171267436
34484,true,-2.890189585521881,9,500.0,120.0,78.83278171267436
34515,true,-2.8251370396405378,9,500.0,120.0,78.83278171267436
34552,true,-2.7739929592765122,9,500.0,120.0,78.83278171267436
34594,true,-2.7137315708982044,9,500.0,120.0,78.83278171267436
34618,true,-2.599461227017315,9,500.0,120.0,78.83278171267436
34689,true,-2.454040793616997,9,500.0,120.0,78.83278171267436
34718,true,-2.2973318323805643,9,500.0,120.0,78.83278171267436
34792,true,-2.1218263870518967,9,500.0,120.0,78.83278171267436
34822,true,-1.9354677677357017,9,500.0,120.0,78.83278171267436
34854,true,-1.8059520930793838,9,500.0,120.0,78.83278171267436
34886,true,-1.8214802291519447,10,533.3333333333334,112.49999999999999,78.83278171267436
34925,true,-1.955713997401972,10,533.3333333333334,112.49999999999999,78.83278171267436
34950,true,-2.177777313617213,10,533.3333333333334,112.49999999999999,78.83278171267436
35024,true,-2.4279878624296884,10,533.3333333333334,112.49999999999999,78.83278171267436
35051,true,-2.645224201257747,10,533.3333333333334,112.49999999999999,78.83278171267436
35131,true,-2.725256997904239,10,533.3333333333334,112.49999999999999,78.83278171267436
35152,true,-2.7089005955718903,10,533.3333333333334,112.49999999999999,78.83278171267436
35224,true,-2.6466114231685367,10,533.3333333333334,112.49999999999999,78.83278171267436
35261,true,-2.574569302809607,10,533.3333333333334,112.49999999999999,78.83278171267436
35327,true,-2.0752298193684737,9,573.104,104.69304000670034,78.83278171267436
35355,true,-1.964422899078869,9,573.104,104.69304000670034,78.83278171267436
35424,true,-1.8023000262384414,9,573.104,104.69304000670034,78.83278171267436
35458,true,-1.5962092665974978,9,573.104,104.69304000670034,78.83278171267436
35516,true,-1.3509714156607515,9,575.1520000000002,104.32024925584886,78.83278171267436
35556,true,-1.1112296905133974,9,577.456,103.90402039289573,78.83278171267436
35612,true,-0.8582069095906775,8,580.864,103.29440282062582,78.83278171267436
35645,true,-0.8220493126520978,8,577.456,103.90402039289573,78.83278171267436
35685,true,-0.9223743642754698,9,577.456,103.90402039289573,78.83278171267436
35718,true,-1.0712228745618972,9,577.456,103.90402039289573,78.83278171267436
35751,true,-1.309562088159879,9,575.1520000000002,104.32024925584886,78.83278171267436
35781,true,-1.5148813363823024,9,575.1520000000002,104.32024925584886,78.83278171267436
35832,true,-1.6561619208652303,9,575.1520000000002,104.32024925584886,78.83278171267436
35843,true,-1.7032142074361047,9,575.1520000000002,104.32024925584886,78.83278171267436
35883,true,-1.7225734705949094,9,575.1520000000002,104.32024925584886,78.83278171267436
35916,true,-1.7411996960956913,9,575.1520000000002,104.32024925584886,78.83278171267436
35951,true,-1.8280916388337118,9,575.1520000000002,104.32024925584886,78.83278171267436
35978,true,-2.002137837062321,9,573.104,104.69304000670034,78.83278171267436
36013,true,-2.2106307406584733,9,533.3333333333334,112.49999999999999,78.83278171267436
36054,true,-2.374542367386397,9,573.104,104.69304000670034,78.83278171267436
36088,true,-2.5171226367210977,9,533.3333333333334,112.49999999999999,78.83278171267436
36118,true,-2.523463562644821,9,533.3333333333334,112.49999999999999,78.83278171267436
36151,true,-2.330745887750652,9,533.3333333333334,112.49999999999999,78.83278171267436
36182,true,-2.0478388926423747,9,533.3333333333334,112.49999999999999,78.83278171267436
36218,true,-1.7110969230341482,9,533.3333333333334,112.49999999999999,78.83278171267436
36247,true,-1.3475581653715665,9,533.3333333333334,112.49999999999999,78.83278171267436
36281,true,-1.0006745545755393,9,533.3333333333334,112.49999999999999,78.83278171267436
36317,true,-0.7224766786414705,9,533.3333333333334,112.49999999999999,78.83278171267436
36353,true,-0.40225073627127017,8,608.923,98.53462588865915,78.83278171267436
36381,true,-0.2197076425702562,8,566.6666666666666,105.88235294117648,78.83278171267436
36417,true,-0.15877846100494253,8,608.923,98.53462588865915,78.83278171267436
36453,true,-0.1990717899421668,8,566.6666666666666,105.88235294117648,78.83278171267436
36486,true,-0.3087138584471063,8,566.6666666666666,105.88235294117648,78.83278171267436
36519,true,-0.4411082612136852,8,566.6666666666666,105.88235294117648,78.83278171267436
36551,true,-0.5162784013793953,8,566.6666666666666,105.88235294117648,78.83278171267436
36581,true,-0.4951686148183114,8,566.6666666666666,105.88235294117648,78.83278171267436
36613,true,-0.44286540583669876,8,566.6666666666666,105.88235294117648,78.83278171267436
36647,true,-0.48334181681101995,8,566.6666666666666,105.88235294117648,78.83278171267436
36684,true,-0.633050743202233,8,566.6666666666666,105.88235294117648,78.83278171267436
36716,true,-0.8359972199199319,8,566.6666666666666,105.88235294117648,78.83278171267436
36754,true,-1.046420065543117,8,566.6666666666666,105.88235294117648,78.83278171267436
36782,true,-1.147098111437515,8,566.6666666666666,105.88235294117648,78.83278171267436
36822,true,-1.0374218751082651,8,566.6666666666666,105.88235294117648,78.83278171267436
36846,true,-0.7902907499168919,8,566.6666666666666,105.88235294117648,78.83278171267436
36883,true,-0.47014607942620046,8,566.6666666666666,105.88235294117648,78.83278171267436
36919,true,-0.10283500283969715,8,566.6666666666666,105.88235294117648,78.83278171267436
36946,true,0.3470152461734983,8,566.6666666666666,105.88235294117648,78.83278171267436
36983,true,0.8559221994947563,8,566.6666666666666,105.88235294117648,78.83278171267436
37016,true,1.628493368979548,8,566.6666666666666,105.88235294117648,78.83278171267436
37050,true,2.411734824774726,8,566.6666666666666,105.88235294117648,78.83278171267436
37088,true,2.9798871473252007,8,566.6666666666666,105.88235294117648,78.83278171267436
37114,true,3.275339704210211,8,566.6666666666666,105.88235294117648,78.83278171267436
37151,true,3.332440392004628,8,566.6666666666666,105.88235294117648,78.83278171267436
37185,true,3.054100485588947,9,566.6666666666666,105.88235294117648,78.83278171267436
37214,true,2.7076388465035848,9,566.6666666666666,105.88235294117648,78.83278171267436
37253,true,2.497822846824363,9,566.6666666666666,105.88235294117648,78.83278171267436
37282,true,2.369868062440702,9,566.6666666666666,105.88235294117648,78.83278171267436
37312,true,2.2835844642750374,9,566.6666666666666,105.88235294117648,78.83278171267436
37350,true,2.174826290208955,9,566.6666666666666,105.88235294117648,78.83278171267436
37380,true,2.013879134174914,9,566.6666666666666,105.88235294117648,78.83278171267436
37416,true,1.7843139782497985,8,600.0,100.0,78.83278171267436
37449,true,1.496964924406143,8,600.0,100.0,78.83278171267436
37496,true,1.2082203998965042,8,600.0,100.0,78.83278171267436
37519,true,0.9513148918517231,8,600.0,100.0,78.83278171267436
37552,true,0.7533200557290343,8,600.0,100.0,78.83278171267436
37581,true,0.6204490445263104,8,600.0,100.0,78.83278171267436
37615,true,0.5562730760164527,8,600.0,100.0,78.83278171267436
37644,true,0.5438522489520494,8,600.0,100.0,78.83278171267436
37684,true,0.5604785560103096,8,600.0,100.0,78.83278171267436
37716,true,0.5722623456177303,8,600.0,100.0,78.83278171267436
37745,true,0.5516375424288924,8,600.0,100.0,78.83278171267436
37782,true,0.43690417327240993,8,600.0,100.0,78.83278171267436
37836,true,0.21807157552993317,8,600.0,100.0,78.83278171267436
37848,true,-0.05532859485140307,8,600.0,100.0,78.83278171267436
37877,true,-0.3013245964599207,9,600.0,100.0,78.83278171267436
37915,true,-0.48112885811124784,9,600.0,100.0,78.83278171267436
37948,true,-0.5664671370136034,9,600.0,100.0,78.83278171267436
37984,true,-0.560481617856027,9,600.0,100.0,78.83278171267436
38017,true,-0.5085046209896973,9,600.0,100.0,78.83278171267436
38049,true,-0.47270381663500416,9,600.0,100.0,78.83278171267436
38092,true,-0.4327734507981802,9,600.0,100.0,78.83278171267436
38118,true,-0.3260760344845437,9,600.0,100.0,78.83278171267436
38190,true,0.05969515192032304,9,600.0,100.0,78.83278171267436
38219,true,0.4130795294092309,9,600.0,100.0,78.83278171267436
38296,true,1.5104758263338738,9,600.0,100.0,78.83278171267436
38323,true,2.4188807596905235,9,600.0,100.0,78.83278171267436
38397,true,4.023835023090925,8,600.0,100.0,78.83278171267436
38422,true,5.251870223066533,8,600.0,100.0,78.83278171267436
38484,true,6.048373723672853,8,600.0,100.0,78.83278171267436
38518,true,6.050673193007867,8,600.0,100.0,78.83278171267436
38592,true,6.225867727966204,8,600.0,100.0,78.83278171267436
38618,true,5.664436423011182,9,600.0,100.0,78.83278171267436
38694,true,5.222018443882035,9,600.0,100.0,78.83278171267436
38719,true,5.308917770875269,9,600.0,100.0,78.83278171267436
38795,true,5.421171724841997,9,600.0,100.0,78.83278171267436
38820,true,5.545444188737207,9,600.0,100.0,78.83278171267436
38852,true,5.770045113810568,8,700.0,85.71428571428571,78.83278171267436
38883,true,6.3097889996369645,8,700.0,85.71428571428571,78.97041179270659
38916,true,6.796236002586284,1,533.3333333333334,112.49999999999999,79.10528927113816
38946,true,7.2976686693671695,1,533.3333333333334,112.49999999999999,79.10528927113816
38978,true,7.777671491440202,1,533.3333333333334,112.49999999999999,79.10528927113816
39014,true,8.112939479699804,1,533.3333333333334,112.49999999999999,79.10528927113816
39044,true,8.137614123334316,1,533.3333333333334,112.49999999999999,79.10528927113816
39085,true,8.157870230784795,1,533.3333333333334,112.49999999999999,79.10528927113816
39116,true,8.132804632022896,3,733.3333333333333,81.81818181818183,79.10528927113816
39146,true,7.8892323372078295,3,733.3333333333333,81.81818181818183,79.15954712207903
39178,true,7.338322077690918,3,733.3333333333333,81.81818181818183,79.2127198160011
39215,true,6.6409669875039015,2,766.6666666666667,78.26086956521738,79.26482905604472
39252,true,5.917883152088251,2,766.6666666666667,78.26086956521738,79.24474986622816
39282,true,5.176584085442073,2,766.6666666666667,78.26086956521738,79.22507226020794
39315,true,4.617004598965167,2,766.6666666666667,78.26086956521738,79.20578820630813
39347,true,4.311192408286985,2,766.6666666666667,78.26086956521738,79.1868898334863
39380,true,4.090481834208589,2,766.6666666666667,78.26086956521738,79.16836942812093
39415,true,3.8697989925872776,2,766.6666666666667,78.26086956521738,79.15021943086285
39447,true,3.715684283790665,2,766.6666666666667,78.26086956521738,79.13243243354994
39479,true,3.687894706995735,2,766.6666666666667,78.26086956521738,79.11500117618328
39515,true,3.9229513826990114,2,766.6666666666667,78.26086956521738,79.09791854396396
39550,true,4.3290090031902935,2,766.6666666666667,78.26086956521738,79.08117756438902
39587,true,4.788582039133132,2,766.6666666666667,78.26086956521738,79.06477140440559
39617,true,5.257366936109662,2,766.6666666666667,78.26086956521738,79.04869336762182
39650,true,5.666103742142212,2,766.6666666666667,78.26086956521738,79.03293689157373
39682,true,5.895413230316564,2,766.6666666666667,78.26086956521738,79.0174955450466
39715,true,6.070559487238114,2,766.6666666666667,78.26086956521738,79.00236302545001
39746,true,6.290469865961171,2,766.6666666666667,78.26086956521738,78.98753315624535
39785,true,6.497942534627612,2,766.6666666666667,78.26086956521738,78.97299988442478
39813,true,6.551145017587743,2,766.6666666666667,78.26086956521738,78.95875727804062
39860,true,6.538871998135647,3,733.3333333333333,81.81818181818183,78.94479952378416
39885,true,6.446131420186816,3,733.3333333333333,81.81818181818183,79.00226716967211
39912,true,6.301310145183265,3,733.3333333333333,81.81818181818183,79.05858546264231
39945,true,6.17181966902271,3,733.3333333333333,81.81818181818183,79.11377738975311
39986,true,6.184380390731633,3,733.3333333333333,81.81818181818183,79.16786547832169
40017,true,6.258196740293869,3,733.3333333333333,81.81818181818183,79.22087180511889
40051,true,6.31683910553852,3,733.3333333333333,81.81818181818183,79.27281800538015
40084,true,6.313265406568178,3,733.3333333333333,81.81818181818183,79.32372528163619
40115,true,6.263896723575954,3,733.3333333333333,81.81818181818183,79.3736144123671
40148,true,6.155847128276406,3,733.3333333333333,81.81818181818183,79.4225057604834
40185,true,5.979862812453888,3,733.3333333333333,81.81818181818183,79.47041928163738
40219,true,5.793129234852557,7,733.3333333333333,81.81818181818183,79.51737453236827
40249,true,5.6074615029808115,10,700.0,85.71428571428571,79.56339067808455
40283,true,5.439873110236277,12,733.3333333333333,81.81818181818183,79.68640857880857
40316,true,5.330783064081032,12,733.3333333333333,81.81818181818183,79.72904404359603
40345,true,5.245276052844247,11,700.0,85.71428571428571,79.77082679908776
40379,true,5.161110526773086,11,700.0,85.71428571428571,79.88969597739171
40415,true,5.160517008489165,11,700.0,85.71428571428571,80.00618777212958
40449,true,5.248180576085133,11,700.0,85.71428571428571,80.12034973097269
40483,true,5.314333247318018,11,700.0,85.71428571428571,80.23222845063894
40513,true,5.314212387512612,11,700.0,85.71428571428571,80.34186959591187
40555,true,5.258382281517413,11,700.0,85.71428571428571,80.44931791827935
40580,true,5.121497604191973,11,700.0,85.71428571428571,80.55461727419947
40613,true,4.889095775829702,11,700.0,85.71428571428571,80.65781064300118
40654,true,4.670005919080268,12,700.0,85.71428571428571,80.75894014442687
40685,true,4.548687863185364,12,700.0,85.71428571428571,80.85804705582404
40715,true,4.514725193077055,12,700.0,85.71428571428571,80.95517182899327
40748,true,4.5388925247465295,12,700.0,85.71428571428571,81.05035410669912
40787,true,4.587992786759884,12,700.0,85.71428571428571,81.14363273885084
40821,true,4.6545646926682025,12,700.0,85.71428571428571,81.23504579835954
40847,true,4.726699075163964,12,700.0,85.71428571428571,81.32463059667805
40877,true,4.814205906822622,12,700.0,85.71428571428571,81.4124236990302
40944,true,4.952073781327698,12,700.0,85.71428571428571,81.4984609393353
40983,true,5.105539801415546,12,700.0,85.71428571428571,81.5827774348343
41020,true,5.268719471912789,12,700.0,85.71428571428571,81.66540760042332
41044,true,5.471210291799963,12,700.0,85.71428571428571,81.74638516270056
41078,true,5.713993281986063,12,700.0,85.71428571428571,81.82574317373226
41115,true,5.898465478049502,12,700.0,85.71428571428571,81.90351402454333
41145,true,5.998730752870841,12,700.0,85.71428571428571,81.97972945833817
41176,true,5.983999302071254,12,700.0,85.71428571428571,82.05442058345712
41213,true,5.864887892422161,12,700.0,85.71428571428571,82.12761788607368
41246,true,5.631485693764006,12,700.0,85.71428571428571,82.19935124263792
41284,true,5.364945937931765,12,700.0,85.71428571428571,82.26964993207086
41312,true,5.16743391064395,12,700.0,85.71428571428571,82.33854264771516
41353,true,5.0834583262912645,12,700.0,85.71428571428571,82.40605750904656
41388,true,5.0665291521102915,12,700.0,85.71428571428571,82.47222207315134
41416,true,5.095926369018713,12,700.0,85.71428571428571,82.53706334597402
41444,true,5.160688374898655,12,700.0,85.71428571428571,82.60060779334025
41477,true,5.217342009485179,12,700.0,85.71428571428571,82.66288135175915
41516,true,5.2425033064789375,12,700.0,85.71428571428571,82.72390943900967
41545,true,5.241404392889791,12,700.0,85.71428571428571,82.7837169645152
41586,true,5.251645865698151,12,700.0,85.71428571428571,82.8423283395106
41621,true,5.264742964630642,12,700.0,85.71428571428571,82.8997674870061
41649,true,5.289324409682848,12,700.0,85.71428571428571,82.95605785155169
41680,true,5.348357929299453,12,700.0,85.71428571428571,83.01122240880636
41719,true,5.443143811529978,12,700.0,85.71428571428571,83.06528367491595
41753,true,5.5465839292211,12,700.0,85.71428571428571,83.11826371570334
41777,true,5.6303747617618285,12,700.0,85.71428571428571,83.17018415567497
41845,true,5.517572889606413,13,666.6666666666666,90.0,83.22106618684718
41882,true,5.36153087400055,13,666.6666666666666,90.0,83.35664486311023
41913,true,5.173269985804012,13,666.6666666666666,90.0,83.48951196584802
41940,true,4.985407820770234,12,666.6666666666666,90.0,83.61972172653105
41979,true,4.818697667855417,12,666.6666666666666,90.0,83.74732729200043
42012,true,4.849877266270681,12,666.6666666666666,90.0,83.87238074616042
42049,true,4.909423404353447,12,666.6666666666666,90.0,83.9949331312372
42080,true,5.004589382916976,12,666.6666666666666,90.0,84.11503446861245
42116,true,5.090980234927116,12,666.6666666666666,90.0,84.23273377924019
42148,true,5.146198313048586,12,666.6666666666666,90.0,84.34807910365538
42180,true,5.189115461437609,12,666.6666666666666,90.0,84.46111752158227
42215,true,5.209992781729795,12,666.6666666666666,90.0,84.57189517115062
42250,true,5.207928932305464,12,666.6666666666666,90.0,84.6804572677276
42290,true,5.2000684456633905,12,666.6666666666666,90.0,84.78684812237304
42325,true,5.225023717875985,12,666.6666666666666,90.0,84.89111115992557
42353,true,5.28064386980293,12,666.6666666666666,90.0,84.99328893672705
42422,true,5.394341808581402,12,666.6666666666666,90.0,85.0934231579925
42452,true,5.464990576822117,12,666.6666666666666,90.0,85.19155469483265
42483,true,5.362949150321896,13,633.3333333333333,94.73684210526316,85.28772360093599
42513,true,5.179228134592023,13,633.3333333333333,94.73684210526316,85.47670597102253
42549,true,4.9473399665617706,13,633.3333333333333,94.73684210526316,85.66190869370733
42579,true,4.65175386621101,13,633.3333333333333,94.73684210526316,85.84340736193845
42613,true,4.393569043195697,13,633.3333333333333,94.73684210526316,86.02127605680494
42643,true,4.330310900396228,13,633.3333333333333,94.73684210526316,86.19558737777409
42677,true,4.355270665699038,13,633.3333333333333,94.73684210526316,86.36641247232387
42714,true,4.414366965323552,13,633.3333333333333,94.73684210526316,86.53382106498266
42742,true,4.499037238779664,13,633.3333333333333,94.73684210526316,86.69788148578827
42777,true,4.5873692259826555,13,633.3333333333333,94.73684210526316,86.85866069817777
42812,true,4.644492186357269,12,666.6666666666666,90.0,87.01622432631947
42851,true,4.666097590575333,12,666.6666666666666,90.0,87.07589983979308
42889,true,4.6787595878340085,12,666.6666666666666,90.0,87.13438184299721
42918,true,4.697793126221256,12,666.6666666666666,90.0,87.19169420613727
42942,true,4.723513788294468,12,666.6666666666666,90.0,87.24786032201452
42980,true,4.7840477083803705,12,666.6666666666666,90.0,87.30290311557422
43010,true,4.889400975771849,12,666.6666666666666,90.0,87.35684505326273
43047,true,5.0212926588926905,12,666.6666666666666,90.0,87.40970815219747
43081,true,5.146100452066861,12,666.6666666666666,90.0,87.46151398915352
43113,true,5.195339542602426,12,666.6666666666666,90.0,87.51228370937044
43152,true,4.997391521866206,13,666.6666666666666,90.0,87.56203803518302
43181,true,4.71002762440034,13,666.6666666666666,90.0,87.61079727447935
43210,true,4.3762802624254675,13,666.6666666666666,90.0,87.65858132898975
43247,true,4.040967803000655,13,666.6666666666666,90.0,87.70540970240995
43283,true,3.7843180564032934,13,666.6666666666666,90.0,87.75130150836175
43314,true,3.7685605709815775,13,666.6666666666666,90.0,87.79627547819452
43345,true,3.8393103435760736,13,666.6666666666666,90.0,87.84034996863062
43377,true,3.955144280947337,13,666.6666666666666,90.0,87.883542969258
43409,true,4.086395989503984,12,666.6666666666666,90.0,87.92587210987284
43445,true,4.212264566053591,12,666.6666666666666,90.0,87.96735466767538
43478,true,4.289131700887225,12,666.6666666666666,90.0,88.00800757432187
43512,true,4.320192815303642,12,666.6666666666666,90.0,88.04784742283542
43549,true,4.309902823048731,12,666.6666666666666,90.0,88.0868904743787
43582,true,4.307690299121617,12,666.6666666666666,90.0,88.12515266489113
43613,true,4.30686145288027,12,666.6666666666666,90.0,88.16264961159331
43652,true,4.360488637485076,12,666.6666666666666,90.0,88.19939661936144
43682,true,4.45623533924649,12,666.6666666666666,90.0,88.23540868697421
43713,true,4.587456599005407,12,666.6666666666666,90.0,88.27070051323471
43743,true,4.660091597822145,12,666.6666666666666,90.0,88.30528650297002
43785,true,4.526505687291177,13,633.3333333333333,94.73684210526316,88.33918077291061
43814,true,4.276100221295508,13,633.3333333333333,94.73684210526316,88.46713399955766
43845,true,3.962535734233228,13,633.3333333333333,94.73684210526316,88.59252816167177
43893,true,3.627870784398368,13,633.3333333333333,94.73684210526316,88.71541444054358
43911,true,3.333286453602568,13,633.3333333333333,94.73684210526316,88.83584299383797
43948,true,3.2528199050107958,13,633.3333333333333,94.73684210526316,88.95386297606647
43979,true,3.2914219690305515,13,633.3333333333333,94.73684210526316,89.0695225586504
44011,true,3.400902830696481,13,633.3333333333333,94.73684210526316,89.18286894958266
44046,true,3.5263545002510455,13,633.3333333333333,94.73684210526316,89.29394841269627
44086,true,3.65302278981153,13,633.3333333333333,94.73684210526316,89.4028062865476
44113,true,3.7595052312879034,13,633.3333333333333,94.73684210526316,89.50948700292192
44143,true,3.8051454341010356,12,633.3333333333333,94.73684210526316,89.61403410496874
44181,true,3.804640077403178,12,633.3333333333333,94.73684210526316,89.71649026497462
44210,true,3.789910730347202,12,633.3333333333333,94.73684210526316,89.81689730178039
44245,true,3.7739513131633373,12,633.3333333333333,94.73684210526316,89.91529619785004
44277,true,3.7819317716677574,12,633.3333333333333,94.73684210526316,90.0117271159983
44312,true,3.8466972537811444,12,633.3333333333333,94.73684210526316,90.10622941578359
44342,true,3.9536238780611654,12,633.3333333333333,94.73684210526316,90.19884166957317
44379,true,4.058010861137376,12,633.3333333333333,94.73684210526316,90.28960167828697
44411,true,3.99735670771409,13,633.3333333333333,94.73684210526316,90.3785464868265
44446,true,3.761825100893759,13,633.3333333333333,94.73684210526316,90.46571239919523
44477,true,3.440608125011778,13,633.3333333333333,94.73684210526316,90.55113499331658
44512,true,3.0715823400545617,13,633.3333333333333,94.73684210526316,90.63484913555551
44549,true,2.697206702467639,13,633.3333333333333,94.73684210526316,90.71688899494966
44581,true,2.496571237028803,13,633.3333333333333,94.73684210526316,90.79728805715592
44641,true,2.511189148145178,13,633.3333333333333,94.73684210526316,90.87607913811806
44678,true,2.6258059084976537,13,633.3333333333333,94.73684210526316,90.95329439746095
44712,true,2.7713640780397952,13,633.3333333333333,94.73684210526316,91.02896535161699
44742,true,2.9082643756303526,13,633.3333333333333,94.73684210526316,91.1031228866899
44780,true,3.0105069023239253,13,633.3333333333333,94.73684210526316,91.17579727106137
44811,true,3.0467522880243507,13,633.3333333333333,94.73684210526316,91.2470181677454
44842,true,3.049151388545056,13,633.3333333333333,94.73684210526316,91.31681464649574
44877,true,3.048172215381186,12,633.3333333333333,94.73684210526316,91.38521519567108
44909,true,3.0652514177536148,12,633.3333333333333,94.73684210526316,91.45224773386292
44951,true,3.1144151480310427,12,633.3333333333333,94.73684210526316,91.51793962129092
44975,true,3.1942304092559084,12,633.3333333333333,94.73684210526316,91.58231767097035
45019,true,3.2669410825033935,12,633.3333333333333,94.73684210526316,91.6454081596562
45052,true,3.298934262868954,12,633.3333333333333,94.73684210526316,91.70723683856833
45078,true,3.1065904677745095,9,633.3333333333333,94.73684210526316,91.76782894390223
45116,true,2.83674098243182,9,633.3333333333333,94.73684210526316,91.82720920712944
45144,true,2.4888058022488906,9,633.3333333333333,94.73684210526316,91.8854018650921
45177,true,2.124398370759934,9,633.3333333333333,94.73684210526316,91.94243066989553
45215,true,1.7978333643870315,9,633.3333333333333,94.73684210526316,91.99831889860288
45252,true,1.715542516168398,9,633.3333333333333,94.73684210526316,92.05308936273607
45279,true,1.722413998610989,9,633.3333333333333,94.73684210526316,92.10676441758662
45320,true,1.8199423804683192,9,633.3333333333333,94.73684210526316,92.15936597134015
45345,true,1.9614341015056027,9,633.3333333333333,94.73684210526316,92.21091549401861
45377,true,2.104435597857133,9,633.3333333333333,94.73684210526316,92.26143402624349
45413,true,2.2126808666387774,13,633.3333333333333,94.73684210526316,92.31094218782388
45449,true,2.266089985983001,13,633.3333333333333,94.73684210526316,92.35946018617267
45487,true,2.2821563428936145,13,633.3333333333333,94.73684210526316,92.40700782455447
45516,true,2.278304754454126,13,633.3333333333333,94.73684210526316,92.45360451016865
45544,true,2.276179747769703,13,633.3333333333333,94.73684210526316,92.49926926207053
45590,true,2.3015073971673132,13,633.3333333333333,94.73684210526316,92.54402071893438
45613,true,2.359962436257007,13,633.3333333333333,94.73684210526316,92.58787714666094
45646,true,2.4456139757712947,13,633.3333333333333,94.73684210526316,92.63085644583299
45676,true,2.542419389239626,13,633.3333333333333,94.73684210526316,92.67297615902159
45721,true,2.635086522363565,13,633.3333333333333,94.73684210526316,92.71425347794641
45745,true,2.5223772425151196,14,666.6666666666666,90.0,92.75470525049275
45777,true,2.257994402470132,14,666.6666666666666,90.0,92.69961114548289
45814,true,1.9144444847298132,14,666.6666666666666,90.0,92.64561892257323
45846,true,1.5467375871055253,14,666.6666666666666,90.0,92.59270654412177
45878,true,1.160235011461765,14,666.6666666666666,90.0,92.54085241323932
45910,true,0.9715899857354771,14,666.6666666666666,90.0,92.49003536497453
45944,true,0.9376024824618696,14,666.6666666666666,90.0,92.44023465767503
45982,true,0.9685818689175676,10,633.3333333333333,94.73684210526316,92.39142996452154
46018,true,1.0363509826956374,10,633.3333333333333,94.73684210526316,92.43833820733636
46046,true,1.1516645312162836,10,633.3333333333333,94.73684210526316,92.48430828529489
46075,true,1.2465953591699872,10,633.3333333333333,94.73684210526316,92.52935896169424
46111,true,1.3108898881257005,10,633.3333333333333,94.73684210526316,92.57350862456562
46143,true,1.3672949115156996,10,633.3333333333333,94.73684210526316,92.61677529417956
46174,true,1.3793604503661356,10,633.3333333333333,94.73684210526316,92.65917663040123
46207,true,1.3677039967686255,10,633.3333333333333,94.73684210526316,92.70072993989847
46240,true,1.3729908367317023,10,633.3333333333333,94.73684210526316,92.74145218320575
46272,true,1.4486733185990204,10,633.3333333333333,94.73684210526316,92.7813599816469
46307,true,1.5365414485640372,10,633.3333333333333,94.73684210526316,92.82046962411923
46341,true,1.6567746523887195,10,633.3333333333333,94.73684210526316,92.8587970737421
46377,true,1.7910127390140076,10,633.3333333333333,94.73684210526316,92.8963579743725
46412,true,1.9119367786908015,10,633.3333333333333,94.73684210526316,92.93316765699032
46442,true,1.7678161766935148,14,666.6666666666666,90.0,92.96924114595578
46485,true,1.51857155571048,14,666.6666666666666,90.0,92.90985632303666
46513,true,1.2125063448908975,14,666.6666666666666,90.0,92.85165919657592
46541,true,0.8540202118621778,14,666.6666666666666,90.0,92.7946260126444
46577,true,0.5110690665994468,14,666.6666666666666,90.0,92.7387334923915
46614,true,0.4069597297006169,14,666.6666666666666,90.0,92.68395882254367
46646,true,0.4105838413326808,14,666.6666666666666,90.0,92.63027964609279
46684,true,0.46863439562162057,14,666.6666666666666,90.0,92.57767405317092
46716,true,0.5554775625554669,14,666.6666666666666,90.0,92.5261205721075
46742,true,0.6315090085062707,11,633.3333333333333,94.73684210526316,92.47559816066534
46777,true,0.6823007324254036,11,633.3333333333333,94.73684210526316,92.5208230395573
46811,true,0.6970938879261155,11,633.3333333333333,94.73684210526316,92.56514342087141
46843,true,0.6877980996487452,11,633.3333333333333,94.73684210526316,92.60857739455923
46878,true,0.6719371657019622,11,633.3333333333333,94.73684210526316,92.6511426887733
46925,true,0.6543390293645359,11,633.3333333333333,94.73684210526316,92.6928566771031
46955,true,0.6534473828137379,11,633.3333333333333,94.73684210526316,92.73373638566629
46979,true,0.7065241945792593,11,633.3333333333333,94.73684210526316,92.77379850005822
47013,true,0.7657285538130054,11,633.3333333333333,94.73684210526316,92.81305937216231
47041,true,0.8306480594366121,11,633.3333333333333,94.73684210526316,92.85153502682432
47077,true,0.9224678991615463,11,633.3333333333333,94.73684210526316,92.8892411683931
47111,true,0.9980247912830578,11,633.3333333333333,94.73684210526316,92.9261931871305
47140,true,0.894164862157595,11,633.3333333333333,94.73684210526316,92.96240616549315
47183,true,0.6546890739025741,11,633.3333333333333,94.73684210526316,92.99789488428854
47208,true,0.34810556963989825,14,666.6666666666666,90.0,93.03267382870803
47240,true,0.0025235245926751304,14,666.6666666666666,90.0,92.97202035213387
47281,true,-0.34383080520234444,14,666.6666666666666,90.0,92.91257994509118
47310,true,-0.515460511516352,14,666.6666666666666,90.0,92.85432834618935
47343,true,-0.5112102524565216,14,666.6666666666666,90.0,92.79724177926556
47374,true,-0.41230969793002714,14,666.6666666666666,90.0,92.74129694368024
47412,true,-0.28541097762277445,14,666.6666666666666,90.0,92.68647100480663
47443,true,-0.15132362891685602,14,666.6666666666666,90.0,92.6327415847105
47489,true,-0.048449653654841995,13,666.6666666666666,90.0,92.58008675301629
47507,true,0.0011280642499400528,13,666.6666666666666,90.0,92.52848501795596
47543,true,0.010626703756486222,13,666.6666666666666,90.0,92.47791531759684
47584,true,-0.0027166223548817925,13,666.6666666666666,90.0,92.4283570112449
47613,true,-0.007514071436418135,13,666.6666666666666,90.0,92.37978987102
47641,true,0.021711090470375893,13,666.6666666666666,90.0,92.3321940735996
47677,true,0.104504411414581,13,666.6666666666666,90.0,92.2855501921276
47717,true,0.20884024278433344,13,666.6666666666666,90.0,92.23983918828505
47749,true,0.3361329099318766,13,666.6666666666666,90.0,92.19504240451934
47773,true,0.471218426243297,13,666.6666666666666,90.0,92.15114155642895
47814,true,0.5580609712791329,13,666.6666666666666,90.0,92.10811872530037
47844,true,0.43359424008826863,14,666.6666666666666,90.0,92.06595635079437
47876,true,0.17635234398943567,14,666.6666666666666,90.0,92.02463722377847
47913,true,-0.12462433854315691,14,666.6666666666666,90.0,91.9841444793029
47945,true,-0.4775074979177134,14,666.6666666666666,90.0,91.94446158971684
47976,true,-0.8208229776023757,14,666.6666666666666,90.0,91.9055723579225
48014,true,-0.9967079230004288,14,666.6666666666666,90.0,91.86746091076404
48051,true,-1.040892943730114,1,433.33333333333337,138.46153846153845,91.83011169254875
48085,true,-1.043730009033652,1,433.33333333333337,138.46153846153845,91.83011169254875
48115,true,-1.0055398551209578,1,433.33333333333337,138.46153846153845,91.83011169254875
48146,true,-0.945559554915036,1,433.33333333333337,138.46153846153845,91.83011169254875
48177,true,-0.8878496039447157,1,433.33333333333337,138.46153846153845,91.83011169254875
48210,true,-0.8443920111795364,1,433.33333333333337,138.46153846153845,91.83011169254875
48242,true,-0.8310762382293433,1,433.33333333333337,138.46153846153845,91.83011169254875
48279,true,-0.8338636298698816,1,433.33333333333337,138.46153846153845,91.83011169254875
48313,true,-0.837239698539463,1,433.33333333333337,138.46153846153845,91.83011169254875
48344,true,-0.8083234171046172,1,433.33333333333337,138.46153846153845,91.83011169254875
48380,true,-0.7545231940230224,1,433.33333333333337,138.46153846153845,91.83011169254875
48414,true,-0.661428384687099,1,433.33333333333337,138.46153846153845,91.83011169254875
48449,true,-0.5506566488945168,1,433.33333333333337,138.46153846153845,91.83011169254875
48476,true,-0.4226574503716449,1,433.33333333333337,138.46153846153845,91.83011169254875
48518,true,-0.29482951507500843,1,433.33333333333337,138.46153846153845,91.83011169254875
48548,true,-0.21555643164623461,1,433.33333333333337,138.46153846153845,91.83011169254875
48578,true,-0.3722129637532987,1,433.33333333333337,138.46153846153845,91.83011169254875
48613,true,-0.6291319274391469,1,433.33333333333337,138.46153846153845,91.83011169254875
48641,true,-0.9487728520845735,1,433.33333333333337,138.46153846153845,91.83011169254875
48683,true,-1.3151354001365405,1,433.33333333333337,138.46153846153845,91.83011169254875
48708,true,-1.6628495906341811,1,433.33333333333337,138.46153846153845,91.83011169254875
48751,true,-1.7616488219148039,14,666.6666666666666,90.0,91.83011169254875
48779,true,-1.7714527289247997,14,666.6666666666666,90.0,91.79350945869777
48811,true,-1.7103882946052238,14,666.6666666666666,90.0,91.7576392695238
48842,true,-1.612819289674178,14,666.6666666666666,90.0,91.72248648413333
48880,true,-1.504885761624422,14,666.6666666666666,90.0,91.68803675445065
48922,true,-1.4381961221336894,14,666.6666666666666,90.0,91.65427601936163
48953,true,-1.3910447132644777,14,666.6666666666666,90.0,91.6211904989744
48974,true,-1.3807373795688136,14,666.6666666666666,90.0,91.58876668899491
49015,true,-1.37164796746751,14,666.6666666666666,90.0,91.556991355215
49041,true,-1.362402935649044,14,666.6666666666666,90.0,91.5258515281107
49082,true,-1.3115531467113613,14,666.6666666666666,90.0,91.49533449754848
49120,true,-1.2393869978291718,14,666.6666666666666,90.0,91.46542780759751
49141,true,-1.1164744358834469,14,666.6666666666666,90.0,91.43611925144555
49176,true,-0.9710985061773556,13,666.6666666666666,90.0,91.40739686641663
49206,true,-0.8183085014300389,13,666.6666666666666,90.0,91.37924892908829
49249,true,-0.668463134524643,13,666.6666666666666,90.0,91.35166395050652
49279,true,-0.6176447184722065,13,666.6666666666666,90.0,91.32463067149638
49315,true,-0.7874783755437988,14,666.6666666666666,90.0,91.29813805806644
49346,true,-1.0591029161351173,14,666.6666666666666,90.0,91.2721752969051
49384,true,-1.3726439330418998,14,666.6666666666666,90.0,91.246731790967
49414,true,-1.7133265902564858,14,666.6666666666666,90.0,91.22179715514766
49480,true,-1.946256114594405,14,666.6666666666666,90.0,91.1973612120447
49511,true,-1.9753026245892045,14,666.6666666666666,90.0,91.1734139878038
49554,true,-1.9109174612060542,14,666.6666666666666,90.0,91.14994570804772
49586,true,-1.8050459639168253,14,666.6666666666666,90.0,91.12694679388676
49620,true,-1.6918192488402894,14,666.6666666666666,90.0,91.10440785800903
49647,true,-1.6044180672159598,14,666.6666666666666,90.0,91.08231970084884
49673,true,-1.5472790435920558,14,666.6666666666666,90.0,91.06067330683186
49708,true,-1.5088499758178102,14,666.6666666666666,90.0,91.03945984069522
49745,true,-1.4811476054723016,14,666.6666666666666,90.0,91.01867064388131
49782,true,-1.4474766577574485,14,666.6666666666666,90.0,90.99829723100368
49807,true,-1.386989651096684,14,666.6666666666666,90.0,90.9783312863836
49844,true,-1.2729550781897672,13,666.6666666666666,90.0,90.95876466065592
49875,true,-1.1461998910382363,13,666.6666666666666,90.0,90.93958936744279
49913,true,-0.9841624543819307,13,666.6666666666666,90.0,90.92079758009393
49956,true,-0.8109026733714018,3,400.0,150.0,90.90238162849205
49978,true,-0.6866318833655782,3,400.0,150.0,90.90238162849205
50013,true,-0.7449176411051326,3,400.0,150.0,90.90238162849205
50044,true,-0.9553357997569663,3,400.0,150.0,90.90238162849205
50080,true,-1.247097055338429,3,400.0,150.0,90.90238162849205
50116,true,-1.595354833270619,3,400.0,150.0,90.90238162849205
50150,true,-1.9307383943227876,3,400.0,150.0,90.90238162849205
50182,true,-2.1154867524804217,13,666.6666666666666,90.0,90.90238162849205
50215,true,-2.140637240516014,13,666.6666666666666,90.0,90.8843339959222
50249,true,-2.1023133309729474,13,666.6666666666666,90.0,90.86664731600375
50280,true,-2.013795395452064,13,666.6666666666666,90.0,90.84931436968367
50320,true,-1.9109004285138553,13,666.6666666666666,90.0,90.83232808228999
50340,true,-1.8427250245852917,13,666.6666666666666,90.0,90.81568152064419
50378,true,-1.8002674442240902,13,666.6666666666666,90.0,90.79936789023131
50417,true,-1.7938485546757477,13,666.6666666666666,90.0,90.78338053242668
50446,true,-1.7985931351794306,13,666.6666666666666,90.0,90.76771292177814
50477,true,-1.7842967219120567,13,666.6666666666666,90.0,90.75235866334258
50506,true,-1.7176047881981162,13,666.6666666666666,90.0,90.73731149007573
50542,true,-1.6107760531489816,13,666.6666666666666,90.0,90.72256526027421
50579,true,-1.462416925929233,13,666.6666666666666,90.0,90.70811395506873
50613,true,-1.282389742786819,11,666.6666666666666,90.0,90.69395167596734
50643,true,-1.0999802747356284,11,666.6666666666666,90.0,90.680072642448
50683,true,-0.9563866030190411,11,666.6666666666666,90.0,90.66647118959904
50716,true,-0.9793352795744568,12,666.6666666666666,90.0,90.65314176580705
50744,true,-1.1337762979583488,12,666.6666666666666,90.0,90.6400789304909
50776,true,-1.3945037639154236,12,666.6666666666666,90.0,90.62727735188108
50812,true,-1.7114481792824279,12,666.6666666666666,90.0,90.61473180484344
50843,true,-2.0136860774208003,12,666.6666666666666,90.0,90.60243716874658
50880,true,-2.161754445423952,12,666.6666666666666,90.0,90.59038842537164
50910,true,-2.168268714541199,12,666.6666666666666,90.0,90.5785806568642
50944,true,-2.078514249529178,12,666.6666666666666,90.0,90.56700904372691
50975,true,-1.9346890196360675,12,666.6666666666666,90.0,90.55566886285237
51010,true,-1.8006686155769103,12,666.6666666666666,90.0,90.54455548559532
51046,true,-1.6959239981775909,12,666.6666666666666,90.0,90.53366437588342
51078,true,-1.6578261612025926,12,666.6666666666666,90.0,90.52299108836574
51115,true,-1.636832393344548,12,666.6666666666666,90.0,90.51253126659843
51187,true,-1.608474772945982,12,666.6666666666666,90.0,90.50228064126645
51212,true,-1.534552680901811,12,666.6666666666666,90.0,90.49223502844112
51274,true,-1.3985876319998454,12,666.6666666666666,90.0,90.4823903278723
51312,true,-1.194749615814601,11,666.6666666666666,90.0,90.47274252131484
51350,true,-0.9949433868567041,11,666.6666666666666,90.0,90.46328767088855
51377,true,-0.9719465918923902,11,666.6666666666666,90.0,90.45402191747077
51444,true,-1.2130081218611508,12,666.6666666666666,90.0,90.44494147912135
51476,true,-1.4991950723129719,12,666.6666666666666,90.0,90.43604264953892
51512,true,-1.829490992051774,12,666.6666666666666,90.0,90.42732179654814
51543,true,-2.155992228116361,12,666.6666666666666,90.0,90.41877536061718
51576,true,-2.3186661753044007,12,666.6666666666666,90.0,90.41039985340483
51608,true,-2.232224484927656,12,666.6666666666666,90.0,90.40219185633673
51640,true,-2.125296023397709,12,666.6666666666666,90.0,90.39414801921
51672,true,-2.0161663089554054,12,666.6666666666666,90.0,90.38626505882578
51708,true,-1.939031001093042,12,666.6666666666666,90.0,90.37853975764926
51744,true,-1.8845568879777659,12,666.6666666666666,90.0,90.37096896249628
51777,true,-1.863187037003712,12,666.6666666666666,90.0,90.36354958324635
51811,true,-1.8614281543686104,12,666.6666666666666,90.0,90.35627859158143
51844,true,-1.8477259894899873,12,666.6666666666666,90.0,90.34915301974979
51878,true,-1.81192273642921,12,666.6666666666666,90.0,90.34216995935479
51913,true,-1.7634761333824542,12,666.6666666666666,90.0,90.33532656016769
51940,true,-1.6821992355855002,12,666.6666666666666,90.0,90.32862002896432
51986,true,-1.5664659767194848,11,666.6666666666666,90.0,90.32204762838504
52012,true,-1.4467956213963475,11,666.6666666666666,90.0,90.31560667581734
52050,true,-1.411784854610488,11,666.6666666666666,90.0,90.30929454230099
52078,true,-1.5049225980926053,12,666.6666666666666,90.0,90.30310865145496
52108,true,-1.711784918083282,12,666.6666666666666,90.0,90.29704647842586
52145,true,-2.015954820516953,12,666.6666666666666,90.0,90.29110554885733
52182,true,-2.3473418552991916,12,666.6666666666666,90.0,90.28528343788018
52210,true,-2.6103156387678723,12,666.6666666666666,90.0,90.27957776912257
52245,true,-2.7475796787310856,12,666.6666666666666,90.0,90.27398621374012
52279,true,-2.777880145285309,12,666.6666666666666,90.0,90.26850648946531
52310,true,-2.7431782140080827,12,666.6666666666666,90.0,90.263136359676
52342,true,-2.678212744160561,12,666.6666666666666,90.0,90.25787363248247
52374,true,-2.611734738217507,12,666.6666666666666,90.0,90.25271615983281
52411,true,-2.5538423949315927,12,666.6666666666666,90.0,90.24766183663615
52444,true,-2.4976488212031995,12,666.6666666666666,90.0,90.24270859990342
52483,true,-2.442433084701946,12,666.6666666666666,90.0,90.23785442790535
52512,true,-2.398636939047634,12,666.6666666666666,90.0,90.23309733934724
52543,true,-2.3197978032760034,12,666.6666666666666,90.0,90.22843539256029
52575,true,-2.2277838184798497,11,666.6666666666666,90.0,90.22386668470908
52608,true,-2.111173141701471,11,666.6666666666666,90.0,90.2193893510149
52643,true,-1.9838506019378315,11,666.6666666666666,90.0,90.21500156399459
52679,true,-1.8385401765225424,11,666.6666666666666,90.0,90.2107015327147
52711,true,-1.685567895264029,11,666.6666666666666,90.0,90.2064875020604
52749,true,-1.5634459798131957,11,666.6666666666666,90.0,90.20235775201918
52774,true,-1.6185852781107712,12,666.6666666666666,90.0,90.1983105969788
52809,true,-1.802215866071407,12,666.6666666666666,90.0,90.19434438503922
52846,true,-2.0656997244645368,12,666.6666666666666,90.0,90.19045749733843
52877,true,-2.388921758562475,12,666.6666666666666,90.0,90.18664834739165
52912,true,-2.701082794656031,12,666.6666666666666,90.0,90.18291538044382
52942,true,-2.869831919900662,12,666.6666666666666,90.0,90.17925707283493
52976,true,-2.920481352151313,12,666.6666666666666,90.0,90.17567193137823
53005,true,-2.898989831352111,12,666.6666666666666,90.0,90.17215849275067
53047,true,-2.841588676573963,12,666.6666666666666,90.0,90.16871532289565
53076,true,-2.777332822645917,12,666.6666666666666,90.0,90.16534101643774
53112,true,-2.7264756362108926,13,666.6666666666666,90.0,90.16203419610898
53148,true,-2.6922941820389212,13,666.6666666666666,90.0,90.15879351218679
53177,true,-2.6606684202146482,13,666.6666666666666,90.0,90.15561764194305
53206,true,-2.613949491748457,13,666.6666666666666,90.0,90.15250528910418
53245,true,-2.539614567162033,12,700.0,85.71428571428571,90.14945518332209
53283,true,-2.426041389657968,12,700.0,85.71428571428571,90.06075179394135
53310,true,-2.300821499865094,12,700.0,85.71428571428571,89.97382247234823
53342,true,-2.1843128950854975,12,700.0,85.71428571428571,89.88863173718697
53375,true,-2.0697297177010796,12,700.0,85.71428571428571,89.80514481672894
53406,true,-1.9391478826722448,12,700.0,85.71428571428571,89.72332763468007
53449,true,-1.8200897987920257,12,700.0,85.71428571428571,89.64314679627218
53477,true,-1.6794980256781855,12,700.0,85.71428571428571,89.56456957463244
53506,true,-1.6149658231455248,12,700.0,85.71428571428571,89.4875638974255
53541,true,-1.6957750848366402,13,700.0,85.71428571428571,89.4120983337627
53576,true,-1.9065351913012307,13,700.0,85.71428571428571,89.33814208137315
53610,true,-2.167863165685816,13,700.0,85.71428571428571,89.2656649540314
53651,true,-2.4842205323209896,13,700.0,85.71428571428571,89.19463736923647
53682,true,-2.7286862502335794,13,700.0,85.71428571428571,89.12503033613746
53709,true,-2.8406292222779825,13,700.0,85.71428571428571,89.05681544370042
53738,true,-2.8495882263920294,13,700.0,85.71428571428571,88.98996484911211
53772,true,-2.8004344569425257,13,700.0,85.71428571428571,88.92445126641557
53808,true,-2.7197070900738822,13,700.0,85.71428571428571,88.86024795537297
53843,true,-2.6443524364872246,13,700.0,85.71428571428571,88.79732871055121
53881,true,-2.566161560198225,12,700.0,85.71428571428571,88.7356678506259
53911,true,-2.5018640837252235,12,700.0,85.71428571428571,88.6752402078991
53941,true,-2.4544395109539607,12,700.0,85.71428571428571,88.61602111802682
53978,true,-2.3962366078185084,12,700.0,85.71428571428571,88.557986409952
54007,true,-2.3180160595265136,12,700.0,85.71428571428571,88.50111239603866
54041,true,-2.226595179617476,11,700.0,85.71428571428571,88.4453758624036
54074,true,-2.105903407190141,11,700.0,85.71428571428571,88.39075405944124
54106,true,-1.9670433627929071,11,700.0,85.71428571428571,88.33722469253811
54143,true,-1.8240577220910552,11,700.0,85.71428571428571,88.28476591297306
54180,true,-1.6651842655822122,11,700.0,85.71428571428571,88.2333563089993
54210,true,-1.502681439288608,11,700.0,85.71428571428571,88.18297489710503
54242,true,-1.32785035387937,11,700.0,85.71428571428571,88.13360111344863
54278,true,-1.161695410356458,11,700.0,85.71428571428571,88.08521480546537
54309,true,-1.0787369500321233,11,700.0,85.71428571428571,88.03779622364176
54342,true,-1.1497195947048056,11,700.0,85.71428571428571,87.99132601345464
54377,true,-1.3795568325748206,11,700.0,85.71428571428571,87.94578520747125
54411,true,-1.6678301333830063,11,700.0,85.71428571428571,87.90115521760752
54449,true,-1.9847297788139997,11,700.0,85.71428571428571,87.85741782754108
54478,true,-2.237630835694148,11,700.0,85.71428571428571,87.81455518527596
54510,true,-2.3476471398929846,10,700.0,85.71428571428571,87.77254979585615
54542,true,-2.315060566008242,10,700.0,85.71428571428571,87.73138451422473
54578,true,-2.2438337291073935,10,700.0,85.71428571428571,87.69104253822594
54611,true,-2.139037502273169,10,700.0,85.71428571428571,87.65150740174712
54641,true,-2.0462875954737854,10,700.0,85.71428571428571,87.6127629679979
54671,true,-1.9639346117924106,10,700.0,85.71428571428571,87.57479342292365
54710,true,-1.8872269673088908,10,700.0,85.71428571428571,87.53758326875088
54741,true,-1.8173992681425943,10,700.0,85.71428571428571,87.50111731766157
54777,true,-1.7651418650895039,10,700.0,85.71428571428571,87.46538068559404
54807,true,-1.6859723346492785,10,700.0,85.71428571428571,87.43035878616787
54839,true,-1.5763021779995938,10,700.0,85.71428571428571,87.39603732473022
54877,true,-1.4413430876143707,10,700.0,85.71428571428571,87.36240229252132
54909,true,-1.3072721042645128,12,700.0,85.71428571428571,87.3294399609566
54943,true,-1.1570450672010395,12,700.0,85.71428571428571,87.29713687602317
54980,true,-0.9871985550380771,12,700.0,85.71428571428571,87.26547985278842
55019,true,-0.848835737369626,12,700.0,85.71428571428571,87.23445597001836
55047,true,-0.7057926841780215,12,700.0,85.71428571428571,87.2040525649037
55079,true,-0.554794004400577,12,700.0,85.71428571428571,87.17425722789133
55111,true,-0.510983924630068,12,700.0,85.71428571428571,87.14505779761922
55143,true,-0.6158480124270795,9,700.0,85.71428571428571,87.11644235595254
55178,true,-0.8093291446474211,9,700.0,85.71428571428571,87.0883992231192
55213,true,-1.0916065384012086,9,700.0,85.71428571428571,87.06091695294252
55247,true,-1.412635205797244,9,700.0,85.71428571428571,87.03398432816938
55275,true,-1.6555448940341932,9,700.0,85.71428571428571,87.00759035589171
55313,true,-1.780864599163209,9,700.0,85.71428571428571,86.98172426305958
55346,true,-1.8043557048262073,9,700.0,85.71428571428571,86.95637549208409
55384,true,-1.7486416403847898,9,700.0,85.71428571428571,86.93153369652812
55407,true,-1.6720727131049102,9,700.0,85.71428571428571,86.90718873688327
55442,true,-1.5974730470229872,9,700.0,85.71428571428571,86.88333067643131
55476,true,-1.5312252128051966,9,700.0,85.71428571428571,86.85994977718839
55509,true,-1.4831248626791762,9,700.0,85.71428571428571,86.83703649593033
55539,true,-1.457545879563071,9,700.0,85.71428571428571,86.81458148029743
55580,true,-1.4201463549884465,9,700.0,85.71428571428571,86.7925755649772
55612,true,-1.3526270566139829,9,700.0,85.71428571428571,86.77100976796336
55647,true,-1.25779721075412,9,700.0,85.71428571428571,86.7498752868898
55675,true,-1.1327344936448753,9,700.0,85.71428571428571,86.72916349543772
55707,true,-0.9866666467823393,9,700.0,85.71428571428571,86.70886593981467
55744,true,-0.8211964742138207,9,700.0,85.71428571428571,86.68897433530408
55775,true,-0.65321799227155,9,700.0,85.71428571428571,86.6694805628837
55812,true,-0.4851372653002102,12,700.0,85.71428571428571,86.65037666591174
55844,true,-0.32907816632845766,12,700.0,85.71428571428571,86.63165484687921
55873,true,-0.3027258036633782,12,700.0,85.71428571428571,86.61330746422733
55907,true,-0.41799549927768,13,700.0,85.71428571428571,86.5953270292285
55943,true,-0.6433103340625337,13,700.0,85.71428571428571,86.57770620292963
55975,true,-0.9368085733987925,13,700.0,85.71428571428571,86.56043779315675
56031,true,-1.2550616192906716,13,700.0,85.71428571428571,86.54351475157932
56041,true,-1.459593983786874,13,700.0,85.71428571428571,86.52693017083344
56077,true,-1.5431398917860406,13,700.0,85.71428571428571,86.51067728170247
56108,true,-1.5239693138356074,13,700.0,85.71428571428571,86.49474945035412
56141,true,-1.4333859589800113,13,700.0,85.71428571428571,86.47914017563275
56180,true,-1.340462073090805,13,700.0,85.71428571428571,86.4638430864058
56210,true,-1.2554437511504943,13,700.0,85.71428571428571,86.44885193896339
56241,true,-1.2009453069886717,13,700.0,85.71428571428571,86.43416061446983
56274,true,-1.151370764799509,13,700.0,85.71428571428571,86.41976311646614
56317,true,-1.1131335937984375,13,700.0,85.71428571428571,86.40565356842252
56345,true,-1.056480597591161,13,700.0,85.71428571428571,86.39182621133978
56409,true,-0.9598189940066106,13,700.0,85.71428571428571,86.37827540139868
56444,true,-0.8162344653162847,13,700.0,85.71428571428571,86.36499560765641
56472,true,-0.6645083498189024,13,700.0,85.71428571428571,86.35198140978899
56508,true,-0.49043724762913143,13,700.0,85.71428571428571,86.33922749587892
56540,true,-0.2988459428680983,12,733.3333333333333,81.81818181818183,86.32672866024704
56581,true,-0.11724986716845365,12,733.3333333333333,81.81818181818183,86.23655772340574
56614,true,0.0606985259316275,12,733.3333333333333,81.81818181818183,86.14819020530126
56642,true,0.19950972442720172,12,733.3333333333333,81.81818181818183,86.06159003755887
56698,true,0.17528614057036407,13,733.3333333333333,81.81818181818183,85.97672187317133
56710,true,-0.03260113116940033,13,733.3333333333333,81.81818181818183,85.89355107207155
56781,true,-0.33789220473727255,13,733.3333333333333,81.81818181818183,85.81204368699375
56810,true,-0.6897773244013763,13,733.3333333333333,81.81818181818183,85.73216644961751
56839,true,-1.0185496255504347,13,733.3333333333333,81.81818181818183,85.6538867569888
56870,true,-1.212663458450777,13,733.3333333333333,81.81818181818183,85.57717265821266
56906,true,-1.2424751565471013,13,733.3333333333333,81.81818181818183,85.50199284141205
56940,true,-1.1889013133975652,13,733.3333333333333,81.81818181818183,85.42831662094744
56979,true,-1.11089630077808,13,733.3333333333333,81.81818181818183,85.35611392489213
57007,true,-1.0363299959013261,13,733.3333333333333,81.81818181818183,85.28535528275792
57043,true,-0.9777462108673376,13,733.3333333333333,81.81818181818183,85.2160118134664
57076,true,-0.9353499502078364,13,733.3333333333333,81.81818181818183,85.14805521356071
57104,true,-0.8984260028812514,13,733.3333333333333,81.81818181818183,85.08145774565314
57141,true,-0.8447564767906783,13,733.3333333333333,81.81818181818183,85.01619222710372
57178,true,-0.7805670937681555,13,733.3333333333333,81.81818181818183,84.95223201892529
57211,true,-0.6804722305139705,13,733.3333333333333,81.81818181818183,84.88955101491042
57241,true,-0.5632401992142491,13,733.3333333333333,81.81818181818183,84.82812363097585
57277,true,-0.445287562785154,12,733.3333333333333,81.81818181818183,84.76792479471997
57309,true,-0.31503941506159094,12,733.3333333333333,81.81818181818183,84.70892993518922
57341,true,-0.16814994191494748,12,733.3333333333333,81.81818181818183,84.65111497284907
57376,true,-0.016732637117485183,12,733.3333333333333,81.81818181818183,84.59445630975573
57414,true,0.14144490722753744,12,733.3333333333333,81.81818181818183,84.53893081992425
57443,true,0.3181459301446239,12,733.3333333333333,81.81818181818183,84.4845158398894
57474,true,0.4758411673447256,12,733.3333333333333,81.81818181818183,84.43118915945524
57510,true,0.5504208342179027,12,733.3333333333333,81.81818181818183,84.37892901262978
57540,true,0.43740334260573377,13,733.3333333333333,81.81818181818183,84.32771406874083
57576,true,0.17055388511749925,13,733.3333333333333,81.81818181818183,84.27752342372965
57605,true,-0.1703933309725585,13,733.3333333333333,81.81818181818183,84.2283365916187
57645,true,-0.5368605870595502,13,733.3333333333333,81.81818181818183,84.18013349614996
57677,true,-0.8701420456596054,13,733.3333333333333,81.81818181818183,84.1328944625906
57713,true,-1.0302077528779137,13,733.3333333333333,81.81818181818183,84.08660020970242
57742,true,-1.0597610730442568,13,733.3333333333333,81.81818181818183,84.04123184187202
57813,true,-1.0183856605606536,13,733.3333333333333,81.81818181818183,83.99677084139822
57842,true,-0.9714573824834645,13,733.3333333333333,81.81818181818183,83.9531990609339
57880,true,-0.9185291755194669,13,733.3333333333333,81.81818181818183,83.91049871607886
57912,true,-0.8770491272667584,13,733.3333333333333,81.81818181818183,83.86865237812093
57943,true,-0.833763698609971,13,733.3333333333333,81.81818181818183,83.82764296692214
57975,true,-0.7993799038908378,13,733.3333333333333,81.81818181818183,83.78745374394734
58010,true,-0.749714226768674,12,733.3333333333333,81.81818181818183,83.74806830543203
58049,true,-0.6618308715762851,12,733.3333333333333,81.81818181818183,83.70947057568702
58074,true,-0.5679056270295746,12,733.3333333333333,81.81818181818183,83.67164480053692
58110,true,-0.45244919569799436,12,733.3333333333333,81.81818181818183,83.63457554088983
58142,true,-0.3306465588167953,12,733.3333333333333,81.81818181818183,83.59824766643567
58176,true,-0.1875071210081387,12,733.3333333333333,81.81818181818183,83.5626463494706
58209,true,-0.04965843652678359,12,733.3333333333333,81.81818181818183,83.52775705884483
58245,true,0.10474541893842115,12,733.3333333333333,81.81818181818183,83.49356555403156
58311,true,0.24744702049605394,12,733.3333333333333,81.81818181818183,83.46005787931458
58347,true,0.2536457229999485,12,733.3333333333333,81.81818181818183,83.42722035809193
58380,true,0.14138359500668685,13,733.3333333333333,81.81818181818183,83.39503958729372
58419,true,-0.08687116175465803,13,733.3333333333333,81.81818181818183,83.36350243191148
58444,true,-0.373130434948024,13,733.3333333333333,81.81818181818183,83.3325960196369
58477,true,-0.6903937441031474,13,733.3333333333333,81.81818181818183,83.3023077356078
58506,true,-0.8908812160850061,13,733.3333333333333,81.81818181818183,83.27262521725928
58541,true,-0.9906999013749953,13,733.3333333333333,81.81818181818183,83.24353634927773
58575,true,-0.9794855378573288,13,733.3333333333333,81.81818181818183,83.21502925865582
58606,true,-0.9105878609554452,13,733.3333333333333,81.81818181818183,83.18709230984634
58644,true,-0.8177697246315176,13,733.3333333333333,81.81818181818183,83.15971410001305
58676,true,-0.7457821487848264,13,733.3333333333333,81.81818181818183,83.13288345437643
58710,true,-0.6927031109760549,13,733.3333333333333,81.81818181818183,83.10658942165253
58742,true,-0.6561905904419234,13,733.3333333333333,81.81818181818183,83.08082126958311
58773,true,-0.6461195793652905,12,766.6666666666667,78.26086956521738,83.05556848055508
58806,true,-0.624353433326462,12,766.6666666666667,78.26086956521738,82.95967450224832
58841,true,-0.554957749723286,12,766.6666666666667,78.26086956521738,82.8656984035077
58874,true,-0.47286287263523263,12,766.6666666666667,78.26086956521738,82.77360182674188
58906,true,-0.368220268545457,12,766.6666666666667,78.26086956521738,82.68334718151138
58941,true,-0.23658816256269688,12,766.6666666666667,78.26086956521738,82.5948976291855
58972,true,-0.10279107035171364,12,766.6666666666667,78.26086956521738,82.50821706790613
59010,true,0.037573969838007315,12,766.6666666666667,78.26086956521738,82.42327011785235
59045,true,0.19847279289649578,12,766.6666666666667,78.26086956521738,82.34002210679965
59080,true,0.3797860318489654,12,766.6666666666667,78.26086956521738,82.258439055968
59109,true,0.53788586187639,12,766.6666666666667,78.26086956521738,82.17848766615298
59141,true,0.5831838051037437,12,766.6666666666667,78.26086956521738,82.10013530413426
59173,true,0.45444069984748126,13,766.6666666666667,78.26086956521738,82.0233499893559
59207,true,0.21925994869067722,13,766.6666666666667,78.26086956521738,81.94810038087313
59240,true,-0.10596759841226344,13,766.6666666666667,78.26086956521738,81.87435576456001
59275,true,-0.4548576425816009,13,766.6666666666667,78.26086956521738,81.80208604057314
59308,true,-0.696922322932437,13,766.6666666666667,78.26086956521738,81.73126171106603
59344,true,-0.7964173245331381,13,766.6666666666667,78.26086956521738,81.66185386814905
59378,true,-0.7875330295295555,13,766.6666666666667,78.26086956521738,81.59383418209042
59411,true,-0.7158022589987354,13,766.6666666666667,78.26086956521738,81.52717488975296
59443,true,-0.6166778825338497,13,766.6666666666667,78.26086956521738,81.46184878326224
59472,true,-0.5311311969684027,13,766.6666666666667,78.26086956521738,81.39782919890133
59510,true,-0.46171619123435903,12,766.6666666666667,78.26086956521738,81.33509000622765
59548,true,-0.42327019106227226,12,766.6666666666667,78.26086956521738,81.27360559740744
59582,true,-0.39939380697833826,12,766.6666666666667,78.26086956521738,81.21335087676363
59607,true,-0.3658322299891097,12,766.6666666666667,78.26086956521738,81.1543012505327
59643,true,-0.3095739463585119,12,766.6666666666667,78.26086956521738,81.09643261682639
59677,true,-0.22297112032322275,12,766.6666666666667,78.26086956521738,81.0397213557942
59716,true,-0.10673707143874367,12,766.6666666666667,78.26086956521738,80.98414431998266
59742,true,0.03888015151255786,12,766.6666666666667,78.26086956521738,80.92967882488735
59776,true,0.18666648982662082,12,766.6666666666667,78.26086956521738,80.87630263969395
59811,true,0.34123414801683793,12,766.6666666666667,78.26086956521738,80.82399397820441
59843,true,0.5053790002948801,12,766.6666666666667,78.26086956521738,80.77273148994466
59876,true,0.6319610895220649,12,766.6666666666667,78.26086956521738,80.72249425145012
59909,true,0.5782800982482286,13,766.6666666666667,78.26086956521738,80.67326175772546
59942,true,0.42461358301324026,13,766.6666666666667,78.26086956521738,80.62501391387529
59974,true,0.18092590080047444,13,766.6666666666667,78.26086956521738,80.57773102690213
60011,true,-0.11679841840219751,13,766.6666666666667,78.26086956521738,80.53139379766843
60056,true,-0.4072198592691052,13,766.6666666666667,78.26086956521738,80.4859833130194
60090,true,-0.5500734135723633,13,766.6666666666667,78.26086956521738,80.44148103806336
60157,true,-0.5984119428268571,13,766.6666666666667,78.26086956521738,80.39786880860643
60183,true,-0.5579564764839802,13,766.6666666666667,78.26086956521738,80.35512882373865
60249,true,-0.4978901679029093,12,766.6666666666667,78.26086956521738,80.31324363856822
60278,true,-0.4513854042019432,12,766.6666666666667,78.26086956521738,80.2721961571012
60355,true,-0.39134052902733174,12,766.6666666666667,78.26086956521738,80.23196962526353
60390,true,-0.32782606636456535,12,766.6666666666667,78.26086956521738,80.1925476240626
60449,true,-0.2509050473226466,12,766.6666666666667,78.26086956521738,80.15391406288569
60477,true,-0.13290391174706429,12,766.6666666666667,78.26086956521738,80.11605317293233
60516,true,0.03550360057218427,12,766.6666666666667,78.26086956521738,80.07894950077802
60543,true,0.21480588667481015,12,766.6666666666667,78.26086956521738,80.0425879020668
60574,true,0.3916588194120436,12,766.6666666666667,78.26086956521738,80.0069535353298
60610,true,0.56075630036608,12,766.6666666666667,78.26086956521738,79.97203185592754
60686,true,0.5238223182602724,13,766.6666666666667,78.26086956521738,79.93780861011334
60717,true,0.37248832531051335,13,766.6666666666667,78.26086956521738,79.90426982921541
60781,true,0.1434188869654065,13,766.6666666666667,78.26086956521738,79.87140182393544
60814,true,-0.12983951474350874,13,766.6666666666667,78.26086956521738,79.83919117876108
60883,true,-0.42563655818545953,13,766.6666666666667,78.26086956521738,79.8076247464902
60909,true,-0.53429575579122,13,766.6666666666667,78.26086956521738,79.77668964286474
60945,true,-0.5469384724277688,13,766.6666666666667,78.26086956521738,79.74637324131179
60975,true,-0.502941899184691,13,766.6666666666667,78.26086956521738,79.71666316778989
61004,true,-0.4423979872031225,13,766.6666666666667,78.26086956521738,79.68754729573844
61042,true,-0.39833117303118115,13,766.6666666666667,78.26086956521738,79.65901374112802
61077,true,-0.3777770587788041,13,766.6666666666667,78.26086956521738,79.63105085760981
61108,true,-0.3563647485379704,11,766.6666666666667,78.26086956521738,79.60364723176195
61145,true,-0.3268575777075853,11,766.6666666666667,78.26086956521738,79.57679167843106
61175,true,-0.276021943272184,11,766.6666666666667,78.26086956521738,79.55047323616678
61250,true,-0.17953124688997946,11,766.6666666666667,78.26086956521738,79.52468116274778
61294,true,-0.04625377459407787,11,766.6666666666667,78.26086956521738,79.49940493079717
61342,true,0.11348638771053743,11,766.6666666666667,78.26086956521738,79.47463422348557
61375,true,0.28676849990520736,11,766.6666666666667,78.26086956521738,79.45035893032019
61414,true,0.4581229290018314,11,766.6666666666667,78.26086956521738,79.42656914301813
61443,true,0.5184646273427234,11,766.6666666666667,78.26086956521738,79.4032551514621
61473,true,0.39566498366394853,13,766.6666666666667,78.26086956521738,79.38040743973721
61508,true,0.1733598961763505,13,766.6666666666667,78.26086956521738,79.35801668224681
61547,true,-0.11717291513841133,13,766.6666666666667,78.26086956521738,79.33607373990623
61574,true,-0.4523844300157407,13,766.6666666666667,78.26086956521738,79.31456965641244
61607,true,-0.7241522075292437,13,766.6666666666667,78.26086956521738,79.29349565458854
61640,true,-0.8297547151206288,13,766.6666666666667,78.26086956521738,79.27284313280111
61671,true,-0.8690893921420013,13,766.6666666666667,78.26086956521738,79.25260366144944
61712,true,-0.852389094333347,13,766.6666666666667,78.26086956521738,79.23276897952479
61746,true,-0.8024313097320999,13,766.6666666666667,78.26086956521738,79.21333099123864
61783,true,-0.7450625113955027,13,766.6666666666667,78.26086956521738,79.1942817627182
61806,true,-0.6970810697898742,11,766.6666666666667,78.26086956521738,79.17561351876819
61850,true,-0.680332808308151,11,766.6666666666667,78.26086956521738,79.15731863969717
61873,true,-0.679382069444955,11,766.6666666666667,78.26086956521738,79.13938965820756
61907,true,-0.6688014755807501,11,766.6666666666667,78.26086956521738,79.12181925634775
61939,true,-0.6390296025006137,11,766.6666666666667,78.26086956521738,79.10460026252514
61974,true,-0.6043418957901849,11,766.6666666666667,78.26086956521738,79.08772564857898
62006,true,-0.5275447266841695,11,766.6666666666667,78.26086956521738,79.07118852691174
62049,true,-0.4301102369610703,11,766.6666666666667,78.26086956521738,79.05498214767785
62072,true,-0.30727340247116786,11,766.6666666666667,78.26086956521738,79.03909989602863
62107,true,-0.20858470816969543,11,766.6666666666667,78.26086956521738,79.02353528941241
62145,true,-0.0714450774390798,11,766.6666666666667,78.26086956521738,79.00828197492851
62179,true,0.05799288993037521,11,766.6666666666667,78.26086956521738,78.99333372673428
62209,true,0.07086707869052589,11,766.6666666666667,78.26086956521738,78.97868444350394
62241,true,-0.05697305351776549,12,766.6666666666667,78.26086956521738,78.9643281459382
62271,true,-0.2609921396552579,12,766.6666666666667,78.26086956521738,78.95025897432377
62309,true,-0.5480419292898091,12,766.6666666666667,78.26086956521738,78.93647118614165
62345,true,-0.8696116828377285,12,766.6666666666667,78.26086956521738,78.92295915372316
62381,true,-1.099616238169915,12,766.6666666666667,78.26086956521738,78.90971736195304
62453,true,-1.2101615048997871,12,766.6666666666667,78.26086956521738,78.89674040601832
62480,true,-1.2220657040330423,11,766.6666666666667,78.26086956521738,78.88402298920231
62548,true,-1.1982258701298463,11,766.6666666666667,78.26086956521738,78.8715599207226
62574,true,-1.165106252272551,11,766.6666666666667,78.26086956521738,78.85934611361249
62611,true,-1.1297308280603602,11,766.6666666666667,78.26086956521738,78.84737658264459
62644,true,-1.106847031325941,11,766.6666666666667,78.26086956521738,78.83564644229604
62678,true,-1.0837961702029872,11,766.6666666666667,78.26086956521738,78.82415090475446
62712,true,-1.0455675466288596,11,766.6666666666667,78.26086956521738,78.81288527796372
62746,true,-0.9818492016431151,11,766.6666666666667,78.26086956521738,78.80184496370879
62778,true,-0.8946519106354458,11,766.6666666666667,78.26086956521738,78.79102545573896
62812,true,-0.7901766543423605,11,766.6666666666667,78.26086956521738,78.78042233792853
62844,true,-0.6754514537127818,11,766.6666666666667,78.26086956521738,78.7700312824743
62917,true,-0.5622685775799425,11,766.6666666666667,78.26086956521738,78.75984804812916
62942,true,-0.5736774053744398,11,766.6666666666667,78.26086956521738,78.74986847847092
62980,true,-0.6924809864351289,11,766.6666666666667,78.26086956521738,78.74008850020584
63017,true,-0.8991097473625018,11,766.6666666666667,78.26086956521738,78.73050412150607
63041,true,-1.1550234076995025,11,766.6666666666667,78.26086956521738,78.72111143038029
63078,true,-1.435918125372666,11,766.6666666666667,78.26086956521738,78.71190659307703
63128,true,-1.6088745919443852,11,766.6666666666667,78.26086956521738,78.70288585251983
63142,true,-1.6805702289820204,11,766.6666666666667,78.26086956521738,78.69404552677378
63175,true,-1.657149685416556,11,766.6666666666667,78.26086956521738,78.68538200754264
63207,true,-1.5932421760693387,11,766.6666666666667,78.26086956521738,78.67689175869613
63248,true,-1.5227294781606133,12,766.6666666666667,78.26086956521738,78.66857131482655
63276,true,-1.4603801577490003,12,766.6666666666667,78.26086956521738,78.66041727983436
63309,true,-1.4234055571112663,12,766.6666666666667,78.26086956521738,78.65242632554202
63343,true,-1.4085545397670671,12,766.6666666666667,78.26086956521738,78.64459519033552
63397,true,-1.4042139733847137,12,766.6666666666667,78.26086956521738,78.63692067783316
63415,true,-1.374003234509786,12,766.6666666666667,78.26086956521738,78.62939965558084
63449,true,-1.3277126066788298,12,766.6666666666667,78.26086956521738,78.62202905377357
63477,true,-1.2400233692660265,12,766.6666666666667,78.26086956521738,78.61480586400245
63505,true,-1.137224380097166,12,766.6666666666667,78.26086956521738,78.60772713802675
63542,true,-1.0199144035431686,12,766.6666666666667,78.26086956521738,78.60078998657056
63578,true,-0.9010701924445073,12,766.6666666666667,78.26086956521738,78.59399157814349
63611,true,-0.7703839137818989,12,766.6666666666667,78.26086956521738,78.58732913788496
63647,true,-0.7242742249661944,12,766.6666666666667,78.26086956521738,78.58079994643161
63676,true,-0.805089373541648,11,766.6666666666667,78.26086956521738,78.57440133880732
63715,true,-0.9912119584934658,11,766.6666666666667,78.26086956521738,78.56813070333551
63749,true,-1.2470243369816956,11,766.6666666666667,78.26086956521738,78.56198548057314
63779,true,-1.5331384800054764,11,766.6666666666667,78.26086956521738,78.55596316226602
63806,true,-1.7679662422220588,11,766.6666666666667,78.26086956521738,78.55006129032505
63840,true,-1.893790606790617,11,766.6666666666667,78.26086956521738,78.5442774558229
63875,true,-1.9158185920426547,11,766.6666666666667,78.26086956521738,78.53860929801078
63907,true,-1.872739089761609,11,766.6666666666667,78.26086956521738,78.5330545033549
63937,true,-1.8064476664516462,11,766.6666666666667,78.26086956521738,78.52761080459214
63977,true,-1.7585510818357193,11,766.6666666666667,78.26086956521738,78.52227597980465
64007,true,-1.711821997246517,10,766.6666666666667,78.26086956521738,78.5170478515129
64041,true,-1.697492671426744,10,766.6666666666667,78.26086956521738,78.51192428578699
64078,true,-1.6948228530579001,10,766.6666666666667,78.26086956521738,78.5069031913756
64112,true,-1.7001561324367458,10,766.6666666666667,78.26086956521738,78.50198251885243
64147,true,-1.6678455763449733,10,766.6666666666667,78.26086956521738,78.49716025977972
64175,true,-1.6062827388904566,10,766.6666666666667,78.26086956521738,78.49243444588846
64207,true,-1.5136870197642907,10,766.6666666666667,78.26086956521738,78.48780314827503
64244,true,-1.3972871705472016,10,766.6666666666667,78.26086956521738,78.48326447661388
64283,true,-1.2499703844994485,10,766.6666666666667,78.26086956521738,78.47881657838595
64313,true,-1.0922136233194237,10,766.6666666666667,78.26086956521738,78.47445763812257
64341,true,-0.9309231018856678,10,766.6666666666667,78.26086956521738,78.47018587666446
64379,true,-0.7646564686594388,10,766.6666666666667,78.26086956521738,78.46599955043551
64410,true,-0.6762463633434663,10,766.6666666666667,78.26086956521738,78.46189695073114
64438,true,-0.7509421624439767,10,766.6666666666667,78.26086956521738,78.45787640302086
64474,true,-0.9514921125459921,10,766.6666666666667,78.26086956521738,78.45393626626479
64504,true,-1.217466145018392,10,766.6666666666667,78.26086956521738,78.45007493224384
64540,true,-1.5248525383062486,10,766.6666666666667,78.26086956521738,78.4462908249033
64576,true,-1.8011213033665001,10,766.6666666666667,78.26086956521738,78.44258239970958
64614,true,-1.9749580742621902,10,766.6666666666667,78.26086956521738,78.43894814301973
64684,true,-2.040322915274345,10,766.6666666666667,78.26086956521738,78.43538657146368
64711,true,-2.070298726056194,10,766.6666666666667,78.26086956521738,78.43189623133875
64785,true,-2.09103128656281,10,766.6666666666667,78.26086956521738,78.42847569801633
64813,true,-2.09564889625193,10,766.6666666666667,78.26086956521738,78.42512357536035
64884,true,-2.0582599674301036,10,766.6666666666667,78.26086956521738,78.42183849515749
64915,true,-2.0130696597815927,11,733.3333333333333,81.81818181818183,78.41861911655869
64987,true,-1.9406030434347485,11,733.3333333333333,81.81818181818183,78.48661037059115
65012,true,-1.8280410659988036,11,733.3333333333333,81.81818181818183,78.55324179954297
65042,true,-1.6978677887715605,11,733.3333333333333,81.81818181818183,78.61854059991575
65078,true,-1.5565962927880719,11,733.3333333333333,81.81818181818183,78.68253342428108
65110,true,-1.406060712359107,11,733.3333333333333,81.81818181818183,78.74524639215909
65162,true,-1.27754688650856,11,733.3333333333333,81.81818181818183,78.80670510067955
65179,true,-1.2650662147119078,11,733.3333333333333,81.81818181818183,78.8669346350296
65208,true,-1.3772236626273866,12,733.3333333333333,81.81818181818183,78.92595957869264
65239,true,-1.6049143636977306,12,733.3333333333333,81.81818181818183,78.98380402348242
65275,true,-1.8980853718832975,12,733.3333333333333,81.81818181818183,79.04049157937641
65312,true,-2.2092431684797873,12,733.3333333333333,81.81818181818183,79.09604538415252
65342,true,-2.427378438065574,12,733.3333333333333,81.81818181818183,79.1504881128331
65372,true,-2.5333962273378745,12,733.3333333333333,81.81818181818183,79.20384198694008
65406,true,-2.5507526520036095,12,733.3333333333333,81.81818181818183,79.25612878356492
65448,true,-2.518433471871134,12,733.3333333333333,81.81818181818183,79.30736984425725
65475,true,-2.474280487589084,12,733.3333333333333,81.81818181818183,79.35758608373574
65507,true,-2.438149820275015,13,733.3333333333333,81.81818181818183,79.40679799842466
65539,true,-2.400807998045991,13,733.3333333333333,81.81818181818183,79.45502567481981
65579,true,-2.3501739634616854,13,733.3333333333333,81.81818181818183,79.50228879768706
65605,true,-2.3104260044050022,13,733.3333333333333,81.81818181818183,79.54860665809696
65640,true,-2.245890839762012,13,733.3333333333333,81.81818181818183,79.59399816129866
65674,true,-2.15107296652954,13,733.3333333333333,81.81818181818183,79.63848183443632
65714,true,-2.01790573878597,13,733.3333333333333,81.81818181818183,79.68207583411123
65761,true,-1.864617327218241,12,733.3333333333333,81.81818181818183,79.72479795379265
65778,true,-1.6845884672881084,12,733.3333333333333,81.81818181818183,79.76666563108043
65810,true,-1.5117304264975928,12,733.3333333333333,81.81818181818183,79.80769595482246
65841,true,-1.3452551334452778,12,733.3333333333333,81.81818181818183,79.84790567208965
65875,true,-1.2231638298640064,12,733.3333333333333,81.81818181818183,79.88731119501149
65913,true,-1.2245206886375115,13,733.3333333333333,81.81818181818183,79.9259286074749
65941,true,-1.3634152361174472,13,733.3333333333333,81.81818181818183,79.96377367168904
65972,true,-1.578934383584624,13,733.3333333333333,81.81818181818183,80.0008618346189
66007,true,-1.8488908786135312,13,733.3333333333333,81.81818181818183,80.03720823429016
66042,true,-2.140832205058871,13,733.3333333333333,81.81818181818183,80.072827705968
66078,true,-2.355819614029315,13,733.3333333333333,81.81818181818183,80.10773478821227
66108,true,-2.457963636621713,13,733.3333333333333,81.81818181818183,80.14194372881167
66138,true,-2.4989396119841274,13,733.3333333333333,81.81818181818183,80.17546849059907
66170,true,-2.519003619811059,13,733.3333333333333,81.81818181818183,80.20832275715073
66226,true,-2.512196800798421,13,733.3333333333333,81.81818181818183,80.24051993837135
66254,true,-2.5149477780523455,13,733.3333333333333,81.81818181818183,80.27207317596756
66267,true,-2.4941282771848705,13,733.3333333333333,81.81818181818183,80.30299534881185
66306,true,-2.4771057920597173,13,733.3333333333333,81.81818181818183,80.33329907819925
66337,true,-2.4181400571780216,13,733.3333333333333,81.81818181818183,80.3629967329989
66370,true,-2.327461290687239,13,733.3333333333333,81.81818181818183,80.39210043470256
66404,true,-2.193814412857421,13,733.3333333333333,81.81818181818183,80.42062206237215
66437,true,-2.0599707700704926,13,733.3333333333333,81.81818181818183,80.44857325748835
66474,true,-1.8904245930541492,13,733.3333333333333,81.81818181818183,80.47596542870222
66509,true,-1.7327311653182562,12,733.3333333333333,81.81818181818183,80.50280975649181
66539,true,-1.576751052149092,12,733.3333333333333,81.81818181818183,80.52911719772561
66574,true,-1.425738040505621,12,733.3333333333333,81.81818181818183,80.55489849013473
66606,true,-1.2688439682409296,12,733.3333333333333,81.81818181818183,80.58016415669567
66639,true,-1.172356281090714,12,733.3333333333333,81.81818181818183,80.6049245099254
66673,true,-1.173389610502113,13,733.3333333333333,81.81818181818183,80.62918965609053
66702,true,-1.3358062141225844,13,733.3333333333333,81.81818181818183,80.65296949933236
66738,true,-1.5548647718862867,13,733.3333333333333,81.81818181818183,80.67627374570935
66774,true,-1.832477968102154,13,733.3333333333333,81.81818181818183,80.69911190715881
66807,true,-2.113304296700278,13,733.3333333333333,81.81818181818183,80.72149330537927
66848,true,-2.314281401034748,13,733.3333333333333,81.81818181818183,80.74342707563532
66875,true,-2.377215597879797,13,733.3333333333333,81.81818181818183,80.76492217048626
66909,true,-2.385235283222727,13,733.3333333333333,81.81818181818183,80.78598736344017
66942,true,-2.3394215681079515,13,733.3333333333333,81.81818181818183,80.80663125253501
66974,true,-2.246531967221756,13,733.3333333333333,81.81818181818183,80.82686226384796
67013,true,-2.1495056419363436,13,733.3333333333333,81.81818181818183,80.84668865493464
67038,true,-2.056992413242142,13,733.3333333333333,81.81818181818183,80.86611851819958
67067,true,-1.9729051555571573,13,733.3333333333333,81.81818181818183,80.88515978419923
67108,true,-1.910189603565442,13,733.3333333333333,81.81818181818183,80.90382022487888
67139,true,-1.847512052300658,13,733.3333333333333,81.81818181818183,80.92210745674494
67174,true,-1.7598274590764333,13,733.3333333333333,81.81818181818183,80.94002894397367
67211,true,-1.63568392589616,13,733.3333333333333,81.81818181818183,80.95759200145784
67243,true,-1.492157261174924,12,733.3333333333333,81.81818181818183,80.97480379779232
67275,true,-1.2998503112713706,12,733.3333333333333,81.81818181818183,80.99167135820011
67357,true,-1.0839516820877293,12,733.3333333333333,81.81818181818183,81.00820156739974
67379,true,-0.849857467434191,12,733.3333333333333,81.81818181818183,81.02440117241538
67454,true,-0.7576440256186743,12,733.3333333333333,81.81818181818183,81.04027678533072
67483,true,-0.776180798690234,13,733.3333333333333,81.81818181818183,81.05583488598774
67509,true,-0.9084324167066029,13,733.3333333333333,81.81818181818183,81.07108182463162
67546,true,-1.1170076958837,13,733.3333333333333,81.81818181818183,81.08602382450263
67577,true,-1.3625472923434927,13,733.3333333333333,81.81818181818183,81.10066698437622
67609,true,-1.5102125026614601,13,733.3333333333333,81.81818181818183,81.11501728105233
67641,true,-1.5451151133734982,13,733.3333333333333,81.81818181818183,81.12908057179493
67674,true,-1.4900131871420115,13,733.3333333333333,81.81818181818183,81.14286259672267
67715,true,-1.3508619244441036,13,733.3333333333333,81.81818181818183,81.15636898115186
67747,true,-1.2123426514363018,13,733.3333333333333,81.81818181818183,81.16960523789245
67778,true,-1.0519815320915313,13,733.3333333333333,81.81818181818183,81.18257676949824
67808,true,-0.9057190027866682,13,733.3333333333333,81.81818181818183,81.19528887047191
67839,true,-0.7595108237682382,13,733.3333333333333,81.81818181818183,81.20774672942612
67876,true,-0.6504421780485927,13,733.3333333333333,81.81818181818183,81.21995543120124
67910,true,-0.5131219480019809,13,733.3333333333333,81.81818181818183,81.23191995894085
67943,true,-0.35195627554031716,13,733.3333333333333,81.81818181818183,81.24364519612567
67976,true,-0.16816226060237227,13,733.3333333333333,81.81818181818183,81.2551359285668
68008,true,0.02380319137063225,13,733.3333333333333,81.81818181818183,81.2663968463591
68045,true,0.2405238219846524,13,733.3333333333333,81.81818181818183,81.27743254579556
68073,true,0.42470369927434604,13,733.3333333333333,81.81818181818183,81.28824753124329
68108,true,0.5836732044078587,13,733.3333333333333,81.81818181818183,81.29884621698206
68142,true,0.6869102579833282,12,733.3333333333333,81.81818181818183,81.30923292900606
68182,true,0.6450028313198573,13,733.3333333333333,81.81818181818183,81.31941190678957
68204,true,0.45781901111539014,13,733.3333333333333,81.81818181818183,81.32938730501742
68241,true,0.19544174737168873,13,733.3333333333333,81.81818181818183,81.3391631952807
68279,true,-0.12541262934706765,13,733.3333333333333,81.81818181818183,81.34874356773872
68312,true,-0.4362406355409405,13,733.3333333333333,81.81818181818183,81.35813233274759
68347,true,-0.6405093646407352,13,733.3333333333333,81.81818181818183,81.36733332245628
68380,true,-0.7233473069904051,13,733.3333333333333,81.81818181818183,81.37635029237079
68407,true,-0.7174931884104581,13,733.3333333333333,81.81818181818183,81.38518692288702
68485,true,-0.6603607941091241,13,733.3333333333333,81.81818181818183,81.39384682079292
68509,true,-0.5882666671068364,13,733.3333333333333,81.81818181818183,81.4023335207407
68578,true,-0.49872513222442194,13,733.3333333333333,81.81818181818183,81.41065048668952
68616,true,-0.4044154174220296,13,733.3333333333333,81.81818181818183,81.41880111331936
68683,true,-0.2904300512591931,13,733.3333333333333,81.81818181818183,81.42678872741661
68711,true,-0.15983546265206883,13,733.3333333333333,81.81818181818183,81.43461658923191
68788,true,0.007817432571954441,13,733.3333333333333,81.81818181818183,81.44228789381091
68814,true,0.18819055332448897,13,733.3333333333333,81.81818181818183,81.44980577229833
68840,true,0.3685393326359474,13,733.3333333333333,81.81818181818183,81.457173293216
68875,true,0.5346395118368719,13,733.3333333333333,81.81818181818183,81.46439346371533
68912,true,0.6772974093527466,13,733.3333333333333,81.81818181818183,81.47146923080466
68944,true,0.7032767645408455,13,733.3333333333333,81.81818181818183,81.47840348255221
69014,true,0.46224395028272625,14,733.3333333333333,81.81818181818183,81.4851990492648
69044,true,0.18646829589127378,14,733.3333333333333,81.81818181818183,81.49185870464315
69074,true,-0.1254673809268354,13,700.0,85.71428571428571,81.49838516691392
69112,true,-0.45927527194089635,13,700.0,85.71428571428571,81.58270317786135
69142,true,-0.7166159384501896,13,700.0,85.71428571428571,81.66533482858982
69195,true,-0.7215901369210087,13,700.0,85.71428571428571,81.74631384630374
69205,true,-0.6907035717063081,13,700.0,85.71428571428571,81.82567328366336
69246,true,-0.6472546339855683,13,700.0,85.71428571428571,81.9034455322758
69293,true,-0.577234822304888,13,700.0,85.71428571428571,81.97966233591599
69307,true,-0.5081990134665375,13,700.0,85.71428571428571,82.05435480348338
69341,true,-0.4599534373680285,13,700.0,85.71428571428571,82.12755342169942
69376,true,-0.43049887782430574,13,700.0,85.71428571428571,82.19928806755114
69414,true,-0.38527731852218494,13,700.0,85.71428571428571,82.26958802048583
69444,true,-0.32304705285679347,13,700.0,85.71428571428571,82.33848197436181
69474,true,-0.233649812790361,13,700.0,85.71428571428571,82.40599804916029
69507,true,-0.10368137062397409,13,700.0,85.71428571428571,82.47216380246279
69542,true,0.0529557932099749,13,700.0,85.71428571428571,82.53700624069924
69574,true,0.21582265214530594,13,700.0,85.71428571428571,82.60055183017096
69665,true,0.3879876449447863,13,700.0,85.71428571428571,82.66282650785324
69683,true,0.501343065556938,13,700.0,85.71428571428571,82.72385569198188
69748,true,0.33863585138317376,14,700.0,85.71428571428571,82.78366429242796
69776,true,0.1219632043707577,14,700.0,85.71428571428571,82.8422767208651
69803,true,-0.1327531172382237,14,700.0,85.71428571428571,82.89971690073351
69844,true,-0.42645232913545783,14,700.0,85.71428571428571,82.95600827700454
69873,true,-0.6759105454025303,14,700.0,85.71428571428571,83.01117382575016
69905,true,-0.6481219122088078,14,700.0,85.71428571428571,83.06523606352087
69940,true,-0.5745184264560805,13,700.0,85.71428571428571,83.11821705653615
69978,true,-0.46877808105139707,13,700.0,85.71428571428571,83.17013842969114
70009,true,-0.3470175880270858,13,700.0,85.71428571428571,83.22102137538302
70040,true,-0.23571460332613015,13,700.0,85.71428571428571,83.27088666216106
70076,true,-0.15237965714990764,13,700.0,85.71428571428571,83.31975464320355
70107,true,-0.0846512548012015,13,700.0,85.71428571428571,83.36764526462518
70141,true,-0.027715905682782704,13,700.0,85.71428571428571,83.41457807361839
70181,true,0.0534220799922025,13,700.0,85.71428571428571,83.46057222643172
70217,true,0.1530518585742584,13,700.0,85.71428571428571,83.50564649618879
70240,true,0.27396525917527015,13,700.0,85.71428571428571,83.54981928055072
70272,true,0.4048868877337668,13,700.0,85.71428571428571,83.59310860922541
70314,true,0.5468600436348652,13,700.0,85.71428571428571,83.63553215132661
70352,true,0.6858827825686262,13,700.0,85.71428571428571,83.67710722258579
70374,true,0.8155729689174223,13,700.0,85.71428571428571,83.71785079241978
70404,true,0.8508326563645028,13,700.0,85.71428571428571,83.75777949085709
70441,true,0.7345117826723424,14,700.0,85.71428571428571,83.79690961532566
70473,true,0.5451142803022719,14,700.0,85.71428571428571,83.83525713730485
70508,true,0.2744277518103502,14,700.0,85.71428571428571,83.87283770884446
70544,true,-0.007805427987506164,14,700.0,85.71428571428571,83.90966666895328
70577,true,-0.2130933127039043,14,700.0,85.71428571428571,83.94575904985992
70655,true,-0.26963215316106925,14,700.0,85.71428571428571,83.98112958314843
70681,true,-0.25434945805545794,14,700.0,85.71428571428571,84.01579270577116
70755,true,-0.1887535811792702,13,700.0,85.71428571428571,84.04976256594145
70779,true,-0.12322096748201261,13,700.0,85.71428571428571,84.08305302890832
70854,true,-0.05397636824133656,13,700.0,85.71428571428571,84.11567768261587
70876,true,0.02270525959625047,13,700.0,85.71428571428571,84.14764984324925
70910,true,0.10074522165038502,12,700.0,85.71428571428571,84.17898256066998
70944,true,0.19095193967496016,12,700.0,85.71428571428571,84.20968862374228
70981,true,0.31308501710154246,12,700.0,85.71428571428571,84.23978056555315
71011,true,0.47003471650961615,12,700.0,85.71428571428571,84.2692706685278
71040,true,0.6140754731764844,12,700.0,85.71428571428571,84.29817096944295
71073,true,0.766879101142564,12,700.0,85.71428571428571,84.3264932643398
71106,true,0.9356204259582626,12,700.0,85.71428571428571,84.35424911333871
71143,true,1.080754180278774,12,700.0,85.71428571428571,84.38144984535764
71172,true,1.1154920061910332,12,700.0,85.71428571428571,84.4081065627362
71207,true,1.010016378338122,13,700.0,85.71428571428571,84.43423014576717
71244,true,0.8146626585467516,13,700.0,85.71428571428571,84.45983125713754
71275,true,0.5466386921701201,13,700.0,85.71428571428571,84.48492034628049
71308,true,0.27126395691792027,13,700.0,85.71428571428571,84.50950765364058
71341,true,0.06302715508041956,13,700.0,85.71428571428571,84.53360321485347
71374,true,-0.0024889517248993798,12,700.0,85.71428571428571,84.5572168648421
71410,true,0.0002499848210675282,12,700.0,85.71428571428571,84.58035824183096
71442,true,0.05338162019509696,12,700.0,85.71428571428571,84.60303679128005
71472,true,0.10317164696485293,12,700.0,85.71428571428571,84.62526176974015
71502,true,0.16252543177387224,12,700.0,85.71428571428571,84.64704224863105
71539,true,0.19661183652007708,12,700.0,85.71428571428571,84.66838711794414
71574,true,0.2320753241531861,12,700.0,85.71428571428571,84.68930508987096
71606,true,0.24648470971911252,12,700.0,85.71428571428571,84.70980470235925
71641,true,0.27974194872780345,12,700.0,85.71428571428571,84.72989432259777
71673,true,0.32310137911008496,12,700.0,85.71428571428571,84.74958215043152
71709,true,0.3918653951599822,12,700.0,85.71428571428571,84.7688762217086
71743,true,0.4770382495381682,12,700.0,85.71428571428571,84.78778441156012
71774,true,0.5949575136755243,12,700.0,85.71428571428571,84.80631443761463
71809,true,0.7192760208783966,12,700.0,85.71428571428571,84.82447386314804
71838,true,0.8507595607704559,12,700.0,85.71428571428571,84.8422701001708
71873,true,1.0016689217146109,12,700.0,85.71428571428571,84.85971041245308
71907,true,1.1597073672859608,12,700.0,85.71428571428571,84.87680191848973
71944,true,1.2813428163703406,12,700.0,85.71428571428571,84.89355159440565
71973,true,1.2971851183409342,12,700.0,85.71428571428571,84.90996627680325
72008,true,1.1686168242542294,13,700.0,85.71428571428571,84.92605266555289
72040,true,0.9705922777357898,12,700.0,85.71428571428571,84.94181732652754
72076,true,0.7177163272481266,12,700.0,85.71428571428571,84.9572666942827
72109,true,0.4879504600378084,12,700.0,85.71428571428571,84.97240707468275
72148,true,0.3535032425050417,12,700.0,85.71428571428571,84.9872446474748
72173,true,0.3491257405430588,12,700.0,85.71428571428571,85.00178546881101
72202,true,0.4048833902641604,12,700.0,85.71428571428571,85.01603547372049
72238,true,0.5023596757606299,12,700.0,85.71428571428571,85.03000047853179
72274,true,0.6099687187987399,12,700.0,85.71428571428571,85.04368618324686
72307,true,0.7198831558894199,12,700.0,85.71428571428571,85.05709817386763
72341,true,0.850598368436323,12,700.0,85.71428571428571,85.07024192467598
72413,true,0.9533791979424677,12,700.0,85.71428571428571,85.08312280046817
72443,true,0.985041078736856,12,700.0,85.71428571428571,85.09574605874452
72513,true,0.8828970516180163,12,700.0,85.71428571428571,85.10811685185534
72543,true,0.9176491523543007,12,700.0,85.71428571428571,85.12024022910394
72614,true,1.0551691273688277,12,700.0,85.71428571428571,85.13212113880758
72647,true,1.2305240571087381,12,700.0,85.71428571428571,85.14376443031713
72715,true,1.4273844524003607,12,700.0,85.71428571428571,85.15517485599649
72745,true,1.6262078097145718,12,700.0,85.71428571428571,85.16635707316227
72814,true,1.5792702227349196,13,700.0,85.71428571428571,85.17731564598473
72843,true,1.3801832145423987,13,700.0,85.71428571428571,85.18805504735074
72874,true,1.1410360943428657,13,700.0,85.71428571428571,85.19857966068943
72906,true,0.9305523187135236,13,700.0,85.71428571428571,85.20889378176135
72939,true,0.847850047948782,13,700.0,85.71428571428571,85.21900162041183
72974,true,0.8951937152141909,12,700.0,85.71428571428571,85.2289073022893
73004,true,0.9099405248496737,12,700.0,85.71428571428571,85.23861487052922
73041,true,0.7602889923159921,12,700.0,85.71428571428571,85.24812828740434
73071,true,0.4963452691375494,12,700.0,85.71428571428571,85.25745143594196
73104,true,0.20859980362840247,12,700.0,85.71428571428571,85.26658812150883
73141,true,-0.10675449635357381,12,700.0,85.71428571428571,85.27554207336436
73173,true,-0.36573221581571147,12,700.0,85.71428571428571,85.28431694618278
73204,true,-0.4427404189495121,12,700.0,85.71428571428571,85.29291632154484
73243,true,-0.3929875447831819,12,700.0,85.71428571428571,85.30134370939965
73271,true,-0.3113569124510889,12,700.0,85.71428571428571,85.30960254949736
73308,true,-0.2029932094642959,12,700.0,85.71428571428571,85.31769621279311
73338,true,-0.05182588143733824,12,700.0,85.71428571428571,85.32562800282295
73377,true,0.1804454879150228,12,700.0,85.71428571428571,85.3334011570522
73408,true,0.4352459787356793,12,700.0,85.71428571428571,85.34101884819685
73439,true,0.7448605175293324,12,700.0,85.71428571428571,85.34848418551863
73481,true,1.0333594585510752,12,700.0,85.71428571428571,85.35580021609397
73507,true,1.258484269326516,12,700.0,85.71428571428571,85.3629699260578
73542,true,1.3964885888359788,12,700.0,85.71428571428571,85.36999624182235
73573,true,1.5152483071982203,2,433.33333333333337,138.46153846153845,85.3768820312716
73605,true,1.645445867246167,12,700.0,85.71428571428571,85.3768820312716
73639,true,1.888742821366776,12,700.0,85.71428571428571,85.38363010493188
73668,true,2.244562316817394,12,700.0,85.71428571428571,85.39024321711895
73704,true,2.6511237710960245,12,700.0,85.71428571428571,85.39672406706228
73742,true,3.109280474372099,12,700.0,85.71428571428571,85.40307530000675
73775,true,3.5543421461113667,12,700.0,85.71428571428571,85.40929950829232
73809,true,3.927544058188687,12,700.0,85.71428571428571,85.41539923241218
73841,true,4.210675347510403,12,700.0,85.71428571428571,85.42137696204965
73870,true,4.429604619908957,12,700.0,85.71428571428571,85.42723513709436
73910,true,4.5698113046165645,12,700.0,85.71428571428571,85.43297614863818
73936,true,4.624972345308919,12,700.0,85.71428571428571,85.43860233995112
73978,true,4.613507294489494,12,700.0,85.71428571428571,85.4441160074378
74015,true,4.5969669496655285,12,700.0,85.71428571428571,85.44951940157475
74040,true,4.587026936224987,12,700.0,85.71428571428571,85.45481472782896
74112,true,4.558851349013111,12,700.0,85.71428571428571,85.46000414755808
74143,true,4.573008598268956,12,700.0,85.71428571428571,85.46508977889263
74232,true,4.725746566614788,12,700.0,85.71428571428571,85.47007369760048
74253,true,4.781181863002189,12,700.0,85.71428571428571,85.47495793793418
74314,true,4.740732486264477,12,700.0,85.71428571428571,85.4797444934612
74343,true,4.6883064181589305,12,700.0,85.71428571428571,85.48443531787768
74415,true,4.612970281036013,12,700.0,85.71428571428571,85.48903232580584
74439,true,4.429364809272812,10,700.0,85.71428571428571,85.49353739357542
74517,true,4.338191610121299,10,700.0,85.71428571428571,85.49795235998963
74546,true,4.3318650885464365,10,700.0,85.71428571428571,85.50227902707555
74577,true,4.3562875875013845,10,700.0,85.71428571428571,85.50651916081974
74609,true,4.357365773786029,10,700.0,85.71428571428571,85.51067449188905
74642,true,4.307171574071418,10,700.0,85.71428571428571,85.51474671633697
74670,true,4.2182236900806345,10,700.0,85.71428571428571,85.51873749629594
74706,true,4.121749459223622,10,700.0,85.71428571428571,85.52264846065573
74742,true,4.047036514836805,10,700.0,85.71428571428571,85.52648120572832
74773,true,4.012410787559105,10,700.0,85.71428571428571,85.53023729589945
74810,true,4.020435555386399,10,700.0,85.71428571428571,85.53391826426717
74836,true,4.064523281256044,10,700.0,85.71428571428571,85.53752561326753
74870,true,4.134266463136896,10,700.0,85.71428571428571,85.54106081528789
74905,true,4.191352972278537,10,700.0,85.71428571428571,85.54452531326784
74939,true,4.163850167926739,10,700.0,85.71428571428571,85.54792052128819
74970,true,4.011716723242415,10,700.0,85.71428571428571,85.55124782514814
75002,true,3.7761123377574393,10,700.0,85.71428571428571,85.55450858293088
75036,true,3.5246036526713738,10,700.0,85.71428571428571,85.55770412555796
75076,true,3.2746253483944088,10,700.0,85.71428571428571,85.56083575733251
75106,true,3.0917967219013747,10,700.0,85.71428571428571,85.56390475647157
75138,true,3.0263744050735113,10,700.0,85.71428571428571,85.56691237562785
75170,true,3.0529443603107325,10,700.0,85.71428571428571,85.569859842401
75202,true,3.1011036334456037,10,700.0,85.71428571428571,85.57274835983868
75243,true,3.1537590854878204,9,700.0,85.71428571428571,85.57557910692762
75278,true,3.1880836550083416,9,700.0,85.71428571428571,85.57835323907477
75302,true,3.205186214390494,9,700.0,85.71428571428571,85.58107188857899
75342,true,3.2139996771045674,9,700.0,85.71428571428571,85.58373616509311
75376,true,3.202814503289517,9,700.0,85.71428571428571,85.58634715607695
75406,true,3.1792712951471174,9,700.0,85.71428571428571,85.58890592724111
75431,true,3.156264228198296,9,700.0,85.71428571428571,85.591413522982
75468,true,3.1384355193766,9,700.0,85.71428571428571,85.59387096680805
75512,true,3.121659109171844,9,700.0,85.71428571428571,85.5962792617576
75543,true,3.132355896095106,9,700.0,85.71428571428571,85.59863939080816
75566,true,3.169431336117867,9,700.0,85.71428571428571,85.6009523172777
75606,true,3.187583580469976,9,700.0,85.71428571428571,85.60321898521785
75641,true,3.119436940038014,9,700.0,85.71428571428571,85.6054403197992
75673,true,2.9363213002479256,9,700.0,85.71428571428571,85.60761722768892
75702,true,2.691660769607097,10,700.0,85.71428571428571,85.60975059742084
75731,true,2.4019828027464882,10,700.0,85.71428571428571,85.61184129975813
75769,true,2.130838981439325,10,700.0,85.71428571428571,85.61389018804867
75799,true,1.9656231392041263,10,700.0,85.71428571428571,85.61589809857341
75835,true,1.9313504613699308,10,700.0,85.71428571428571,85.61786585088765
75874,true,1.93805495415981,9,700.0,85.71428571428571,85.61979424815561
75910,true,1.9825138327867933,9,700.0,85.71428571428571,85.6216840774782
75936,true,2.0312221843115594,9,700.0,85.71428571428571,85.62353611021435
76008,true,2.047578682423648,9,700.0,85.71428571428571,85.62535110229577
76041,true,2.0573246980221995,9,700.0,85.71428571428571,85.62712979453556
76069,true,2.074314699721981,9,700.0,85.71428571428571,85.62887291293056
76108,true,2.0780605905132745,9,700.0,85.71428571428571,85.63058116895766
76137,true,2.079028844919577,9,700.0,85.71428571428571,85.63225525986421
76171,true,2.09872627457176,9,700.0,85.71428571428571,85.63389586895264
76200,true,2.112877204099277,9,700.0,85.71428571428571,85.63550366585929
76237,true,2.1389378755037,9,700.0,85.71428571428571,85.63707930682781
76298,true,2.1675471841992078,9,700.0,85.71428571428571,85.63862343497696
76309,true,2.147519252526564,9,700.0,85.71428571428571,85.64013668056313
76345,true,1.9991839730309096,9,700.0,85.71428571428571,85.64161966123757
76379,true,1.7743240434987797,9,700.0,85.71428571428571,85.64307298229852
76449,true,1.497172546274129,10,700.0,85.71428571428571,85.64449723693825
76472,true,1.2143759741741746,10,700.0,85.71428571428571,85.6458930064852
76503,true,0.9838740675504027,10,700.0,85.71428571428571,85.6472608606412
76537,true,0.9036277305870897,10,700.0,85.71428571428571,85.64860135771409
76570,true,0.9182862440348742,10,700.0,85.71428571428571,85.64991504484551
76610,true,0.9685354377828901,10,700.0,85.71428571428571,85.65120245823431
76636,true,1.0261196498834977,9,666.6666666666666,90.0,85.65246412335533
76676,true,1.0684507409476112,9,666.6666666666666,90.0,85.73941484088822
76726,true,1.0869202364298758,9,666.6666666666666,90.0,85.82462654407044
76739,true,1.0988925919511132,9,666.6666666666666,90.0,85.90813401318903
76775,true,1.111962630966957,9,666.6666666666666,90.0,85.98997133292524
76809,true,1.1400524027720564,9,666.6666666666666,90.0,86.07017190626672
76840,true,1.2044003847423994,9,666.6666666666666,90.0,86.14876846814138
76869,true,1.295704768112131,9,666.6666666666666,90.0,86.22579309877855
76905,true,1.4107492826620387,9,666.6666666666666,90.0,86.30127723680297
76938,true,1.5499942629433008,9,666.6666666666666,90.0,86.37525169206691
76971,true,1.6784120436121839,9,666.6666666666666,90.0,86.44774665822557
77008,true,1.7883145871083173,9,666.6666666666666,90.0,86.51879172506105
77036,true,1.799949310484152,9,666.6666666666666,90.0,86.58841589055983
77074,true,1.6708354916267751,10,700.0,85.71428571428571,86.65664757274862
77111,true,1.4693540352039065,10,700.0,85.71428571428571,86.63780033557936
77139,true,1.2584138384557946,10,700.0,85.71428571428571,86.61933004315348
77177,true,1.062571854237774,10,700.0,85.71428571428571,86.60122915657612
77208,true,0.959257980962775,10,700.0,85.71428571428571,86.58349028773031
77239,true,0.967898920403286,10,700.0,85.71428571428571,86.56610619626142
77271,true,1.0447525332833152,10,700.0,85.71428571428571,86.5490697866219
77307,true,1.1466101348977702,10,700.0,85.71428571428571,86.53237410517517
77334,true,1.2541705808008032,10,700.0,85.71428571428571,86.51601233735737
77366,true,1.3411303542529822,10,700.0,85.71428571428571,86.49997780489592
77404,true,1.4129843603354288,9,666.6666666666666,90.0,86.4842639630837
77436,true,1.4681174213684471,9,666.6666666666666,90.0,86.55457868382203
77471,true,1.5108182520523314,9,666.6666666666666,90.0,86.62348711014559
77501,true,1.5355565924686516,9,666.6666666666666,90.0,86.69101736794268
77541,true,1.5697494170975403,9,666.6666666666666,90.0,86.75719702058382
77613,true,1.6399877718686184,9,666.6666666666666,90.0,86.82205308017214
77639,true,1.7118758834081973,9,666.6666666666666,90.0,86.8856120185687
77672,true,1.7860728244350241,9,666.6666666666666,90.0,86.94789977819731
77705,true,1.8496513815894389,9,666.6666666666666,90.0,87.00894178263336
77740,true,1.8080762228301523,12,666.6666666666666,90.0,87.06876294698068
77774,true,1.6549654094664277,12,666.6666666666666,90.0,87.12738768804107
77805,true,1.4267116487153828,12,666.6666666666666,90.0,87.18483993428025
77845,true,1.164565637454075,12,666.6666666666666,90.0,87.24114313559464
77870,true,0.8964379691197166,12,666.6666666666666,90.0,87.29632027288274
77903,true,0.7269028910742747,12,666.6666666666666,90.0,87.35039386742508
77941,true,0.6448463058100913,12,666.6666666666666,90.0,87.40338599007657
77974,true,0.6520311645735433,12,666.6666666666666,90.0,87.45531827027503
78010,true,0.6874888595145023,12,666.6666666666666,90.0,87.50621190486953
78038,true,0.7368158866031536,12,666.6666666666666,90.0,87.55608766677213
78065,true,0.778213189741308,12,666.6666666666666,90.0,87.60496591343669
78106,true,0.8122080797137414,12,666.6666666666666,90.0,87.65286659516795
78140,true,0.8289432046562126,12,666.6666666666666,90.0,87.69980926326458
78175,true,0.8413392346081139,11,666.6666666666666,90.0,87.74581307799929
78211,true,0.8478440440932218,11,666.6666666666666,90.0,87.7908968164393
78241,true,0.8801323380745885,11,666.6666666666666,90.0,87.83507888011052
78274,true,0.9376019134412843,11,666.6666666666666,90.0,87.8783773025083
78329,true,1.020708689877523,11,666.6666666666666,90.0,87.92080975645813
78343,true,1.1231908446062278,11,666.6666666666666,90.0,87.96239356132897
78375,true,1.2445300524234426,11,666.6666666666666,90.0,88.00314569010239
78403,true,1.3556874999858621,11,666.6666666666666,90.0,88.04308277630034
78437,true,1.3567592832071682,11,666.6666666666666,90.0,88.08222112077432
78473,true,1.2170256878249859,12,666.6666666666666,90.0,88.12057669835883
78505,true,0.991355407660194,12,666.6666666666666,90.0,88.15816516439165
78536,true,0.7111331215501195,12,666.6666666666666,90.0,88.1950018611038
78579,true,0.4191791328910597,12,666.6666666666666,90.0,88.23110182388173
78609,true,0.21373949878054077,12,666.6666666666666,90.0,88.2664797874041
78639,true,0.12777798467320167,12,666.6666666666666,90.0,88.301150191656
78668,true,0.11223635039698365,12,666.6666666666666,90.0,88.33512718782288
78705,true,0.15131379203975825,12,666.6666666666666,90.0,88.36842464406641
78747,true,0.20681311975954486,12,666.6666666666666,90.0,88.40105615118507
78778,true,0.2721934249665878,12,666.6666666666666,90.0,88.43303502816137
78809,true,0.3292861203813686,12,666.6666666666666,90.0,88.46437432759814
78838,true,0.4028552309245015,12,666.6666666666666,90.0,88.49508684104617
78874,true,0.4750633174801351,11,666.6666666666666,90.0,88.52518510422524
78907,true,0.5470157649374698,11,666.6666666666666,90.0,88.55468140214073
78939,true,0.633556913715978,11,666.6666666666666,90.0,88.58358777409791
78976,true,0.7333954243136134,11,666.6666666666666,90.0,88.61191601861594
79006,true,0.8210672840360758,11,666.6666666666666,90.0,88.63967769824362
79036,true,0.9078014902367215,11,666.6666666666666,90.0,88.66688414427874
79072,true,1.013146467421393,11,666.6666666666666,90.0,88.69354646139315
79103,true,1.1061329090410936,11,666.6666666666666,90.0,88.71967553216528
79139,true,1.184846439071407,11,666.6666666666666,90.0,88.74528202152197
79179,true,1.194447148101176,11,666.6666666666666,90.0,88.77037638109152
79202,true,1.0499262561745581,12,700.0,85.71428571428571,88.79496885346968
79243,true,0.8248896606322091,12,700.0,85.71428571428571,88.733355190686
79279,true,0.5302555969806519,12,700.0,85.71428571428571,88.67297380115798
79302,true,0.21864987671565927,12,700.0,85.71428571428571,88.61380003942052
79342,true,-0.029779402463503857,12,700.0,85.71428571428571,88.55580975291782
79370,true,-0.14865832186390548,12,700.0,85.71428571428571,88.49897927214518
79406,true,-0.18069326378588357,12,700.0,85.71428571428571,88.44328540098797
79437,true,-0.1266352055806408,12,700.0,85.71428571428571,88.38870540725392
79470,true,-0.021843016207498067,12,700.0,85.71428571428571,88.33521701339455
79504,true,0.0910771274802471,12,700.0,85.71428571428571,88.28279838741237
79542,true,0.20692505705056874,11,700.0,85.71428571428571,88.23142813394983
79570,true,0.28043108560220276,11,700.0,85.71428571428571,88.18108528555655
79610,true,0.32951664476462383,11,700.0,85.71428571428571,88.13174929413113
79642,true,0.36858864867852503,11,700.0,85.71428571428571,88.0834000225342
79672,true,0.4195784881154623,11,700.0,85.71428571428571,88.03601773636923
79705,true,0.4982586933585367,11,700.0,85.71428571428571,87.98958309592756
79736,true,0.6095537929605541,11,700.0,85.71428571428571,87.94407714829471
79780,true,0.7324666131518143,11,700.0,85.71428571428571,87.89948131961452
79807,true,0.8945394578387891,11,700.0,85.71428571428571,87.85577740750794
79841,true,1.0482131534616315,11,700.0,85.71428571428571,87.8129475736435
79874,true,1.1905463933630358,11,700.0,85.71428571428571,87.77097433645633
79912,true,1.2667173628510682,11,700.0,85.71428571428571,87.72984056401292
79938,true,1.1740276441499873,12,700.0,85.71428571428571,87.68952946701836
79975,true,0.9731845177264518,12,700.0,85.71428571428571,87.6500245919637
80044,true,0.7147360162337009,12,700.0,85.71428571428571,87.61130981441013
80076,true,0.4291281178632005,12,700.0,85.71428571428571,87.57336933240764
80155,true,0.18211980729358856,12,700.0,85.71428571428571,87.53618766004519
80170,true,0.10532803602396257,12,700.0,85.71428571428571,87.49974962113
80243,true,0.0925068166386609,12,700.0,85.71428571428571,87.4640403429931
80279,true,0.12231067562566977,12,700.0,85.71428571428571,87.42904525041895
80356,true,0.16488567428982037,11,700.0,85.71428571428571,87.39475005969628
80386,true,0.21086110000459257,11,700.0,85.71428571428571,87.36114077278806
80446,true,0.26567392956934555,11,700.0,85.71428571428571,87.32820367161801
80474,true,0.3420150036554048,11,700.0,85.71428571428571,87.29592531247135
80548,true,0.48909782879019303,11,700.0,85.71428571428571,87.26429252050764
80571,true,0.6768317272509989,11,700.0,85.71428571428571,87.23329238438319
80646,true,0.6812850959483114,11,700.0,85.71428571428571,87.20291225098123
80680,true,0.5760345151265085,11,700.0,85.71428571428571,87.1731397202473
80745,true,0.37698009553304246,11,700.0,85.71428571428571,87.14396264012807
80773,true,0.09957508363223155,11,700.0,85.71428571428571,87.11536910161121
80846,true,-0.21729605454615353,11,700.0,85.71428571428571,87.0873474338647
80880,true,-0.35261544854984095,11,700.0,85.71428571428571,87.05988619947311
80941,true,-0.40955115047040636,11,700.0,85.71428571428571,87.03297418976936
80976,true,-0.4068131155115111,11,700.0,85.71428571428571,87.00660042025969
81042,true,-0.39466215292000584,11,700.0,85.71428571428571,86.9807541261402
81080,true,-0.37695926088616716,11,700.0,85.71428571428571,86.9554247579031
81142,true,-0.33978521211403745,11,700.0,85.71428571428571,86.93060197703075
81173,true,-0.2746578270199791,11,700.0,85.71428571428571,86.90627565177584
81253,true,-0.14813369438289214,11,700.0,85.71428571428571,86.88243585302604
81272,true,0.01263969860394809,11,700.0,85.71428571428571,86.85907285025122
81339,true,0.1996037881368693,11,700.0,85.71428571428571,86.83617710753191
81370,true,0.24857987342065258,10,733.3333333333333,81.81818181818183,86.81373927966698
81402,true,0.14272556487384236,10,733.3333333333333,81.81818181818183,86.71382813043728
81439,true,-0.08041286527554803,10,733.3333333333333,81.81818181818183,86.61591520419218
81467,true,-0.36455366238359943,10,733.3333333333333,81.81818181818183,86.51996053647197
81502,true,-0.6716784922047907,10,733.3333333333333,81.81818181818183,86.42592496210617
81536,true,-0.8555271188739653,10,733.3333333333333,81.81818181818183,86.33377009922768
81568,true,-0.9092255479239952,10,733.3333333333333,81.81818181818183,86.24345833360677
81610,true,-0.8607238012787946,10,733.3333333333333,81.81818181818183,86.15495280329827
81639,true,-0.7456937925688862,10,733.3333333333333,81.81818181818183,86.06821738359595
81717,true,-0.6587539812524597,10,733.3333333333333,81.81818181818183,85.98321667228767
81737,true,-0.6617937442128721,10,733.3333333333333,81.81818181818183,85.89991597520556
81820,true,-0.6753756002824787,10,733.3333333333333,81.81818181818183,85.81828129206508
81840,true,-0.7279074482985664,10,733.3333333333333,81.81818181818183,85.73827930258742
81870,true,-0.8012720113887042,10,733.3333333333333,81.81818181818183,85.6598773528993
81902,true,-0.816510720692861,10,733.3333333333333,81.81818181818183,85.58304344220495
81969,true,-0.7007761764754719,10,733.3333333333333,81.81818181818183,85.50774620972449
82005,true,-0.527051373796894,10,733.3333333333333,81.81818181818183,85.43395492189363
82041,true,-0.31657948475259445,10,733.3333333333333,81.81818181818183,85.3616394598194
82071,true,-0.13918388751025645,10,733.3333333333333,81.81818181818183,85.29077030698664
82113,true,-0.24320854926745028,11,700.0,85.71428571428571,85.22131853721055
82139,true,-0.5260878314362003,10,700.0,85.71428571428571,85.23117788075204
82169,true,-0.932112836865997,10,700.0,85.71428571428571,85.24084003742271
82202,true,-1.4702172743160702,10,700.0,85.71428571428571,85.25030895095996
82236,true,-2.033248835252408,10,700.0,85.71428571428571,85.25958848622646
82270,true,-2.3634311542529076,10,700.0,85.71428571428571,85.26868243078763
82303,true,-2.565870542611151,10,700.0,85.71428571428571,85.2775944964576
82342,true,-2.6815628614620266,10,700.0,85.71428571428571,85.28632832081415
82390,true,-2.671195747889101,10,700.0,85.71428571428571,85.29488746868357
82403,true,-2.5757729973919936,10,700.0,85.71428571428571,85.3032754335956
82434,true,-2.4293501076674033,10,700.0,85.71428571428571,85.3114956392094
82471,true,-2.2508126698053275,10,700.0,85.71428571428571,85.31955144071091
82513,true,-2.0502003152248847,10,700.0,85.71428571428571,85.3274461261824
82534,true,-1.8676262711209404,10,700.0,85.71428571428571,85.33518291794445
82571,true,-1.7461950797675172,10,700.0,85.71428571428571,85.34276497387127
82621,true,-1.7533323283485913,11,633.3333333333333,94.73684210526316,85.35019538867955
82634,true,-1.8682373002110921,11,633.3333333333333,94.73684210526316,85.53792832301122
82666,true,-2.09013681603372,11,633.3333333333333,94.73684210526316,85.72190659865625
82702,true,-2.3749481252471014,11,633.3333333333333,94.73684210526316,85.90220530878838
82738,true,-2.7082745803459147,11,633.3333333333333,94.73684210526316,86.07889804471787
82767,true,-2.9711797176867094,11,633.3333333333333,94.73684210526316,86.25205692592877
82805,true,-3.240862709610326,11,633.3333333333333,94.73684210526316,86.42175262951545
82840,true,-3.5963016779986674,11,633.3333333333333,94.73684210526316,86.5880544190304
82877,true,-4.0262278674621825,11,633.3333333333333,94.73684210526316,86.75103017275505
82904,true,-4.429285117507931,11,633.3333333333333,94.73684210526316,86.91074641140521
82940,true,-4.8345213135363,1,1400.0,42.857142857142854,87.06726832528237
82967,true,-5.164959600316706,1,1400.0,42.857142857142854,87.06726832528237
83006,true,-5.360256646211411,1,1400.0,42.857142857142854,87.06726832528237
83041,true,-5.437589663336695,1,1400.0,42.857142857142854,87.06726832528237
83070,true,-5.450563183849198,1,1400.0,42.857142857142854,87.06726832528237
83102,true,-5.422228460373418,1,1400.0,42.857142857142854,87.06726832528237
83137,true,-5.392671858119087,1,1400.0,42.857142857142854,87.06726832528237
83175,true,-5.384070434069628,2,1400.0,42.857142857142854,87.06726832528237
83201,true,-5.406993153516197,2,1400.0,42.857142857142854,87.06726832528237
83241,true,-5.483155811376406,2,1400.0,42.857142857142854,87.06726832528237
83270,true,-5.555267566593159,2,1366.6666666666667,43.90243902439024,87.06726832528237
83311,true,-5.561498652430771,2,1366.6666666666667,43.90243902439024,87.06726832528237
83338,true,-5.457901792731576,2,1366.6666666666667,43.90243902439024,87.06726832528237
83371,true,-5.282942536697192,2,1366.6666666666667,43.90243902439024,87.06726832528237
83402,true,-4.99661142544997,2,1366.6666666666667,43.90243902439024,87.06726832528237
83435,true,-4.572191594365506,2,1366.6666666666667,43.90243902439024,87.06726832528237
83473,true,-4.140554682934749,2,1366.6666666666667,43.90243902439024,87.06726832528237
83505,true,-3.6766444346044977,2,1366.6666666666667,43.90243902439024,87.06726832528237
83540,true,-3.1035851297917816,2,1366.6666666666667,43.90243902439024,87.06726832528237
83565,true,-2.553335961222558,2,1366.6666666666667,43.90243902439024,87.06726832528237
83601,true,-2.1535118281498455,2,1366.6666666666667,43.90243902439024,87.06726832528237
83633,true,-1.8605408720571859,2,1366.6666666666667,43.90243902439024,87.06726832528237
83667,true,-1.7033890823047102,2,1366.6666666666667,43.90243902439024,87.06726832528237
83700,true,-1.6754321601617335,2,1366.6666666666667,43.90243902439024,87.06726832528237
83738,true,-1.6655647583262692,2,1366.6666666666667,43.90243902439024,87.06726832528237
83772,true,-1.6166288055001417,2,1366.6666666666667,43.90243902439024,87.06726832528237
83807,true,-1.4798604162542404,8,700.0,85.71428571428571,87.06726832528237
83836,true,-1.2797856647506194,8,700.0,85.71428571428571,87.04020867306242
83868,true,-1.0799779466464372,8,700.0,85.71428571428571,87.01369021388687
83906,true,-0.9140412425766726,8,700.0,85.71428571428571,86.98770212389485
83937,true,-0.7714102512585725,8,700.0,85.71428571428571,86.96223379570266
83970,true,-0.6415274641182407,8,700.0,85.71428571428571,86.93727483407432
84009,true,-0.5217112957170684,8,700.0,85.71428571428571,86.91281505167854
84036,true,-0.40807715365045283,8,700.0,85.71428571428571,86.88884446493067
84068,true,-0.26757538035329276,8,700.0,85.71428571428571,86.86535328991776
84119,true,-0.10185815349950644,8,700.0,85.71428571428571,86.84233193840511
84138,true,0.11372695639917652,8,700.0,85.71428571428571,86.81977101392272
84220,true,0.40614483691578585,8,700.0,85.71428571428571,86.79766130792997
84247,true,0.7055414712998811,8,700.0,85.71428571428571,86.77599379605708
84307,true,0.9426258051357763,8,700.0,85.71428571428571,86.75475963442165
84348,true,1.086442908277121,8,700.0,85.71428571428571,86.73395015601892
84370,true,1.1171620790041175,8,700.0,85.71428571428571,86.71355686718425
84405,true,1.0320558452970658,8,700.0,85.71428571428571,86.69357144412628
84437,true,0.8786214500274809,8,700.0,85.71428571428571,86.67398572952946
84471,true,0.69552210112343,8,700.0,85.71428571428571,86.65479172922458
84501,true,0.5166890414365923,8,700.0,85.71428571428571,86.6359816089258
84538,true,0.3589961177825671,8,700.0,85.71428571428571,86.617547691033
84573,true,0.22674765660551088,8,700.0,85.71428571428571,86.59948245149805
84606,true,0.15476036764025025,8,700.0,85.71428571428571,86.5817785167538
84637,true,0.1633556829047791,7,700.0,85.71428571428571,86.56442866070444
84671,true,0.23535509411314592,7,700.0,85.71428571428571,86.54742580177606
84703,true,0.3416182695932264,4,733.3333333333333,81.81818181818183,86.53076300002624
84738,true,0.4569561073488728,4,733.3333333333333,81.81818181818183,86.43651137638935
84773,true,0.5334714419993247,4,733.3333333333333,81.81818181818183,86.3441447852252
84809,true,0.4779973109722562,4,733.3333333333333,81.81818181818183,86.25362552588433
84846,true,0.36019497547982837,4,733.3333333333333,81.81818181818183,86.16491665173028
84871,true,0.23797079682807976,2,733.3333333333333,81.81818181818183,86.07798195505931
84903,true,0.10122043419139004,2,733.3333333333333,81.81818181818183,85.99278595232177
84943,true,-0.021342412323690496,2,733.3333333333333,81.81818181818183,85.90929386963897
84969,true,-0.05536418178778035,2,733.3333333333333,81.81818181818183,85.82747162860983
85001,true,-0.05421776759149566,2,733.3333333333333,81.81818181818183,85.74728583240127
85037,true,-0.05509108300259413,2,733.3333333333333,81.81818181818183,85.66870375211688
85070,true,-0.1169106907210562,7,700.0,85.71428571428571,85.59169331343818
85110,true,-0.23054414694891534,7,700.0,85.71428571428571,85.59414516145513
85138,true,-0.37631467033520494,7,700.0,85.71428571428571,85.59654797251173
85170,true,-0.5494974184418879,7,700.0,85.71428571428571,85.5989027273472
85207,true,-0.7654402487648326,7,700.0,85.71428571428571,85.60121038708596
85233,true,-0.9133295023749213,7,700.0,85.71428571428571,85.60347189362994
85267,true,-0.9727211911915958,7,700.0,85.71428571428571,85.60568817004305
85304,true,-1.011851280834037,7,700.0,85.71428571428571,85.6078601209279
85337,true,-1.0581349078087783,8,700.0,85.71428571428571,85.60998863279505
85370,true,-1.071410964684901,10,700.0,85.71428571428571,85.61207457442485
85401,true,-1.1128146411751914,10,700.0,85.71428571428571,85.61411879722206
85435,true,-1.3059522068156753,10,700.0,85.71428571428571,85.61612213556333
85469,true,-1.5313812633896475,10,700.0,85.71428571428571,85.61808540713777
85501,true,-1.7636742784328874,9,700.0,85.71428571428571,85.62000941328073
85539,true,-2.0483476605325563,9,700.0,85.71428571428571,85.62189493930082
85570,true,-2.327608243959048,9,700.0,85.71428571428571,85.6237427548005
85604,true,-2.4712772135748935,8,733.3333333333333,81.81818181818183,85.6255536139902
85635,true,-2.543117615425956,8,733.3333333333333,81.81818181818183,85.54940617807404
85670,true,-2.551817557441211,8,733.3333333333333,81.81818181818183,85.4747816908762
85706,true,-2.4932325154278203,8,733.3333333333333,81.81818181818183,85.40164969342231
85734,true,-2.422922667796115,8,733.3333333333333,81.81818181818183,85.32998033591751
85767,true,-2.3936040649636254,8,733.3333333333333,81.81818181818183,85.2597443655628
85796,true,-2.254401240903519,8,733.3333333333333,81.81818181818183,85.19091311461519
85831,true,-2.2092241617543777,8,733.3333333333333,81.81818181818183,85.12345848868652
85867,true,-2.34393543471478,8,733.3333333333333,81.81818181818183,85.05735295527643
85899,true,-2.3546439604558316,8,733.3333333333333,81.81818181818183,84.99256953253453
85933,true,-2.3280740070691763,8,733.3333333333333,81.81818181818183,84.92908177824748
85973,true,-2.3671791115235976,8,733.3333333333333,81.81818181818183,84.86686377904617
86000,true,-2.2646535108851538,8,733.3333333333333,81.81818181818183,84.80589013982889
86030,true,-2.047711001064556,8,733.3333333333333,81.81818181818183,84.74613597339595
86067,true,-2.0145780569171166,8,733.3333333333333,81.81818181818183,84.68757689029167
86101,true,-2.0355715650447905,8,733.3333333333333,81.81818181818183,84.63018898884947
86137,true,-2.132548805457077,9,633.3333333333333,94.73684210526316,84.57394884543612
86166,true,-2.296507138483207,9,633.3333333333333,94.73684210526316,84.77720671063265
86206,true,-2.401027099955229,9,633.3333333333333,94.73684210526316,84.97639941852526
86236,true,-2.428459737547456,9,633.3333333333333,94.73684210526316,85.17160827226002
86267,true,-2.390881563725003,9,633.3333333333333,94.73684210526316,85.36291294892007
86302,true,-2.3179809754686573,8,733.3333333333333,81.81818181818183,85.55039153204693
86334,true,-2.2400346701024887,8,733.3333333333333,81.81818181818183,85.47574733776963
86365,true,-2.1514992810574256,8,733.3333333333333,81.81818181818183,85.40259602737788
86406,true,-2.0646208275160802,8,733.3333333333333,81.81818181818183,85.33090774319396
86453,true,-1.9859698214718264,8,733.3333333333333,81.81818181818183,85.26065322469373
86472,true,-1.9076805514444288,8,733.3333333333333,81.81818181818183,85.19180379656349
86548,true,-1.8037204643352425,8,733.3333333333333,81.81818181818183,85.12433135699585
86569,true,-1.69777616293743,8,733.3333333333333,81.81818181818183,85.05820836621957
86649,true,-1.588802739061066,8,733.3333333333333,81.81818181818183,84.99340783525882
86670,true,-1.5364651753418173,8,733.3333333333333,81.81818181818183,84.92990331491728
86737,true,-1.562113876641746,8,733.3333333333333,81.81818181818183,84.86766888498258
86773,true,-1.6273118465652203,8,733.3333333333333,81.81818181818183,84.80667914364656
86843,true,-1.697142123058967,8,733.3333333333333,81.81818181818183,84.74690919713727
86873,true,-1.747877248772312,8,733.3333333333333,81.81818181818183,84.68833464955816
86932,true,-1.708645266283213,8,733.3333333333333,81.81818181818183,84.63093159293064
86966,true,-1.6040873223363121,8,733.3333333333333,81.81818181818183,84.57467659743567
86994,true,-1.4531407429657577,8,733.3333333333333,81.81818181818183,84.5195467018506
87031,true,-1.231702389699393,8,733.3333333333333,81.81818181818183,84.46551940417723
87062,true,-1.153448221433564,8,733.3333333333333,81.81818181818183,84.41257265245733
87096,true,-1.0778752380189474,7,633.3333333333333,94.73684210526316,84.36068483577182
87136,true,-0.9801346362300478,7,633.3333333333333,94.73684210526316,84.56820798116165
87166,true,-0.9191575951307129,7,633.3333333333333,94.73684210526316,84.77158066364368
87202,true,-0.8982132552451958,7,633.3333333333333,94.73684210526316,84.97088589247606
87236,true,-0.7679767361586016,7,633.3333333333333,94.73684210526316,85.1662050167318
87271,true,-0.7246811852463679,7,633.3333333333333,94.73684210526316,85.35761775850241
87299,true,-0.7677208559610449,8,633.3333333333333,94.73684210526316,85.54520224543762
87330,true,-0.853782540816411,8,633.3333333333333,94.73684210526316,85.72903504263412
87368,true,-1.0138305282497697,8,633.3333333333333,94.73684210526316,85.9091911838867
87398,true,-1.1818284149721023,8,633.3333333333333,94.73684210526316,86.08574420231423
87431,true,-1.2974822313603624,8,633.3333333333333,94.73684210526316,86.2587661603732
87471,true,-1.3212228460777453,8,633.3333333333333,94.73684210526316,86.42832767927099
87496,true,-1.2505750538570624,8,633.3333333333333,94.73684210526316,86.59449796779083
87529,true,-1.0836390695603768,8,633.3333333333333,94.73684210526316,86.75734485054028
87564,true,-0.8757179086195777,8,633.3333333333333,94.73684210526316,86.91693479563473
87600,true,-0.651838459421441,8,633.3333333333333,94.73684210526316,87.07333294182729
87634,true,-0.4532901006097916,8,633.3333333333333,94.73684210526316,87.226603125096
87663,true,-0.30221075891441274,8,633.3333333333333,94.73684210526316,87.37680790469935
87701,true,-0.2363253258674547,8,633.3333333333333,94.73684210526316,87.52400858871061
87733,true,-0.20911804599154493,8,633.3333333333333,94.73684210526316,87.66826525904166
87768,true,-0.19341759288184335,8,633.3333333333333,94.73684210526316,87.80963679596609
87801,true,-0.19057045905279324,8,633.3333333333333,94.73684210526316,87.94818090215202
87833,true,-0.1780095955218428,7,600.0,100.0,88.08395412621424
87867,true,-0.13319047143627927,7,600.0,100.0,88.32227504368996
87899,true,-0.07607550427582055,7,600.0,100.0,88.55582954281616
87937,true,-0.06886964331232548,7,600.0,100.0,88.78471295195983
87968,true,-0.10796131233496453,7,600.0,100.0,89.00901869292063
87999,true,-0.20346288070246032,7,600.0,100.0,89.22883831906222
88036,true,-0.33678250876806715,7,600.0,100.0,89.44426155268097
88069,true,-0.48631745225608825,7,600.0,100.0,89.65537632162734
88100,true,-0.6047467389895189,7,600.0,100.0,89.8622687951948
88133,true,-0.6643629348720879,7,600.0,100.0,90.0650234192909
88172,true,-0.6627354176936535,7,600.0,100.0,90.26372295090508
88202,true,-0.6231363501097462,7,600.0,100.0,90.45844849188697
88235,true,-0.5500491138387247,7,600.0,100.0,90.64927952204923
88265,true,-0.4652031916681665,7,600.0,100.0,90.83629393160824
88300,true,-0.3897499737412886,7,600.0,100.0,91.01956805297607
88338,true,-0.331364548831516,7,600.0,100.0,91.19917669191655
88376,true,-0.2906361696274473,7,600.0,100.0,91.37519315807822
88413,true,-0.26487873488002833,7,600.0,100.0,91.54768929491665
88434,true,-0.23907990994683814,7,600.0,100.0,91.71673550901832
88467,true,-0.19641505501581946,6,600.0,100.0,91.88240079883795
88502,true,-0.14104787242047223,6,600.0,100.0,92.0447527828612
88536,true,-0.06791020960810101,6,600.0,100.0,92.20385772720397
88566,true,0.01128525508340772,6,600.0,100.0,92.35978057265989
88600,true,0.03749854525625551,6,600.0,100.0,92.51258496120668
88637,true,-0.03603373943110455,6,600.0,100.0,92.66233326198255
88666,true,-0.1764693540128235,6,600.0,100.0,92.8090865967429
88699,true,-0.36829411749727115,6,600.0,100.0,92.95290486480805
88735,true,-0.5902014190348837,6,600.0,100.0,93.09384676751189
88771,true,-0.7677114828757112,6,600.0,100.0,93.23196983216165
88805,true,-0.8531887826803484,6,600.0,100.0,93.36733043551841
88837,true,-0.8717958055123347,6,600.0,100.0,93.49998382680805
88924,true,-0.8554755170268891,6,600.0,100.0,93.62998415027188
88945,true,-0.8310695836434832,6,600.0,100.0,93.75738446726645
89012,true,-0.8187953678704503,4,733.3333333333333,81.81818181818183,93.88223677792112
89034,true,-0.8137720637920438,4,733.3333333333333,81.81818181818183,93.64095567872634
89104,true,-0.8102471975380467,4,733.3333333333333,81.81818181818183,93.40450020151546
89140,true,-0.7916371671680054,4,733.3333333333333,81.81818181818183,93.1727738338488
89204,true,-0.7318325895384419,4,733.3333333333333,81.81818181818183,92.94568199353546
89239,true,-0.6390977317477109,4,733.3333333333333,81.81818181818183,92.72313199002839
89305,true,-0.6527806620459273,5,533.3333333333334,112.49999999999999,92.50503298659146
89337,true,-0.7296936569996433,5,533.3333333333334,112.49999999999999,92.50503298659146
89403,true,-0.8592843915770629,3,500.0,120.0,92.50503298659146
89435,true,-1.0288146352624494,3,500.0,120.0,92.50503298659146
89479,true,-1.2074002229587961,3,500.0,120.0,92.50503298659146
89503,true,-1.2629342934808392,3,500.0,120.0,92.50503298659146
89533,true,-1.2541625774568672,3,500.0,120.0,92.50503298659146
89569,true,-1.215492273017361,3,500.0,120.0,92.50503298659146
89619,true,-1.1750518066627365,3,500.0,120.0,92.50503298659146
89631,true,-1.1508252408667374,3,500.0,120.0,92.50503298659146
89676,true,-1.1441100119156147,3,500.0,120.0,92.50503298659146
89705,true,-1.1452062081513077,3,500.0,120.0,92.50503298659146
89746,true,-1.1345554429489937,3,500.0,120.0,92.50503298659146
89770,true,-1.0974961374494967,3,500.0,120.0,92.50503298659146
89802,true,-1.0304350915781129,3,500.0,120.0,92.50503298659146
89835,true,-0.9392773294038079,3,500.0,120.0,92.50503298659146
89865,true,-0.8306702960948087,3,500.0,120.0,92.50503298659146
89901,true,-0.7144472603587815,3,500.0,120.0,92.50503298659146
89937,true,-0.6624390655172192,3,500.0,120.0,92.50503298659146
89968,true,-0.7021566868881166,5,533.3333333333334,112.49999999999999,92.50503298659146
90034,true,-0.8777796701892839,5,533.3333333333334,112.49999999999999,92.50503298659146
90072,true,-1.095514354091705,5,533.3333333333334,112.49999999999999,92.50503298659146
90118,true,-1.322469191233182,5,533.3333333333334,112.49999999999999,92.50503298659146
90134,true,-1.5011702197236332,5,533.3333333333334,112.49999999999999,92.50503298659146
90167,true,-1.5922927685939499,5,500.0,120.0,92.50503298659146
90200,true,-1.5623872757557251,5,500.0,120.0,92.50503298659146
90239,true,-1.5067011603928506,5,500.0,120.0,92.50503298659146
90266,true,-1.4393279334339013,5,500.0,120.0,92.50503298659146
90314,true,-1.390843452736334,5,500.0,120.0,92.50503298659146
90337,true,-1.3788024721326906,5,500.0,120.0,92.50503298659146
90409,true,-1.3677093933202684,5,500.0,120.0,92.50503298659146
90434,true,-1.3641541424027537,5,500.0,120.0,92.50503298659146
90503,true,-1.364436638238459,5,500.0,120.0,92.50503298659146
90536,true,-1.3303861945856283,5,500.0,120.0,92.50503298659146
90606,true,-1.3105404470146311,5,500.0,120.0,92.50503298659146
90636,true,-1.364078320187133,5,500.0,120.0,92.50503298659146
90703,true,-1.5127970288575625,5,500.0,120.0,92.50503298659146
90739,true,-1.700043427279752,5,500.0,120.0,92.50503298659146
90779,true,-1.925526902785947,5,500.0,120.0,92.50503298659146
90801,true,-2.106415866053993,5,500.0,120.0,92.50503298659146
90838,true,-2.1930943908338065,5,500.0,120.0,92.50503298659146
90868,true,-2.1688474001425107,5,500.0,120.0,92.50503298659146
90898,true,-2.104157127799084,5,500.0,120.0,92.50503298659146
90933,true,-2.012356240195544,5,500.0,120.0,92.50503298659146
90966,true,-1.9212125394788302,5,500.0,120.0,92.50503298659146
91001,true,-1.8459394243498366,5,500.0,120.0,92.50503298659146
91031,true,-1.772264156379748,5,500.0,120.0,92.50503298659146
91067,true,-1.6915239476749662,5,500.0,120.0,92.50503298659146
91107,true,-1.6027159295765045,5,500.0,120.0,92.50503298659146
91134,true,-1.5086151241566768,5,500.0,120.0,92.50503298659146
91162,true,-1.3938031273471836,5,500.0,120.0,92.50503298659146
91201,true,-1.2540780510295804,5,500.0,120.0,92.50503298659146
91233,true,-1.1073141163298885,5,500.0,120.0,92.50503298659146
91265,true,-0.9858506666537323,5,500.0,120.0,92.50503298659146
91301,true,-0.9308206567576747,5,500.0,120.0,92.50503298659146
91337,true,-0.9593169043720309,6,500.0,120.0,92.50503298659146
91369,true,-1.081070759608366,6,500.0,120.0,92.50503298659146
91401,true,-1.2550226124690482,6,500.0,120.0,92.50503298659146
91440,true,-1.4161567524309362,6,500.0,120.0,92.50503298659146
91470,true,-1.5089076990462331,6,500.0,120.0,92.50503298659146
91523,true,-1.5279270139785694,6,500.0,120.0,92.50503298659146
91534,true,-1.4631016869803375,2,300.0,200.0,92.50503298659146
91570,true,-1.3615080894874154,2,300.0,200.0,92.50503298659146
91613,true,-1.251752828076576,2,300.0,200.0,92.50503298659146
91638,true,-1.1440359984464976,2,300.0,200.0,92.50503298659146
91669,true,-1.0610432359984827,2,300.0,200.0,92.50503298659146
91701,true,-0.9957906755153658,2,300.0,200.0,92.50503298659146
91737,true,-0.9287599159657134,2,300.0,200.0,92.50503298659146
91765,true,-0.8611963439335,2,300.0,200.0,92.50503298659146
91804,true,-0.7718075501943247,2,300.0,200.0,92.50503298659146
91830,true,-0.6443368073468605,2,300.0,200.0,92.50503298659146
91874,true,-0.5034326864441994,2,300.0,200.0,92.50503298659146
91901,true,-0.3547694178376162,2,300.0,200.0,92.50503298659146
91936,true,-0.24038290047704436,2,300.0,200.0,92.50503298659146
91972,true,-0.22918276435223106,2,300.0,200.0,92.50503298659146
92000,true,-0.3050314868990256,2,300.0,200.0,92.50503298659146
92036,true,-0.45336169874966004,1,300.0,200.0,92.50503298659146
92068,true,-0.6549968866428912,1,300.0,200.0,92.50503298659146
92103,true,-0.8538385260794712,1,300.0,200.0,92.50503298659146
92137,true,-0.979910643643592,1,300.0,200.0,92.50503298659146
92169,true,-1.0208079378859907,1,300.0,200.0,92.50503298659146
92203,true,-0.9822807233980484,1,300.0,200.0,92.50503298659146
92233,true,-0.8969499281475635,1,300.0,200.0,92.50503298659146
92269,true,-0.7828866572681363,8,533.3333333333334,112.49999999999999,92.50503298659146
92304,true,-0.6674627458049258,8,533.3333333333334,112.49999999999999,92.50503298659146
92342,true,-0.5768451400686843,8,533.3333333333334,112.49999999999999,92.50503298659146
92375,true,-0.5023997985514086,8,533.3333333333334,112.49999999999999,92.50503298659146
92401,true,-0.4338612010575389,8,533.3333333333334,112.49999999999999,92.50503298659146
92434,true,-0.3552845941558189,8,533.3333333333334,112.49999999999999,92.50503298659146
92468,true,-0.25721024638815493,8,533.3333333333334,112.49999999999999,92.50503298659146
92505,true,-0.1400119224635148,8,533.3333333333334,112.49999999999999,92.50503298659146
92537,true,-0.009158953515679968,8,533.3333333333334,112.49999999999999,92.50503298659146
92567,true,0.13157301139460742,8,533.3333333333334,112.49999999999999,92.50503298659146
92601,true,0.22874724472922026,8,533.3333333333334,112.49999999999999,92.50503298659146
92632,true,0.23828597169463706,2,1733.3333333333335,34.61538461538461,92.50503298659146
92668,true,0.16294545871087962,2,1733.3333333333335,34.61538461538461,92.50503298659146
92697,true,0.01514337045344405,2,1733.3333333333335,34.61538461538461,92.50503298659146
92733,true,-0.18631223597353141,2,1733.3333333333335,34.61538461538461,92.50503298659146
92769,true,-0.36311658512832423,2,1733.3333333333335,34.61538461538461,92.50503298659146
92804,true,-0.46274128364976264,2,1733.3333333333335,34.61538461538461,92.50503298659146
92834,true,-0.4824684840757243,2,1733.3333333333335,34.61538461538461,92.50503298659146
92865,true,-0.4401509110167581,2,1733.3333333333335,34.61538461538461,92.50503298659146
92913,true,-0.3561383878189588,2,1733.3333333333335,34.61538461538461,92.50503298659146
92936,true,-0.2687088779399289,2,1733.3333333333335,34.61538461538461,92.50503298659146
92966,true,-0.20365413272540422,2,1733.3333333333335,34.61538461538461,92.50503298659146
93002,true,-0.161562985656019,2,1733.3333333333335,34.61538461538461,92.50503298659146
93035,true,-0.13638444474386802,2,1733.3333333333335,34.61538461538461,92.50503298659146
93071,true,-0.11490810839387677,2,1733.3333333333335,34.61538461538461,92.50503298659146
93108,true,-0.08731669436707534,2,1733.3333333333335,34.61538461538461,92.50503298659146
93134,true,-0.03333579424761979,8,633.3333333333333,94.73684210526316,92.50503298659146
93166,true,0.04344850659117583,8,633.3333333333333,94.73684210526316,92.54966916896488
93205,true,0.13907316172381456,8,633.3333333333333,94.73684210526316,92.59341262769084
93239,true,0.2458537019112157,8,633.3333333333333,94.73684210526316,92.63628121724228
93267,true,0.31423976163347334,8,633.3333333333333,94.73684210526316,92.6782924350027
93302,true,0.2990685372236328,9,633.3333333333333,94.73684210526316,92.7194634284079
93332,true,0.20871753129557646,9,633.3333333333333,94.73684210526316,92.75981100194501
93367,true,0.04686413037876491,9,633.3333333333333,94.73684210526316,92.79935162401136
93397,true,-0.16847580201780943,9,633.3333333333333,94.73684210526316,92.8381014336364
93435,true,-0.35966127959170535,9,633.3333333333333,94.73684210526316,92.87607624706892
93468,true,-0.486351415927885,9,633.3333333333333,94.73684210526316,92.91329156423281
93501,true,-0.5409680976129891,9,633.3333333333333,94.73684210526316,92.94976257505341
93554,true,-0.5232586196430589,9,633.3333333333333,94.73684210526316,92.9855041656576
93570,true,-0.4637932650955463,9,633.3333333333333,94.73684210526316,93.0205309244497
93605,true,-0.4097240310235577,9,633.3333333333333,94.73684210526316,93.05485714806596
93679,true,-0.3585374183772956,9,633.3333333333333,94.73684210526316,93.0884968472099
93704,true,-0.31939640496773336,9,633.3333333333333,94.73684210526316,93.12146375237096
93734,true,-0.29074178855154287,9,633.3333333333333,94.73684210526316,93.1537713194288
93768,true,-0.2575414493868209,9,633.3333333333333,94.73684210526316,93.18543273514548
93798,true,-0.20767974430322056,9,633.3333333333333,94.73684210526316,93.21646092254784
93835,true,-0.1425152530736682,9,633.3333333333333,94.73684210526316,93.24686854620214
93878,true,-0.06453271296570051,9,633.3333333333333,94.73684210526316,93.27666801738336
93903,true,0.019521577112300292,9,633.3333333333333,94.73684210526316,93.30587149914095
93974,true,0.060030272615279046,9,633.3333333333333,94.73684210526316,93.33449091126339
94000,true,0.02874772683748006,10,633.3333333333333,94.73684210526316,93.36253793514338
94074,true,-0.11341476327228861,10,633.3333333333333,94.73684210526316,93.39002401854577
94102,true,-0.28527155975118035,10,633.3333333333333,94.73684210526316,93.41696038028012
94132,true,-0.47519528676590994,10,633.3333333333333,94.73684210526316,93.44335801477978
94166,true,-0.628460226536447,10,633.3333333333333,94.73684210526316,93.46922769658944
94198,true,-0.705311342877252,10,633.3333333333333,94.73684210526316,93.49457998476291
94234,true,-0.6642916830025172,10,633.3333333333333,94.73684210526316,93.5194252271729
94265,true,-0.5935185504204128,10,633.3333333333333,94.73684210526316,93.5437735647347
94298,true,-0.5162643043132675,10,633.3333333333333,94.73684210526316,93.56763493554527
94332,true,-0.45236057737341184,10,633.3333333333333,94.73684210526316,93.59101907893962
94365,true,-0.40225059228538385,10,633.3333333333333,94.73684210526316,93.61393553946608
94403,true,-0.35492746947022624,10,633.3333333333333,94.73684210526316,93.63639367078203
94434,true,-0.3037434626106972,10,633.3333333333333,94.73684210526316,93.65840263947165
94467,true,-0.23737519482966718,10,633.3333333333333,94.73684210526316,93.67997142878747
94501,true,-0.1534980020861667,10,633.3333333333333,94.73684210526316,93.70110884231698
94534,true,-0.06664632900023548,10,633.3333333333333,94.73684210526316,93.7218235075759
94570,true,0.030547703241381896,10,633.3333333333333,94.73684210526316,93.74212387952964
94605,true,0.12615323190166805,10,633.3333333333333,94.73684210526316,93.76201824404431
94635,true,0.2207162779605767,10,633.3333333333333,94.73684210526316,93.78151472126869
94670,true,0.2913772639635397,10,633.3333333333333,94.73684210526316,93.80062126894857
94698,true,0.30373798306362687,10,633.3333333333333,94.73684210526316,93.81934568567486
94732,true,0.21503331385747515,11,633.3333333333333,94.73684210526316,93.83769561406662
94768,true,0.04811971401218784,11,633.3333333333333,94.73684210526316,93.85567854389055
94797,true,-0.16413522790566049,11,633.3333333333333,94.73684210526316,93.873301815118
94834,true,-0.3706591088568132,11,633.3333333333333,94.73684210526316,93.89057262092089
94878,true,-0.5150266102887429,11,633.3333333333333,94.73684210526316,93.90749801060774
94901,true,-0.5652064753737989,11,633.3333333333333,94.73684210526316,93.92408489250084
94932,true,-0.5253143006311518,11,633.3333333333333,94.73684210526316,93.94034003675608
94966,true,-0.4487739156753321,1,1300.0,46.15384615384615,93.95627007812622
94997,true,-0.35601003574004153,1,1300.0,46.15384615384615,93.95627007812622
95037,true,-0.2653878630597717,1,1300.0,46.15384615384615,93.95627007812622
95065,true,-0.1875692004865641,1,1300.0,46.15384615384615,93.95627007812622
95099,true,-0.12517006447956192,1,1300.0,46.15384615384615,93.95627007812622
95133,true,-0.057941143736030654,1,1300.0,46.15384615384615,93.95627007812622
95166,true,0.01988326878955604,1,1300.0,46.15384615384615,93.95627007812622
95202,true,0.10822951286493776,1,1300.0,46.15384615384615,93.95627007812622
95235,true,0.20872405580394116,1,1300.0,46.15384615384615,93.95627007812622
95263,true,0.31474229290355993,1,1300.0,46.15384615384615,93.95627007812622
95299,true,0.4241508957035194,1,1300.0,46.15384615384615,93.95627007812622
95335,true,0.5309273514624522,1,1300.0,46.15384615384615,93.95627007812622
95366,true,0.6335113352865278,1,1066.6666666666667,56.24999999999999,93.95627007812622
95405,true,0.690087651904264,1,1066.6666666666667,56.24999999999999,93.95627007812622
95435,true,0.6539746188484798,1,1066.6666666666667,56.24999999999999,93.95627007812622
95467,true,0.5331399508422123,1,1066.6666666666667,56.24999999999999,93.95627007812622
95503,true,0.345345978351304,1,1066.6666666666667,56.24999999999999,93.95627007812622
95533,true,0.12891747189334524,1,1066.6666666666667,56.24999999999999,93.95627007812622
95574,true,-0.04393349543465774,1,1066.6666666666667,56.24999999999999,93.95627007812622
95599,true,-0.12889519250848025,12,633.3333333333333,94.73684210526316,93.95627007812622
95633,true,-0.1281376461732293,12,633.3333333333333,94.73684210526316,93.97188151866895
95665,true,-0.05867199863280348,12,633.3333333333333,94.73684210526316,93.98718073040084
95702,true,0.03903341307454866,12,633.3333333333333,94.73684210526316,94.00217395789808
95737,true,0.127940973067723,12,633.3333333333333,94.73684210526316,94.01686732084538
95767,true,0.20595427072441908,12,633.3333333333333,94.73684210526316,94.03126681653373
95796,true,0.2558304434261629,12,633.3333333333333,94.73684210526316,94.04537832230831
95834,true,0.2935917672614039,12,633.3333333333333,94.73684210526316,94.0592075979674
95872,true,0.3343700457586465,12,633.3333333333333,94.73684210526316,94.07276028811332
95901,true,0.38802141671624213,12,633.3333333333333,94.73684210526316,94.08604192445631
95929,true,0.4603316136542617,12,633.3333333333333,94.73684210526316,94.09905792807244
95966,true,0.5629018640350978,12,633.3333333333333,94.73684210526316,94.11181361161626
96000,true,0.6746191050661707,12,633.3333333333333,94.73684210526316,94.12431418148918
96033,true,0.7863304099103914,12,633.3333333333333,94.73684210526316,94.13656473996465
96065,true,0.8981624721706964,12,633.3333333333333,94.73684210526316,94.14857028727062
96099,true,1.0076718148223733,12,633.3333333333333,94.73684210526316,94.16033572363047
96140,true,1.1118802482096442,12,633.3333333333333,94.73684210526316,94.17186585126312
96165,true,1.1651920452713398,12,633.3333333333333,94.73684210526316,94.18316537634311
96199,true,1.1163745485881122,13,633.3333333333333,94.73684210526316,94.19423891092151
96235,true,0.9686501524321329,13,633.3333333333333,94.73684210526316,94.20509097480834
96267,true,0.7606469604459107,13,633.3333333333333,94.73684210526316,94.21572599741744
96303,true,0.5114294456197968,13,633.3333333333333,94.73684210526316,94.22614831957435
96336,true,0.2912398834655505,13,633.3333333333333,94.73684210526316,94.23636219528812
96366,true,0.16693134511453422,13,633.3333333333333,94.73684210526316,94.24637179348763
96405,true,0.14337316910931008,13,633.3333333333333,94.73684210526316,94.25618119972313
96430,true,0.18439706399152556,13,633.3333333333333,94.73684210526316,94.26579441783393
96465,true,0.26706906247380857,13,633.3333333333333,94.73684210526316,94.2752153715825
96505,true,0.35699464171185014,13,633.3333333333333,94.73684210526316,94.28444790625612
96541,true,0.4263815161319826,13,633.3333333333333,94.73684210526316,94.29349579023625
96567,true,0.48225839374069324,13,633.3333333333333,94.73684210526316,94.30236271653678
96595,true,0.5144516695856112,13,633.3333333333333,94.73684210526316,94.3110523043113
96632,true,0.5389647219509754,13,633.3333333333333,94.73684210526316,94.31956810033033
96671,true,0.5698323969503178,10,666.6666666666666,90.0,94.32791358042898
96701,true,0.6298164230756242,10,666.6666666666666,90.0,94.2413553088204
96735,true,0.7083230761310801,10,666.6666666666666,90.0,94.15652820264398
96763,true,0.8062997050189438,10,666.6666666666666,90.0,94.0733976385911
96797,true,0.9110924429531053,10,666.6666666666666,90.0,93.99192968581927
96835,true,1.0216766436228397,10,666.6666666666666,90.0,93.91209109210288
96872,true,1.1279338253132778,10,666.6666666666666,90.0,93.83384927026083
96905,true,1.224422816801507,10,666.6666666666666,90.0,93.75717228485561
96935,true,1.2803269712068186,10,666.6666666666666,90.0,93.68202883915849
96971,true,1.2564677125856178,11,666.6666666666666,90.0,93.60838826237531
96999,true,1.1255228757765963,11,666.6666666666666,90.0,93.5362204971278
97034,true,0.9090928384216568,11,666.6666666666666,90.0,93.46549608718524
97067,true,0.654759889068913,11,666.6666666666666,90.0,93.39618616544153
97098,true,0.42272958296192087,11,666.6666666666666,90.0,93.3282624421327
97132,true,0.27274099446017885,11,666.6666666666666,90.0,93.26169719329003
97166,true,0.24395678569652546,11,666.6666666666666,90.0,93.19646324942423
97207,true,0.30323920644840996,12,666.6666666666666,90.0,93.13253398443574
97233,true,0.39078273713752765,12,666.6666666666666,90.0,93.06988330474702
97264,true,0.4876848808332568,12,666.6666666666666,90.0,93.00848563865208
97299,true,0.5611719557147978,12,666.6666666666666,90.0,92.94831592587903
97338,true,0.5968055147814937,12,666.6666666666666,90.0,92.88934960736144
97370,true,0.6230045435622742,12,666.6666666666666,90.0,92.83156261521421
97398,true,0.6550147634892198,12,666.6666666666666,90.0,92.77493136290992
97433,true,0.7035239351435223,12,666.6666666666666,90.0,92.71943273565172
97473,true,0.7693637826271242,12,666.6666666666666,90.0,92.66504408093869
97506,true,0.8681747644085931,12,666.6666666666666,90.0,92.6117431993199
97535,true,0.9731103352054902,12,666.6666666666666,90.0,92.5595083353335
97564,true,1.0866958422465132,12,666.6666666666666,90.0,92.50831816862683
97604,true,1.1949255446837697,12,666.6666666666666,90.0,92.45815180525429
97631,true,1.3085272056919166,12,666.6666666666666,90.0,92.4089887691492
97666,true,1.4131681714439708,12,666.6666666666666,90.0,92.36080899376621
97700,true,1.4620725922276847,12,666.6666666666666,90.0,92.31359281389088
97734,true,1.4098208239510939,13,666.6666666666666,90.0,92.26732095761305
97767,true,1.2474021783854425,13,666.6666666666666,90.0,92.22197453846078
97795,true,1.0044018163733597,13,666.6666666666666,90.0,92.17753504769156
97831,true,0.716667189554272,13,666.6666666666666,90.0,92.13398434673773
97863,true,0.47678918105467005,13,666.6666666666666,90.0,92.09130465980297
97902,true,0.32540556874386084,13,666.6666666666666,90.0,92.04947856660691
97931,true,0.28774364949288156,13,666.6666666666666,90.0,92.00848899527476
97966,true,0.3279889038140027,13,666.6666666666666,90.0,91.96831921536926
97999,true,0.41343174349842116,13,666.6666666666666,90.0,91.92895283106188
98034,true,0.49901724484183774,13,666.6666666666666,90.0,91.89037377444063
98065,true,0.5705344786558442,13,666.6666666666666,90.0,91.85256629895181
98095,true,0.6173639713615557,13,666.6666666666666,90.0,91.81551497297278
98127,true,0.6596846703975814,13,666.6666666666666,90.0,91.77920467351332
98164,true,0.701499160167657,13,666.6666666666666,90.0,91.74362058004304
98196,true,0.752674459974287,13,666.6666666666666,90.0,91.70874816844218
98230,true,0.8337834800598785,13,666.6666666666666,90.0,91.67457320507333
98264,true,0.9406223970356109,13,666.6666666666666,90.0,91.64108174097186
98302,true,1.0573913430985158,13,666.6666666666666,90.0,91.60826010615241
98330,true,1.1719221413258083,13,666.6666666666666,90.0,91.57609490402936
98365,true,1.2834152509897478,12,666.6666666666666,90.0,91.54457300594876
98399,true,1.395055348101863,12,666.6666666666666,90.0,91.51368154582978
98432,true,1.4948057414803202,12,666.6666666666666,90.0,91.48340791491319
98469,true,1.5735461714669725,12,666.6666666666666,90.0,91.45373975661492
98499,true,1.5725514812594668,14,666.6666666666666,90.0,91.42466496148262
98531,true,1.4721305875542328,14,666.6666666666666,90.0,91.39617166225297
98567,true,1.2624071843550837,14,666.6666666666666,90.0,91.3682482290079
98616,true,0.992565248560453,14,666.6666666666666,90.0,91.34088326442775
98632,true,0.7026084119684128,14,666.6666666666666,90.0,91.31406559913918
98724,true,0.4988634018666005,14,666.6666666666666,90.0,91.2877842871564
98741,true,0.4040947941821287,14,666.6666666666666,90.0,91.26202860141326
98804,true,0.4235699996935409,14,666.6666666666666,90.0,91.236788029385
98837,true,0.4925969872043936,14,666.6666666666666,90.0,91.2120522687973
98918,true,0.5754387784049868,14,666.6666666666666,90.0,91.18781122342135
98934,true,0.6466442611012155,14,666.6666666666666,90.0,91.16405499895292
99009,true,0.7302427281414339,14,666.6666666666666,90.0,91.14077389897386
99035,true,0.8068004900661663,14,666.6666666666666,90.0,91.11795842099438
99105,true,0.9116290287947209,14,666.6666666666666,90.0,91.09559925257449
99136,true,1.051277649290796,14,666.6666666666666,90.0,91.073687267523
99213,true,1.2131528839854013,14,666.6666666666666,90.0,91.05221352217254
99234,true,1.3534480260724138,13,666.6666666666666,90.0,91.03116925172908
99305,true,1.2834587120503897,14,666.6666666666666,90.0,91.0105458666945
99332,true,1.1308682679216702,14,666.6666666666666,90.0,90.9903349493606
99412,true,0.9246965922602328,14,666.6666666666666,90.0,90.97052825037339
99437,true,0.6893346750587739,14,666.6666666666666,90.0,90.95111768536592
99501,true,0.46342970038898557,14,666.6666666666666,90.0,90.93209533165859
99536,true,0.4458478913577153,14,666.6666666666666,90.0,90.91345342502541
99631,true,0.48180342053140635,14,666.6666666666666,90.0,90.8951843565249
99644,true,0.5368885300617876,14,666.6666666666666,90.0,90.8772806693944
99710,true,0.5976121316448655,14,666.6666666666666,90.0,90.8597350560065
99736,true,0.6496026374331336,14,666.6666666666666,90.0,90.84254035488637
99806,true,0.7056193755500146,14,666.6666666666666,90.0,90.82568954778864
99841,true,0.7903521649498941,14,666.6666666666666,90.0,90.80917575683286
99909,true,0.9082958595897708,14,666.6666666666666,90.0,90.7929922416962
99937,true,1.0444322197247118,14,666.6666666666666,90.0,90.77713239686227
100009,true,1.197766092425951,13,666.6666666666666,90.0,90.76158974892502
100034,true,1.3350113414504676,13,666.6666666666666,90.0,90.74635795394651
100098,true,1.310005740701257,14,666.6666666666666,90.0,90.73143079486758
100132,true,1.2165164078258783,14,666.6666666666666,90.0,90.71680217897023
100196,true,1.097934021007461,14,666.6666666666666,90.0,90.70246613539082