Timestamp(ms),isGoodSignal,filteredIntensity,rrIntervals_count,medianRrMs,rawBpm,filteredBpm
19,true,0.32345709957243685,3,700.0,85.71428571428571,0.0
52,true,0.33225245501699874,3,700.0,85.71428571428571,0.0
83,true,0.2847674614005484,3,700.0,85.71428571428571,0.0
119,true,0.18391160404959805,3,700.0,85.71428571428571,0.0
151,true,0.05798535157254037,3,700.0,85.71428571428571,0.0
184,true,-0.06377309722745395,3,700.0,85.71428571428571,0.0
219,true,-0.1807753298232342,3,700.0,85.71428571428571,0.0
254,true,-0.2682754956302347,3,700.0,85.71428571428571,0.0
286,true,-0.299074125312643,3,700.0,85.71428571428571,0.0
320,true,-0.31082126973123536,3,700.0,85.71428571428571,0.0
353,true,-0.304628363199015,3,700.0,85.71428571428571,0.0
388,true,-0.3020876189471835,3,700.0,85.71428571428571,0.0
417,true,-0.2739085559012153,3,700.0,85.71428571428571,0.0
453,true,-0.2504417937757921,3,700.0,85.71428571428571,0.0
485,true,-0.22605759022528105,3,700.0,85.71428571428571,0.0
519,true,-0.2002747778626599,3,700.0,85.71428571428571,0.0
553,true,-0.16300261453238818,3,700.0,85.71428571428571,0.0
587,true,-0.09651526614541694,3,700.0,85.71428571428571,0.0
623,true,-0.023895727446046067,3,700.0,85.71428571428571,0.0
656,true,0.042407948505172044,3,700.0,85.71428571428571,0.0
698,true,0.10091736571285992,3,700.0,85.71428571428571,0.0
730,true,0.1465942814693335,3,700.0,85.71428571428571,0.0
774,true,0.15504463161596505,3,700.0,85.71428571428571,0.0
790,true,0.18133923741902436,3,700.0,85.71428571428571,0.0
821,true,0.20264803483948413,3,700.0,85.71428571428571,0.0
860,true,0.17065524008151556,4,700.0,85.71428571428571,0.0
896,true,0.09152620832318803,4,700.0,85.71428571428571,85.71428571428571
925,true,-0.01015240138167428,4,700.0,85.71428571428571,85.71428571428571
955,true,-0.13315367908180065,4,700.0,85.71428571428571,85.71428571428571
987,true,-0.24927311450730372,4,700.0,85.71428571428571,85.71428571428571
1022,true,-0.29868914175875716,4,700.0,85.71428571428571,85.71428571428571
1059,true,-0.3118581664485305,4,700.0,85.71428571428571,85.71428571428571
1090,true,-0.29089900764137155,4,700.0,85.71428571428571,85.71428571428571
1123,true,-0.2705451887446202,4,700.0,85.71428571428571,85.71428571428571
1155,true,-0.2555737716596411,4,700.0,85.71428571428571,85.71428571428571
1187,true,-0.2657054285670881,4,700.0,85.71428571428571,85.71428571428571
1222,true,-0.2620419132476286,4,700.0,85.71428571428571,85.71428571428571
1257,true,-0.26605404571449753,4,700.0,85.71428571428571,85.71428571428571
1293,true,-0.2564950252213123,4,700.0,85.71428571428571,85.71428571428571
1329,true,-0.2280835540366013,4,700.0,85.71428571428571,85.71428571428571
1360,true,-0.1726535325033467,4,700.0,85.71428571428571,85.71428571428571
1391,true,-0.0797413714855395,4,700.0,85.71428571428571,85.71428571428571
1422,true,0.019823167142931197,4,700.0,85.71428571428571,85.71428571428571
1457,true,0.10980139054044002,4,700.0,85.71428571428571,85.71428571428571
1491,true,0.18923587050718993,4,700.0,85.71428571428571,85.71428571428571
1521,true,0.2743440890842521,4,700.0,85.71428571428571,85.71428571428571
1557,true,0.31938732552021065,4,700.0,85.71428571428571,85.71428571428571
1595,true,0.33204727656826094,4,700.0,85.71428571428571,85.71428571428571
1622,true,0.28377485717942363,7,700.0,85.71428571428571,85.71428571428571
1656,true,0.19303640875477868,7,700.0,85.71428571428571,85.71428571428571
1693,true,0.07283445448800308,7,700.0,85.71428571428571,85.71428571428571
1724,true,-0.03496335981830612,7,700.0,85.71428571428571,85.71428571428571
1756,true,-0.11095004166361377,7,700.0,85.71428571428571,85.71428571428571
1784,true,-0.12892925870576732,7,700.0,85.71428571428571,85.71428571428571
1823,true,-0.10793308826418979,7,700.0,85.71428571428571,85.71428571428571
1861,true,-0.07890535037697077,7,700.0,85.71428571428571,85.71428571428571
1895,true,-0.07222508174174891,7,700.0,85.71428571428571,85.71428571428571
1925,true,-0.0802782059445235,7,700.0,85.71428571428571,85.71428571428571
1957,true,-0.07925395664221924,7,700.0,85.71428571428571,85.71428571428571
1988,true,-0.07417445878093076,7,700.0,85.71428571428571,85.71428571428571
2022,true,-0.0585450322407155,7,700.0,85.71428571428571,85.71428571428571
2058,true,-0.008581086590140785,7,700.0,85.71428571428571,85.71428571428571
2096,true,0.06540275060680756,7,700.0,85.71428571428571,85.71428571428571
2132,true,0.13663691547995427,7,700.0,85.71428571428571,85.71428571428571
2188,true,0.2106196235723985,7,700.0,85.71428571428571,85.71428571428571
2219,true,0.30172670262064116,7,700.0,85.71428571428571,85.71428571428571
2302,true,0.4080012981243044,7,700.0,85.71428571428571,85.71428571428571
2324,true,0.5008825397090391,7,700.0,85.71428571428571,85.71428571428571
2401,true,0.4698930276873341,8,700.0,85.71428571428571,85.71428571428571
2424,true,0.40819611377671094,8,700.0,85.71428571428571,85.71428571428571
2498,true,0.3305679332094087,8,700.0,85.71428571428571,85.71428571428571
2530,true,0.21629722956123487,8,700.0,85.71428571428571,85.71428571428571
2555,true,0.10018374010178377,8,700.0,85.71428571428571,85.71428571428571
2629,true,0.10587385903343716,8,700.0,85.71428571428571,85.71428571428571
2674,true,0.13004558259055443,8,700.0,85.71428571428571,85.71428571428571
2693,true,0.13675761421478683,8,700.0,85.71428571428571,85.71428571428571
2761,true,0.15336816862532032,8,700.0,85.71428571428571,85.71428571428571
2793,true,0.17670367761306238,8,700.0,85.71428571428571,85.71428571428571
2819,true,0.21381415351234523,8,700.0,85.71428571428571,85.71428571428571
2857,true,0.2726310593580479,8,700.0,85.71428571428571,85.71428571428571
2888,true,0.3550707544368379,8,700.0,85.71428571428571,85.71428571428571
2923,true,0.4404735534531312,8,700.0,85.71428571428571,85.71428571428571
2954,true,0.5394569706061247,8,700.0,85.71428571428571,85.71428571428571
2992,true,0.6286553747004859,8,700.0,85.71428571428571,85.71428571428571
3030,true,0.7040291949485038,8,700.0,85.71428571428571,85.71428571428571
3054,true,0.7509949081021716,8,700.0,85.71428571428571,85.71428571428571
3087,true,0.7777293303802537,8,700.0,85.71428571428571,85.71428571428571
3125,true,0.7474585812340706,9,700.0,85.71428571428571,85.71428571428571
3165,true,0.6346818411525987,9,700.0,85.71428571428571,85.71428571428571
3194,true,0.48883851925526756,9,700.0,85.71428571428571,85.71428571428571
3223,true,0.3425162620985418,9,700.0,85.71428571428571,85.71428571428571
3254,true,0.21459710685275013,9,700.0,85.71428571428571,85.71428571428571
3324,true,0.13627768769984527,9,700.0,85.71428571428571,85.71428571428571
3360,true,0.14227033197869332,9,700.0,85.71428571428571,85.71428571428571
3423,true,0.1720609603147807,9,700.0,85.71428571428571,85.71428571428571
3457,true,0.20407932126053652,9,700.0,85.71428571428571,85.71428571428571
3488,true,0.2194076516616974,9,700.0,85.71428571428571,85.71428571428571
3524,true,0.21167918342288772,9,700.0,85.71428571428571,85.71428571428571
3555,true,0.19509335998290567,9,700.0,85.71428571428571,85.71428571428571
3590,true,0.20349794751160744,9,700.0,85.71428571428571,85.71428571428571
3624,true,0.2365120154533713,9,700.0,85.71428571428571,85.71428571428571
3658,true,0.2834753719094181,9,700.0,85.71428571428571,85.71428571428571
3690,true,0.35114341143255956,9,700.0,85.71428571428571,85.71428571428571
3720,true,0.4218152246197633,9,700.0,85.71428571428571,85.71428571428571
3750,true,0.47695443879140953,9,700.0,85.71428571428571,85.71428571428571
3813,true,0.5201001752856484,9,700.0,85.71428571428571,85.71428571428571
3820,true,0.5392625001935016,9,700.0,85.71428571428571,85.71428571428571
3855,true,0.45712136094380185,10,700.0,85.71428571428571,85.71428571428571
3887,true,0.32571047928416874,10,700.0,85.71428571428571,85.71428571428571
3930,true,0.17472775354525538,10,700.0,85.71428571428571,85.71428571428571
3958,true,0.028925420503298938,10,700.0,85.71428571428571,85.71428571428571
3995,true,-0.07205988745704417,10,700.0,85.71428571428571,85.71428571428571
4030,true,-0.06166744488501763,10,700.0,85.71428571428571,85.71428571428571
4070,true,0.007857432577026202,10,700.0,85.71428571428571,85.71428571428571
4132,true,0.10795545382273986,10,700.0,85.71428571428571,85.71428571428571
4157,true,0.1983114297383679,10,700.0,85.71428571428571,85.71428571428571
4230,true,0.24322319910788792,10,700.0,85.71428571428571,85.71428571428571
4257,true,0.2676120387366723,10,700.0,85.71428571428571,85.71428571428571
4297,true,0.28115312984263596,10,700.0,85.71428571428571,85.71428571428571
4320,true,0.2841921769030762,10,700.0,85.71428571428571,85.71428571428571
4365,true,0.29361988982435605,10,700.0,85.71428571428571,85.71428571428571
4390,true,0.31572310548634164,10,700.0,85.71428571428571,85.71428571428571
4460,true,0.35132809824082756,10,700.0,85.71428571428571,85.71428571428571
4491,true,0.3856522707010299,10,700.0,85.71428571428571,85.71428571428571
4565,true,0.2974026560537766,11,700.0,85.71428571428571,85.71428571428571
4596,true,0.16705195227228842,11,700.0,85.71428571428571,85.71428571428571
4662,true,0.03024678123287572,11,700.0,85.71428571428571,85.71428571428571
4695,true,-0.1119956428572948,11,700.0,85.71428571428571,85.71428571428571
4763,true,-0.24370479850119864,11,700.0,85.71428571428571,85.71428571428571
4790,true,-0.25701822283329534,11,700.0,85.71428571428571,85.71428571428571
4878,true,-0.23204730279843488,11,700.0,85.71428571428571,85.71428571428571
4887,true,-0.20327029748358427,11,700.0,85.71428571428571,85.71428571428571
4958,true,-0.1754679478069079,11,700.0,85.71428571428571,85.71428571428571
4991,true,-0.14692905500763231,11,700.0,85.71428571428571,85.71428571428571
5058,true,-0.09746718070093152,11,700.0,85.71428571428571,85.71428571428571
5093,true,-0.03475035326957254,11,700.0,85.71428571428571,85.71428571428571
5120,true,0.034431585669750575,11,700.0,85.71428571428571,85.71428571428571
5152,true,0.11265058710205267,11,700.0,85.71428571428571,85.71428571428571
5191,true,0.17956782607322452,11,700.0,85.71428571428571,85.71428571428571
5229,true,0.22007292218236785,11,700.0,85.71428571428571,85.71428571428571
5258,true,0.20910215188459347,12,700.0,85.71428571428571,85.71428571428571
5288,true,0.1429885641655062,12,700.0,85.71428571428571,85.71428571428571
5327,true,0.021162730660137186,12,700.0,85.71428571428571,85.71428571428571
5355,true,-0.11434197341674235,12,700.0,85.71428571428571,85.71428571428571
5422,true,-0.2300692108144915,12,700.0,85.71428571428571,85.71428571428571
5459,true,-0.3016031062015543,12,700.0,85.71428571428571,85.71428571428571
5538,true,-0.30639348009745504,12,700.0,85.71428571428571,85.71428571428571
5568,true,-0.2762308557837798,12,700.0,85.71428571428571,85.71428571428571
5635,true,-0.24377965772106336,12,700.0,85.71428571428571,85.71428571428571
5658,true,-0.2174669948549024,12,700.0,85.71428571428571,85.71428571428571
5730,true,-0.1699125562313668,12,700.0,85.71428571428571,85.71428571428571
5752,true,-0.1278118358759457,12,700.0,85.71428571428571,85.71428571428571
5789,true,-0.0802582712288995,12,700.0,85.71428571428571,85.71428571428571
5821,true,-0.008053855430773638,12,700.0,85.71428571428571,85.71428571428571
5860,true,0.0702686343803407,12,700.0,85.71428571428571,85.71428571428571
5891,true,0.13788600276791385,12,700.0,85.71428571428571,85.71428571428571
5928,true,0.20310627686677662,12,700.0,85.71428571428571,85.71428571428571
5964,true,0.257183902115969,12,700.0,85.71428571428571,85.71428571428571
5987,true,0.23884194606213782,13,666.6666666666666,90.0,85.71428571428571
6019,true,0.1369112218021371,13,666.6666666666666,90.0,86.14285714285714
6052,true,-0.012431966723084997,13,666.6666666666666,90.0,86.52857142857142
6089,true,-0.1692679728304256,13,666.6666666666666,90.0,86.87571428571428
6121,true,-0.3122679853714203,13,666.6666666666666,90.0,87.18814285714285
6154,true,-0.39806935767344953,13,666.6666666666666,90.0,87.46932857142856
6187,true,-0.40707067029626387,13,666.6666666666666,90.0,87.72239571428571
6219,true,-0.37608512857073606,13,666.6666666666666,90.0,87.95015614285714
6253,true,-0.33822126794589735,13,666.6666666666666,90.0,88.15514052857142
6287,true,-0.3140426479149028,13,666.6666666666666,90.0,88.33962647571428
6321,true,-0.30294899963422495,13,666.6666666666666,90.0,88.50566382814286
6352,true,-0.30988907213705374,13,666.6666666666666,90.0,88.65509744532858
6383,true,-0.31516149857895925,12,666.6666666666666,90.0,88.78958770079572
6422,true,-0.3107255791121588,12,666.6666666666666,90.0,88.91062893071616
6453,true,-0.27910365094913914,12,666.6666666666666,90.0,89.01956603764454
6486,true,-0.22000030755086186,12,666.6666666666666,90.0,89.11760943388009
6520,true,-0.1427211815575049,12,666.6666666666666,90.0,89.20584849049209
6553,true,-0.05127087636185479,12,666.6666666666666,90.0,89.28526364144288
6588,true,0.03499870214938028,12,666.6666666666666,90.0,89.35673727729859
6621,true,0.11197850205752502,12,666.6666666666666,90.0,89.42106354956873
6663,true,0.1732119914371708,12,666.6666666666666,90.0,89.47895719461185
6688,true,0.16433741656396705,13,666.6666666666666,90.0,89.53106147515066
6721,true,0.0757286846157399,13,666.6666666666666,90.0,89.5779553276356
6753,true,-0.05337245516841449,13,666.6666666666666,90.0,89.62015979487205
6791,true,-0.19698602659389053,13,666.6666666666666,90.0,89.65814381538485
6825,true,-0.3256927114198618,13,666.6666666666666,90.0,89.69232943384637
6863,true,-0.36262171727756254,13,666.6666666666666,90.0,89.72309649046173
6886,true,-0.33631895643657117,13,666.6666666666666,90.0,89.75078684141556
6970,true,-0.26981190900798424,13,666.6666666666666,90.0,89.77570815727401
6992,true,-0.2094808256914007,13,666.6666666666666,90.0,89.7981373415466
7061,true,-0.15937949657171657,13,666.6666666666666,90.0,89.81832360739195
7093,true,-0.135210451605559,13,666.6666666666666,90.0,89.83649124665276
7158,true,-0.09786303134083596,13,666.6666666666666,90.0,89.85284212198748
7193,true,-0.06258131489934726,12,666.6666666666666,90.0,89.86755790978873
7258,true,-0.001188345716883532,12,666.6666666666666,90.0,89.88080211880985
7290,true,0.07331942935581992,12,666.6666666666666,90.0,89.89272190692887
7326,true,0.1471859583742514,12,666.6666666666666,90.0,89.90344971623598
7354,true,0.17199597896964747,12,666.6666666666666,90.0,89.91310474461238
7385,true,0.11899844943170024,13,666.6666666666666,90.0,89.92179427015115
7422,true,0.004104558344607767,13,666.6666666666666,90.0,89.92961484313604
7458,true,-0.15314376341004277,13,666.6666666666666,90.0,89.93665335882244
7489,true,-0.3131009616066933,13,666.6666666666666,90.0,89.9429880229402
7554,true,-0.43954477742983045,13,666.6666666666666,90.0,89.94868922064619
7591,true,-0.4927467031183994,13,666.6666666666666,90.0,89.95382029858158
7669,true,-0.48249504598382487,13,666.6666666666666,90.0,89.95843826872343
7691,true,-0.47086111830881805,13,666.6666666666666,90.0,89.96259444185108
7764,true,-0.46323769700683215,13,666.6666666666666,90.0,89.96633499766598
7795,true,-0.42794443133593063,13,666.6666666666666,90.0,89.96970149789938
7879,true,-0.3738774083120404,13,666.6666666666666,90.0,89.97273134810945
7889,true,-0.3222427340798504,13,666.6666666666666,90.0,89.97545821329851
7962,true,-0.22836801620732672,13,666.6666666666666,90.0,89.97791239196866
7985,true,-0.11666764925345774,13,666.6666666666666,90.0,89.9801211527718
8063,true,-0.03131396349013471,13,666.6666666666666,90.0,89.98210903749462
8092,true,0.020509118237299617,13,666.6666666666666,90.0,89.98389813374516
8159,true,-0.09036874986153975,14,666.6666666666666,90.0,89.98550832037064
8196,true,-0.22837695403592306,13,633.3333333333333,94.73684210526316,89.98695748833357
8263,true,-0.3766542378582187,13,633.3333333333333,94.73684210526316,90.46194595002653
8289,true,-0.5255032050030195,13,633.3333333333333,94.73684210526316,90.8894355655502
8358,true,-0.6427304870143189,13,633.3333333333333,94.73684210526316,91.2741762195215
8388,true,-0.6306681242873537,13,633.3333333333333,94.73684210526316,91.62044280809566
8458,true,-0.6192998449502625,13,633.3333333333333,94.73684210526316,91.93208273781241
8488,true,-0.6113383436590709,13,633.3333333333333,94.73684210526316,92.21255867455749
8555,true,-0.5871679427116021,13,633.3333333333333,94.73684210526316,92.46498701762805
8589,true,-0.5684838175368441,13,633.3333333333333,94.73684210526316,92.69217252639156
8618,true,-0.5177400238354153,13,633.3333333333333,94.73684210526316,92.89663948427872
8655,true,-0.4392553568050914,13,633.3333333333333,94.73684210526316,93.08065974637717
8691,true,-0.35053492076764314,13,633.3333333333333,94.73684210526316,93.24627798226577
8728,true,-0.25302583751800967,13,633.3333333333333,94.73684210526316,93.39533439456551
8763,true,-0.17445747972166714,13,633.3333333333333,94.73684210526316,93.52948516563528
8789,true,-0.10573209237293213,13,633.3333333333333,94.73684210526316,93.65022085959806
8815,true,-0.06321164038070037,13,633.3333333333333,94.73684210526316,93.75888298416457
8853,true,-0.08333328184414768,14,633.3333333333333,94.73684210526316,93.85667889627443
8898,true,-0.20155035450508763,14,633.3333333333333,94.73684210526316,93.9446952171733
8920,true,-0.3381287169714824,14,633.3333333333333,94.73684210526316,94.0239099059823
8959,true,-0.48692423280772346,14,633.3333333333333,94.73684210526316,94.09520312591039
8999,true,-0.650994592450246,14,633.3333333333333,94.73684210526316,94.15936702384566
9023,true,-0.7507063884983154,13,633.3333333333333,94.73684210526316,94.2171145319874
9052,true,-0.7727496245842929,13,633.3333333333333,94.73684210526316,94.26908728931498
9084,true,-0.7717935904568094,13,633.3333333333333,94.73684210526316,94.3158627709098
9126,true,-0.7635884767607024,13,633.3333333333333,94.73684210526316,94.35796070434515
9158,true,-0.7397828570247498,13,633.3333333333333,94.73684210526316,94.39584884443696
9189,true,-0.716755796775999,13,633.3333333333333,94.73684210526316,94.42994817051958
9258,true,-0.6899229078955216,13,633.3333333333333,94.73684210526316,94.46063756399394
9289,true,-0.6613753231715407,13,633.3333333333333,94.73684210526316,94.48825801812086
9364,true,-0.6083092418506624,13,633.3333333333333,94.73684210526316,94.5131164268351
9392,true,-0.5265763213813557,13,633.3333333333333,94.73684210526316,94.5354889946779
9464,true,-0.4393651229635793,13,633.3333333333333,94.73684210526316,94.55562430573643
9492,true,-0.3628513462713272,13,633.3333333333333,94.73684210526316,94.57374608568911
9570,true,-0.28440052037362307,13,633.3333333333333,94.73684210526316,94.59005568764651
9593,true,-0.27995180042947254,13,633.3333333333333,94.73684210526316,94.60473432940817
9659,true,-0.36877075392823144,14,633.3333333333333,94.73684210526316,94.61794510699367
9694,true,-0.47608084366854087,14,633.3333333333333,94.73684210526316,94.62983480682063
9719,true,-0.5871340608783839,14,633.3333333333333,94.73684210526316,94.64053553666488
9755,true,-0.7295448750000446,14,633.3333333333333,94.73684210526316,94.65016619352471
9789,true,-0.8156952974034937,14,633.3333333333333,94.73684210526316,94.65883378469856
9820,true,-0.8294624537001312,14,633.3333333333333,94.73684210526316,94.66663461675502
9864,true,-0.838968265646173,14,633.3333333333333,94.73684210526316,94.67365536560584
9910,true,-0.8490294209191518,14,633.3333333333333,94.73684210526316,94.67997403957158
9922,true,-0.8374894371872585,14,633.3333333333333,94.73684210526316,94.68566084614073
9952,true,-0.8318632392966094,14,633.3333333333333,94.73684210526316,94.69077897205298
9990,true,-0.8147979659665907,14,633.3333333333333,94.73684210526316,94.695385285374
10015,true,-0.7871504695331453,14,633.3333333333333,94.73684210526316,94.69953096736292
10054,true,-0.7492358378338224,14,633.3333333333333,94.73684210526316,94.70326208115294
10094,true,-0.6971423762446705,14,633.3333333333333,94.73684210526316,94.70662008356396
10121,true,-0.6271359336093099,14,633.3333333333333,94.73684210526316,94.70964228573388
10155,true,-0.6024259846003304,14,633.3333333333333,94.73684210526316,94.71236226768681
10190,true,-0.5844572983900207,14,633.3333333333333,94.73684210526316,94.71481025144445
10217,true,-0.5275405760949639,14,633.3333333333333,94.73684210526316,94.71701343682632
10255,true,-0.4755715501977704,14,633.3333333333333,94.73684210526316,94.71899630367001
10288,true,-0.44617580246733723,14,633.3333333333333,94.73684210526316,94.72078088382932
10326,true,-0.4621338007166287,14,633.3333333333333,94.73684210526316,94.7223870059727
10354,true,-0.5283220522844942,14,633.3333333333333,94.73684210526316,94.72383251590175
10394,true,-0.6595047451967844,14,633.3333333333333,94.73684210526316,94.72513347483789
10420,true,-0.8673295896213347,14,633.3333333333333,94.73684210526316,94.72630433788042
10453,true,-1.0562069447180136,14,633.3333333333333,94.73684210526316,94.7273581146187
10488,true,-1.1138020499645904,14,633.3333333333333,94.73684210526316,94.72830651368314
10514,true,-1.110685395219548,14,633.3333333333333,94.73684210526316,94.72916007284114
10552,true,-1.0810607065544104,14,633.3333333333333,94.73684210526316,94.72992827608334
10586,true,-0.9757310718706265,14,633.3333333333333,94.73684210526316,94.73061965900132
10624,true,-0.8820835241396878,14,633.3333333333333,94.73684210526316,94.7312419036275
10654,true,-0.8424317476539045,14,633.3333333333333,94.73684210526316,94.73180192379107
10693,true,-0.8093435182688324,14,633.3333333333333,94.73684210526316,94.73230594193828
10727,true,-0.7760151944568179,14,633.3333333333333,94.73684210526316,94.73275955827077
10751,true,-0.7328042891616349,14,633.3333333333333,94.73684210526316,94.73316781297001
10834,true,-0.6632082607432892,14,633.3333333333333,94.73684210526316,94.73353524219932
10855,true,-0.5778507522351788,14,633.3333333333333,94.73684210526316,94.73386592850571
10933,true,-0.48881035238463255,14,633.3333333333333,94.73684210526316,94.73416354618145
10955,true,-0.39938347669496466,14,633.3333333333333,94.73684210526316,94.73443140208963
11027,true,-0.33722842343314596,14,633.3333333333333,94.73684210526316,94.73467247240698
11058,true,-0.37204637832371645,15,633.3333333333333,94.73684210526316,94.73488943569261
11128,true,-0.47294700122336053,15,633.3333333333333,94.73684210526316,94.73508470264966
11160,true,-0.5932783070934704,15,633.3333333333333,94.73684210526316,94.73526044291101
11229,true,-0.7085896542375565,15,633.3333333333333,94.73684210526316,94.73541860914622
11262,true,-0.8072054102856896,15,633.3333333333333,94.73684210526316,94.73556095875792
11289,true,-0.8340186195702302,15,633.3333333333333,94.73684210526316,94.73568907340844
11322,true,-0.8178024012376568,15,633.3333333333333,94.73684210526316,94.7358043765939
11360,true,-0.8020269050877857,15,633.3333333333333,94.73684210526316,94.73590814946083
11387,true,-0.8033553377184433,15,633.3333333333333,94.73684210526316,94.73600154504106
11421,true,-0.8052282133616302,15,633.3333333333333,94.73684210526316,94.73608560106328
11463,true,-0.8006562496781839,15,633.3333333333333,94.73684210526316,94.73616125148327
11496,true,-0.7689851243975454,15,633.3333333333333,94.73684210526316,94.73622933686126
11523,true,-0.7126763746999814,15,633.3333333333333,94.73684210526316,94.73629061370144
11551,true,-0.6479773573687737,14,633.3333333333333,94.73684210526316,94.73634576285761
11589,true,-0.569407845051245,14,633.3333333333333,94.73684210526316,94.73639539709816
11621,true,-0.4931450634371686,14,633.3333333333333,94.73684210526316,94.73644006791467
11655,true,-0.4744431458834981,14,633.3333333333333,94.73684210526316,94.73648027164953
11684,true,-0.4734321574910325,14,633.3333333333333,94.73684210526316,94.73651645501089
11718,true,-0.4246612244430992,14,633.3333333333333,94.73684210526316,94.73654902003611
11757,true,-0.3961501667581615,14,633.3333333333333,94.73684210526316,94.73657832855882
11788,true,-0.44810179693703844,15,633.3333333333333,94.73684210526316,94.73660470622926
11819,true,-0.5164381657124864,15,633.3333333333333,94.73684210526316,94.73662844613266
11854,true,-0.5931012938048354,15,633.3333333333333,94.73684210526316,94.73664981204571
11886,true,-0.7438817719747703,15,633.3333333333333,94.73684210526316,94.73666904136746
11918,true,-0.9109210743873746,15,633.3333333333333,94.73684210526316,94.73668634775703
11956,true,-0.9915871785416641,15,633.3333333333333,94.73684210526316,94.73670192350764
11990,true,-1.0110330767173252,15,633.3333333333333,94.73684210526316,94.73671594168319
12017,true,-1.0143076041468362,15,633.3333333333333,94.73684210526316,94.73672855804118
12054,true,-0.9922868764656698,15,633.3333333333333,94.73684210526316,94.73673991276338
12092,true,-0.9499956654636321,15,633.3333333333333,94.73684210526316,94.73675013201336
12120,true,-0.9154424026286279,15,633.3333333333333,94.73684210526316,94.73675932933834
12156,true,-0.8802509135449839,15,633.3333333333333,94.73684210526316,94.73676760693083
12184,true,-0.8403090554552648,15,633.3333333333333,94.73684210526316,94.73677505676406
12217,true,-0.794105514129086,15,633.3333333333333,94.73684210526316,94.73678176161397
12254,true,-0.7250557929924071,15,633.3333333333333,94.73684210526316,94.73678779597888
12286,true,-0.6475695308015474,15,633.3333333333333,94.73684210526316,94.73679322690731
12316,true,-0.5617211077848765,14,633.3333333333333,94.73684210526316,94.7367981147429
12362,true,-0.4841231909582291,14,633.3333333333333,94.73684210526316,94.73680251379493
12384,true,-0.4046089600499272,14,633.3333333333333,94.73684210526316,94.73680647294175
12417,true,-0.34533927122723185,14,633.3333333333333,94.73684210526316,94.73681003617389
12455,true,-0.2959133350137506,14,633.3333333333333,94.73684210526316,94.73681324308282
12488,true,-0.26043675388081056,14,633.3333333333333,94.73684210526316,94.73681612930086
12516,true,-0.28602518834566126,15,633.3333333333333,94.73684210526316,94.7368187268971
12552,true,-0.3977174643320609,15,633.3333333333333,94.73684210526316,94.7368210647337
12588,true,-0.5365538551228042,15,633.3333333333333,94.73684210526316,94.73682316878666
12628,true,-0.6818960297254364,15,633.3333333333333,94.73684210526316,94.7368250624343
12655,true,-0.8219543487691681,15,633.3333333333333,94.73684210526316,94.73682676671719
12683,true,-0.8919601801135855,15,633.3333333333333,94.73684210526316,94.73682830057179
12720,true,-0.8943035611989103,15,633.3333333333333,94.73684210526316,94.73682968104093
12754,true,-0.8580604673893504,15,633.3333333333333,94.73684210526316,94.73683092346316
12789,true,-0.820785796605719,15,633.3333333333333,94.73684210526316,94.73683204164315
12823,true,-0.7790410564904846,15,633.3333333333333,94.73684210526316,94.73683304800515
12854,true,-0.74023522934786,15,633.3333333333333,94.73684210526316,94.73683395373095
12884,true,-0.697233022106758,15,633.3333333333333,94.73684210526316,94.73683476888418
12922,true,-0.6582906156582169,15,633.3333333333333,94.73684210526316,94.73683550252208
12963,true,-0.6062911237366677,15,633.3333333333333,94.73684210526316,94.7368361627962
12984,true,-0.5482911958502541,15,633.3333333333333,94.73684210526316,94.7368367570429
13018,true,-0.49182309710803906,15,633.3333333333333,94.73684210526316,94.73683729186492
13054,true,-0.4343463416181521,15,633.3333333333333,94.73684210526316,94.73683777320474
13081,true,-0.37887529638558703,14,633.3333333333333,94.73684210526316,94.73683820641058
13121,true,-0.3186876485683854,14,633.3333333333333,94.73684210526316,94.73683859629584
13153,true,-0.2628672239608818,14,633.3333333333333,94.73684210526316,94.73683894719257
13192,true,-0.20459232218934176,14,633.3333333333333,94.73684210526316,94.73683926299962
13229,true,-0.198012675570169,14,633.3333333333333,94.73684210526316,94.73683954722598
13257,true,-0.2507682659906152,15,633.3333333333333,94.73684210526316,94.7368398030297
13284,true,-0.351918951659286,15,633.3333333333333,94.73684210526316,94.73684003325305
13323,true,-0.4962579209062028,15,633.3333333333333,94.73684210526316,94.73684024045406
13351,true,-0.6444892386122376,15,633.3333333333333,94.73684210526316,94.73684042693498
13385,true,-0.7421163578632672,15,633.3333333333333,94.73684210526316,94.7368405947678
13426,true,-0.7838829118418005,15,633.3333333333333,94.73684210526316,94.73684074581733
13456,true,-0.7916780301111146,15,633.3333333333333,94.73684210526316,94.73684088176192
13487,true,-0.7550219088688266,15,633.3333333333333,94.73684210526316,94.73684100411205
13521,true,-0.727709169650467,15,633.3333333333333,94.73684210526316,94.73684111422716
13559,true,-0.7090648676357318,15,633.3333333333333,94.73684210526316,94.73684121333076
13587,true,-0.6893821503923334,15,633.3333333333333,94.73684210526316,94.736841302524
13625,true,-0.6674594513555974,15,633.3333333333333,94.73684210526316,94.73684138279792
13655,true,-0.6468003363843309,15,633.3333333333333,94.73684210526316,94.73684145504444
13693,true,-0.6123358670681114,15,633.3333333333333,94.73684210526316,94.73684152006632
13718,true,-0.5602199723266494,15,633.3333333333333,94.73684210526316,94.73684157858601
13753,true,-0.4965792003248737,14,633.3333333333333,94.73684210526316,94.73684163125372
13787,true,-0.4173150610539835,14,633.3333333333333,94.73684210526316,94.73684167865467
13820,true,-0.33600148317981393,14,633.3333333333333,94.73684210526316,94.73684172131551
13851,true,-0.25444454178582987,14,633.3333333333333,94.73684210526316,94.73684175971027
13886,true,-0.17796504588767448,14,633.3333333333333,94.73684210526316,94.73684179426556
13919,true,-0.09416497214803599,14,633.3333333333333,94.73684210526316,94.73684182536532
13955,true,-0.0606541145440076,14,633.3333333333333,94.73684210526316,94.7368418533551
13986,true,-0.12831218125438681,15,633.3333333333333,94.73684210526316,94.7368418785459
14038,true,-0.25407051209785436,15,633.3333333333333,94.73684210526316,94.73684190121763
14060,true,-0.39859005968671113,15,633.3333333333333,94.73684210526316,94.73684192162219
14123,true,-0.5462722866813579,15,633.3333333333333,94.73684210526316,94.73684193998629
14156,true,-0.6801713155575726,15,633.3333333333333,94.73684210526316,94.73684195651398
14188,true,-0.7149031320122674,15,633.3333333333333,94.73684210526316,94.7368419713889
14220,true,-0.6944988588283252,15,633.3333333333333,94.73684210526316,94.73684198477632
14250,true,-0.6541172456468303,15,633.3333333333333,94.73684210526316,94.736841996825
14290,true,-0.6394656062203978,15,633.3333333333333,94.73684210526316,94.73684200766883
14334,true,-0.6082429095907003,15,633.3333333333333,94.73684210526316,94.73684201742826
14355,true,-0.5859424399070576,15,633.3333333333333,94.73684210526316,94.73684202621175
14433,true,-0.5481942176958796,15,633.3333333333333,94.73684210526316,94.73684203411689
14464,true,-0.5042886355405187,14,633.3333333333333,94.73684210526316,94.73684204123151
14524,true,-0.4406418327779704,14,633.3333333333333,94.73684210526316,94.73684204763468
14554,true,-0.40403575487852095,14,633.3333333333333,94.73684210526316,94.73684205339752
14588,true,-0.3573946091652829,14,633.3333333333333,94.73684210526316,94.73684205858409
14629,true,-0.2861178975723533,14,633.3333333333333,94.73684210526316,94.736842063252
14651,true,-0.22378178718284403,14,633.3333333333333,94.73684210526316,94.73684206745311
14688,true,-0.15806736395634857,14,633.3333333333333,94.73684210526316,94.73684207123412
14765,true,-0.20262781593797285,15,633.3333333333333,94.73684210526316,94.73684207463702
14796,true,-0.26318284886639276,15,633.3333333333333,94.73684210526316,94.73684207769963
14859,true,-0.36306550310558805,15,633.3333333333333,94.73684210526316,94.73684208045599
14889,true,-0.5279206621101764,15,633.3333333333333,94.73684210526316,94.7368420829367
14959,true,-0.6903790034311896,15,633.3333333333333,94.73684210526316,94.73684208516936
14992,true,-0.6598800284124309,15,633.3333333333333,94.73684210526316,94.73684208717874
15062,true,-0.6245305541063431,15,633.3333333333333,94.73684210526316,94.73684208898719
15087,true,-0.591976322014176,15,633.3333333333333,94.73684210526316,94.73684209061479
15120,true,-0.4959916210522124,15,633.3333333333333,94.73684210526316,94.73684209207963
15153,true,-0.4057915791036635,15,633.3333333333333,94.73684210526316,94.73684209339798
15188,true,-0.35460960279462483,15,633.3333333333333,94.73684210526316,94.7368420945845
15219,true,-0.33222996471971555,15,633.3333333333333,94.73684210526316,94.73684209565236
15254,true,-0.3052107862698108,15,633.3333333333333,94.73684210526316,94.73684209661344
15285,true,-0.2285136217585091,14,633.3333333333333,94.73684210526316,94.73684209747842
15322,true,-0.16100134951057044,14,633.3333333333333,94.73684210526316,94.73684209825689
15353,true,-0.07935306518817242,14,633.3333333333333,94.73684210526316,94.73684209895751
15425,true,0.019028299465759346,14,633.3333333333333,94.73684210526316,94.73684209958807
15453,true,0.04763915777851935,14,633.3333333333333,94.73684210526316,94.73684210015558
15484,true,-0.0263989937564304,15,633.3333333333333,94.73684210526316,94.73684210066634
15519,true,-0.12552014861148564,15,633.3333333333333,94.73684210526316,94.73684210112602
15556,true,-0.24665722915267452,15,633.3333333333333,94.73684210526316,94.73684210153974
15588,true,-0.3779565688490152,15,633.3333333333333,94.73684210526316,94.73684210191207
15620,true,-0.4485791189518409,15,633.3333333333333,94.73684210526316,94.73684210224718
15652,true,-0.463865649350538,15,633.3333333333333,94.73684210526316,94.73684210254878
15692,true,-0.45074746046975633,15,633.3333333333333,94.73684210526316,94.73684210282022
15718,true,-0.44324567584484953,15,633.3333333333333,94.73684210526316,94.73684210306452
15752,true,-0.4166053544070394,15,633.3333333333333,94.73684210526316,94.73684210328439
15788,true,-0.3917044807209322,15,633.3333333333333,94.73684210526316,94.73684210348226
15817,true,-0.3695041796150633,15,633.3333333333333,94.73684210526316,94.73684210366035
15855,true,-0.34036790675793327,15,633.3333333333333,94.73684210526316,94.73684210382063
15890,true,-0.3017335226569742,14,633.3333333333333,94.73684210526316,94.73684210396489
15919,true,-0.3085302015273328,14,633.3333333333333,94.73684210526316,94.73684210409472
15950,true,-0.3079689382102515,14,633.3333333333333,94.73684210526316,94.73684210421156
16011,true,-0.24962848584524977,14,633.3333333333333,94.73684210526316,94.73684210431672
16017,true,-0.20215189964054048,14,633.3333333333333,94.73684210526316,94.73684210441137
16052,true,-0.15036813953446426,14,633.3333333333333,94.73684210526316,94.73684210449655
16082,true,-0.040492858222421546,14,633.3333333333333,94.73684210526316,94.73684210457321
16129,true,0.0799308965800094,14,633.3333333333333,94.73684210526316,94.73684210464221
16159,true,0.09733019002860033,14,633.3333333333333,94.73684210526316,94.73684210470431
16188,true,0.03571613597563328,15,633.3333333333333,94.73684210526316,94.7368421047602
16219,true,-0.07738512134358189,15,633.3333333333333,94.73684210526316,94.73684210481049
16253,true,-0.21901000797780057,15,633.3333333333333,94.73684210526316,94.73684210485575
16284,true,-0.3733327389531951,15,633.3333333333333,94.73684210526316,94.7368421048965
16321,true,-0.49420023408140423,15,633.3333333333333,94.73684210526316,94.73684210493316
16354,true,-0.5305830099387663,15,633.3333333333333,94.73684210526316,94.73684210496616
16386,true,-0.5344640654904538,15,633.3333333333333,94.73684210526316,94.73684210499586
16423,true,-0.5088882217500839,14,666.6666666666666,90.0,94.73684210502259
16454,true,-0.4973750976475628,14,666.6666666666666,90.0,94.26315789452033
16530,true,-0.47979240806895973,14,666.6666666666666,90.0,93.8368421050683
16556,true,-0.46853283991140415,14,666.6666666666666,90.0,93.45315789456147
16585,true,-0.44380189709397655,14,666.6666666666666,90.0,93.10784210510532
16620,true,-0.41094646340235386,14,666.6666666666666,90.0,92.79705789459479
16656,true,-0.3523562231239623,14,666.6666666666666,90.0,92.51735210513532
16687,true,-0.26792798688745734,14,666.6666666666666,90.0,92.26561689462179
16721,true,-0.1749994643022319,14,666.6666666666666,90.0,92.03905520515961
16756,true,-0.09428689065117624,14,666.6666666666666,90.0,91.83514968464365
16794,true,-0.02923779045946162,14,666.6666666666666,90.0,91.65163471617929
16820,true,0.04037296154652381,14,666.6666666666666,90.0,91.48647124456136
16853,true,0.0914846055543137,14,666.6666666666666,90.0,91.33782412010522
16885,true,0.11401502282544129,14,666.6666666666666,90.0,91.2040417080947
16915,true,0.07266191852960446,15,666.6666666666666,90.0,91.08363753728524
16953,true,-0.011956721913463753,15,666.6666666666666,90.0,90.97527378355672
16987,true,-0.14304958539136692,15,666.6666666666666,90.0,90.87774640520105
17028,true,-0.29900399916232345,15,666.6666666666666,90.0,90.78997176468094
17051,true,-0.4266090700565712,14,666.6666666666666,90.0,90.71097458821285
17084,true,-0.4828156608457448,14,666.6666666666666,90.0,90.63987712939156
17119,true,-0.4785040498898354,14,666.6666666666666,90.0,90.57588941645241
17152,true,-0.44611768975264,14,666.6666666666666,90.0,90.51830047480718
17182,true,-0.39586052283738127,14,666.6666666666666,90.0,90.46647042732646
17219,true,-0.3572233552602597,14,666.6666666666666,90.0,90.41982338459381
17250,true,-0.322438985008489,14,666.6666666666666,90.0,90.37784104613444
17288,true,-0.29319637843377677,14,666.6666666666666,90.0,90.340056941521
17318,true,-0.2640891180862184,14,666.6666666666666,90.0,90.3060512473689
17358,true,-0.2789816549621378,14,666.6666666666666,90.0,90.275446122632
17383,true,-0.2807061991012745,14,666.6666666666666,90.0,90.2479015103688
17418,true,-0.22173974591245837,14,666.6666666666666,90.0,90.22311135933192
17454,true,-0.16252811514152654,14,666.6666666666666,90.0,90.20080022339873
17488,true,-0.11000693796736982,14,666.6666666666666,90.0,90.18072020105886
17523,true,-0.016900935920347138,14,666.6666666666666,90.0,90.16264818095297
17554,true,0.08884923680321322,14,666.6666666666666,90.0,90.14638336285768
17587,true,0.14542238506047056,14,666.6666666666666,90.0,90.1317450265719
17621,true,0.18110131436858978,14,666.6666666666666,90.0,90.11857052391471
17650,true,0.14105085139084395,14,666.6666666666666,90.0,90.10671347152325
17695,true,0.0637874498998201,14,666.6666666666666,90.0,90.09604212437092
17720,true,-0.057597179554960576,14,666.6666666666666,90.0,90.08643791193383
17751,true,-0.2245618506125311,13,666.6666666666666,90.0,90.07779412074045
17786,true,-0.37651106354235253,13,666.6666666666666,90.0,90.0700147086664
17819,true,-0.4478715356552243,13,666.6666666666666,90.0,90.06301323779977
17850,true,-0.46230432938145327,13,666.6666666666666,90.0,90.05671191401979
17885,true,-0.45935089987594324,13,666.6666666666666,90.0,90.05104072261781
17918,true,-0.424439835458827,13,666.6666666666666,90.0,90.04593665035604
17952,true,-0.4110044170270726,13,666.6666666666666,90.0,90.04134298532044
17998,true,-0.4072128328911049,13,666.6666666666666,90.0,90.0372086867884
18038,true,-0.41647828006034615,13,666.6666666666666,90.0,90.03348781810956
18059,true,-0.41722475485980226,13,666.6666666666666,90.0,90.0301390362986
18088,true,-0.40499573753010054,13,666.6666666666666,90.0,90.02712513266874
18117,true,-0.3675308278622822,13,666.6666666666666,90.0,90.02441261940187
18158,true,-0.3139247376066976,13,666.6666666666666,90.0,90.02197135746168
18188,true,-0.25229812087602,13,666.6666666666666,90.0,90.01977422171551
18218,true,-0.1808731111003965,13,666.6666666666666,90.0,90.01779679954396
18248,true,-0.12379343052310787,13,666.6666666666666,90.0,90.01601711958956
18285,true,-0.0688361041529788,13,666.6666666666666,90.0,90.01441540763061
18325,true,-0.02415814400305294,12,666.6666666666666,90.0,90.01297386686755
18353,true,-0.03793193430109909,13,666.6666666666666,90.0,90.0116764801808
18385,true,-0.13363224709971178,13,666.6666666666666,90.0,90.01050883216271
18419,true,-0.2297035923206181,13,666.6666666666666,90.0,90.00945794894645
18457,true,-0.33395564489165963,13,666.6666666666666,90.0,90.0085121540518
18483,true,-0.4617046483180616,13,666.6666666666666,90.0,90.00766093864662
18516,true,-0.5236421701255836,13,666.6666666666666,90.0,90.00689484478197
18554,true,-0.5165730503138946,13,666.6666666666666,90.0,90.00620536030377
18585,true,-0.5070916015120019,13,666.6666666666666,90.0,90.0055848242734
18618,true,-0.5029600687129516,13,666.6666666666666,90.0,90.00502634184606
18651,true,-0.4775648977173148,13,666.6666666666666,90.0,90.00452370766146
18685,true,-0.4745408220126137,13,666.6666666666666,90.0,90.00407133689532
18719,true,-0.47458894904738713,13,666.6666666666666,90.0,90.00366420320579
18750,true,-0.46660737131421115,13,666.6666666666666,90.0,90.00329778288521
18792,true,-0.45101810971664236,13,666.6666666666666,90.0,90.0029680045967
18825,true,-0.4290830609145928,13,666.6666666666666,90.0,90.00267120413703
18853,true,-0.38977209104228905,12,700.0,85.71428571428571,90.00240408372333
18885,true,-0.34086142820649457,12,700.0,85.71428571428571,89.57359224677957
18918,true,-0.29784808949810326,12,700.0,85.71428571428571,89.18766159353018
18951,true,-0.25272802775717196,12,700.0,85.71428571428571,88.84032400560574
18985,true,-0.20728192378692256,12,700.0,85.71428571428571,88.52772017647374
19017,true,-0.20245225310728188,12,700.0,85.71428571428571,88.24637673025494
19051,true,-0.2013099471819828,12,700.0,85.71428571428571,87.99316762865801
19090,true,-0.19701667414435065,12,700.0,85.71428571428571,87.76527943722078
19116,true,-0.26959189669742045,13,700.0,85.71428571428571,87.56018006492728
19152,true,-0.3777450223564358,13,700.0,85.71428571428571,87.37559062986313
19191,true,-0.4699144242242994,13,700.0,85.71428571428571,87.20946013830539
19220,true,-0.5690430208514101,13,700.0,85.71428571428571,87.05994269590342
19258,true,-0.6649873367739758,13,700.0,85.71428571428571,86.92537699774165
19286,true,-0.6905977249721502,13,700.0,85.71428571428571,86.80426786939606
19316,true,-0.6707717903802006,13,700.0,85.71428571428571,86.69526965388502
19353,true,-0.641127830926763,13,700.0,85.71428571428571,86.59717125992509
19382,true,-0.6197154550707467,13,700.0,85.71428571428571,86.50888270536116
19419,true,-0.6094454402539782,12,700.0,85.71428571428571,86.42942300625361
19450,true,-0.5950549349834375,12,700.0,85.71428571428571,86.35790927705682
19484,true,-0.5841419381359287,12,700.0,85.71428571428571,86.2935469207797
19529,true,-0.554745628400866,12,700.0,85.71428571428571,86.2356208001303
19555,true,-0.5065691628428226,12,700.0,85.71428571428571,86.18348729154584
19633,true,-0.43751721216338524,12,700.0,85.71428571428571,86.13656713381984
19656,true,-0.35723040754669455,12,700.0,85.71428571428571,86.09433899186642
19723,true,-0.2711603925571353,12,700.0,85.71428571428571,86.05633366410835
19755,true,-0.17826017259295668,12,700.0,85.71428571428571,86.02212886912609
19824,true,-0.12346409525932245,12,700.0,85.71428571428571,85.99134455364205
19851,true,-0.15722097156032078,13,700.0,85.71428571428571,85.96363866970641
19923,true,-0.23697609695580013,13,700.0,85.71428571428571,85.93870337416435
19956,true,-0.3823068437830841,13,700.0,85.71428571428571,85.91626160817648
20030,true,-0.5300869533429307,13,700.0,85.71428571428571,85.89606401878741
20061,true,-0.5986488792977127,13,700.0,85.71428571428571,85.87788618833724
20133,true,-0.59481012719516,13,700.0,85.71428571428571,85.86152614093209
20156,true,-0.5611945346691982,13,700.0,85.71428571428571,85.84680209826745
20189,true,-0.4810883066268161,13,700.0,85.71428571428571,85.83355045986927
20216,true,-0.4133415397188287,13,700.0,85.71428571428571,85.82162398531092
20248,true,-0.3921465099394936,12,700.0,85.71428571428571,85.8108901582084
20285,true,-0.3599163457479335,12,700.0,85.71428571428571,85.80122971381613
20316,true,-0.31124927949989,12,700.0,85.71428571428571,85.79253531386308
20359,true,-0.23582035732948725,12,700.0,85.71428571428571,85.78471035390535
20392,true,-0.1583983731273122,12,700.0,85.71428571428571,85.77766788994339
20421,true,-0.0771918411433603,12,700.0,85.71428571428571,85.77132967237762
20456,true,0.0011240744688620907,12,700.0,85.71428571428571,85.76562527656843
20494,true,0.07076202758057093,12,700.0,85.71428571428571,85.76049132034015
20524,true,0.10834210160888347,12,700.0,85.71428571428571,85.7558707597347
20553,true,0.0828839781049453,13,700.0,85.71428571428571,85.7517122551898
20588,true,-0.005750037992243051,13,700.0,85.71428571428571,85.7479696010994
20621,true,-0.13446826832552006,13,700.0,85.71428571428571,85.74460121241803
20654,true,-0.2691346539437802,13,700.0,85.71428571428571,85.7415696626048
20684,true,-0.39333277323169114,13,700.0,85.71428571428571,85.7388412677729
20730,true,-0.44962391288424897,13,700.0,85.71428571428571,85.73638571242418
20748,true,-0.4518809360801299,13,700.0,85.71428571428571,85.73417571261034
20827,true,-0.4142967625517713,13,700.0,85.71428571428571,85.73218671277787
20853,true,-0.3789057018509254,13,700.0,85.71428571428571,85.73039661292866
20928,true,-0.3484885379447462,13,700.0,85.71428571428571,85.72878552306436
20953,true,-0.3142296740521999,13,700.0,85.71428571428571,85.7273355421865
21021,true,-0.27194868556506435,12,700.0,85.71428571428571,85.72603055939642
21077,true,-0.2272741714625397,12,700.0,85.71428571428571,85.72485607488535
21120,true,-0.17441275760148756,12,700.0,85.71428571428571,85.72379903882539
21155,true,-0.11374624610286332,12,700.0,85.71428571428571,85.72284770637143
21188,true,-0.05926637470295759,12,700.0,85.71428571428571,85.72199150716285
21221,true,-0.05369636541973932,12,700.0,85.71428571428571,85.72122092787514
21251,true,-0.10373905300963315,13,700.0,85.71428571428571,85.7205274065162
21288,true,-0.1770786241810356,13,700.0,85.71428571428571,85.71990323729315
21323,true,-0.27624601701472784,13,700.0,85.71428571428571,85.71934148499241
21351,true,-0.4349453363845157,13,700.0,85.71428571428571,85.71883590792174
21421,true,-0.5389601691228165,13,700.0,85.71428571428571,85.71838088855814
21455,true,-0.5388846992990466,13,700.0,85.71428571428571,85.7179713711309
21525,true,-0.5188287467036901,13,700.0,85.71428571428571,85.71760280544638
21555,true,-0.49657288722337967,13,700.0,85.71428571428571,85.71727109633031
21620,true,-0.4254480125711382,13,700.0,85.71428571428571,85.71697255812585
21654,true,-0.3598442500283454,13,700.0,85.71428571428571,85.71670387374184
21680,true,-0.35006124945442707,13,700.0,85.71428571428571,85.71646205779622
21717,true,-0.3302010431366398,13,700.0,85.71428571428571,85.71624442344518
21754,true,-0.2827292906299306,13,700.0,85.71428571428571,85.71604855252923
21787,true,-0.21878219011608735,12,700.0,85.71428571428571,85.71587226870489
21817,true,-0.16027353648786402,12,700.0,85.71428571428571,85.71571361326296
21850,true,-0.10658097817270118,12,700.0,85.71428571428571,85.71557082336524
21887,true,-0.05540992828915137,12,700.0,85.71428571428571,85.71544231245728
21921,true,-0.05526529672073366,12,700.0,85.71428571428571,85.71532665264013
21944,true,-0.10592114942534181,13,700.0,85.71428571428571,85.71522255880468
21985,true,-0.17388955739801304,13,700.0,85.71428571428571,85.71512887435279
22017,true,-0.2730498101681178,13,700.0,85.71428571428571,85.71504455834608
22054,true,-0.44052775813941025,13,700.0,85.71428571428571,85.71496867394005
22091,true,-0.5658468326810748,13,700.0,85.71428571428571,85.71490037797462
22117,true,-0.622984224294072,13,700.0,85.71428571428571,85.71483891160572
22149,true,-0.6638861945204724,13,700.0,85.71428571428571,85.71478359187373
22183,true,-0.67672590327183,13,700.0,85.71428571428571,85.71473380411493
22216,true,-0.6249052356177742,13,700.0,85.71428571428571,85.71468899513201
22245,true,-0.5716600568352419,13,700.0,85.71428571428571,85.71464866704738
22283,true,-0.5536249449520199,13,700.0,85.71428571428571,85.71461237177122
22321,true,-0.53689454938214,13,700.0,85.71428571428571,85.71457970602268
22355,true,-0.5111146130990392,13,700.0,85.71428571428571,85.71455030684898
22387,true,-0.4773394900030894,13,700.0,85.71428571428571,85.71452384759264
22423,true,-0.43675583825734066,13,700.0,85.71428571428571,85.71450003426195
22449,true,-0.3770602228855182,12,700.0,85.71428571428571,85.71447860226432
22490,true,-0.3158139856379307,12,700.0,85.71428571428571,85.71445931346646
22518,true,-0.2473152749611529,12,700.0,85.71428571428571,85.71444195354839
22550,true,-0.19557275632169535,12,700.0,85.71428571428571,85.71442632962211
22580,true,-0.1356090580376872,12,700.0,85.71428571428571,85.71441226808848
22629,true,-0.09939794151890169,12,700.0,85.71428571428571,85.7143996127082
22654,true,-0.0973441230377432,12,700.0,85.71428571428571,85.71438822286596
22725,true,-0.19831216230463156,13,700.0,85.71428571428571,85.71437797200794
22750,true,-0.353110818398477,13,700.0,85.71428571428571,85.71436874623572
22819,true,-0.5180187262789957,13,700.0,85.71428571428571,85.71436044304072
22853,true,-0.6223883207535721,13,700.0,85.71428571428571,85.71435297016522
22925,true,-0.689992691122228,13,700.0,85.71428571428571,85.71434624457727
22957,true,-0.6817222973196806,13,700.0,85.71428571428571,85.71434019154812
23029,true,-0.6217184796900597,13,700.0,85.71428571428571,85.71433474382188
23053,true,-0.5665821411056129,13,700.0,85.71428571428571,85.71432984086826
23123,true,-0.5546134338447075,13,700.0,85.71428571428571,85.71432542821
23154,true,-0.5394094275839905,13,700.0,85.71428571428571,85.71432145681757
23183,true,-0.5062237763978885,13,700.0,85.71428571428571,85.71431788256439
23218,true,-0.4563322890201107,13,700.0,85.71428571428571,85.71431466573652
23252,true,-0.39486227363451576,13,700.0,85.71428571428571,85.71431177059144
23280,true,-0.3380712660485585,13,700.0,85.71428571428571,85.71430916496087
23317,true,-0.3425747679364406,13,700.0,85.71428571428571,85.71430681989335
23353,true,-0.40729399061427785,12,700.0,85.71428571428571,85.7143047093326
23387,true,-0.5249191975175052,12,700.0,85.71428571428571,85.71430280982791
23418,true,-0.679676817546067,12,700.0,85.71428571428571,85.71430110027369
23455,true,-0.8323521979686745,12,700.0,85.71428571428571,85.71429956167489
23485,true,-0.9306129854339815,12,700.0,85.71428571428571,85.71429817693597
23521,true,-0.9781751630516737,12,700.0,85.71428571428571,85.71429693067094
23553,true,-0.9908691261465208,12,700.0,85.71428571428571,85.71429580903242
23585,true,-0.993368368993174,12,700.0,85.71428571428571,85.71429479955775
23618,true,-1.0048641357420252,12,700.0,85.71428571428571,85.71429389103055
23649,true,-1.0142054324452943,12,700.0,85.71428571428571,85.71429307335606
23683,true,-1.0038023149899118,12,700.0,85.71428571428571,85.71429233744902
23723,true,-0.9823816678458002,12,700.0,85.71428571428571,85.7142916751327
23748,true,-0.9522272082259917,12,700.0,85.71428571428571,85.714291079048
23837,true,-0.91695994941864,12,700.0,85.71428571428571,85.71429054257177
23854,true,-0.8734944432248426,12,700.0,85.71428571428571,85.71429005974316
23923,true,-0.8298461044497003,12,700.0,85.71428571428571,85.71428962519742
23952,true,-0.7934289240638748,12,700.0,85.71428571428571,85.71428923410625
24037,true,-0.9196328240711864,13,633.3333333333333,94.73684210526316,85.7142888821242
24053,true,-1.063048893847082,13,633.3333333333333,94.73684210526316,86.61654420443809
24120,true,-1.2086691364173134,13,633.3333333333333,94.73684210526316,87.42857399452059
24153,true,-1.3528326616223296,13,633.3333333333333,94.73684210526316,88.15940080559484
24190,true,-1.4859045974502294,13,633.3333333333333,94.73684210526316,88.81714493556167
24220,true,-1.449525095228637,12,633.3333333333333,94.73684210526316,89.40911465253183
24251,true,-1.4231630766177261,12,633.3333333333333,94.73684210526316,89.94188739780496
24287,true,-1.4438280667795595,12,633.3333333333333,94.73684210526316,90.42138286855078
24321,true,-1.500015022750432,12,633.3333333333333,94.73684210526316,90.85292879222202
24355,true,-1.5803905986481936,12,633.3333333333333,94.73684210526316,91.24132012352614
24387,true,-1.6467130180473362,12,633.3333333333333,94.73684210526316,91.59087232169983
24420,true,-1.6720671769833757,12,633.3333333333333,94.73684210526316,91.90546930005617
24452,true,-1.6388123686439826,12,633.3333333333333,94.73684210526316,92.18860658057687
24485,true,-1.577312981332625,12,633.3333333333333,94.73684210526316,92.44343013304551
24517,true,-1.488913144441824,12,633.3333333333333,94.73684210526316,92.67277133026728
24550,true,-1.3945721038109298,12,633.3333333333333,94.73684210526316,92.87917840776687
24586,true,-1.2990631200107998,12,633.3333333333333,94.73684210526316,93.0649447775165
24613,true,-1.1960901224998395,12,633.3333333333333,94.73684210526316,93.23213451029117
24650,true,-1.0786465697255778,12,633.3333333333333,94.73684210526316,93.38260526978837
24684,true,-0.9766838716668076,12,633.3333333333333,94.73684210526316,93.51802895333586
24720,true,-0.9501514384595566,12,633.3333333333333,94.73684210526316,93.6399102685286
24751,true,-0.9837184507616996,13,633.3333333333333,94.73684210526316,93.74960345220205
24823,true,-1.045011335481746,13,633.3333333333333,94.73684210526316,93.84832731750816
24857,true,-1.1229963294745744,13,633.3333333333333,94.73684210526316,93.93717879628366
24922,true,-1.1930338287202176,13,633.3333333333333,94.73684210526316,94.0171451271816
24958,true,-1.2022173178632158,13,633.3333333333333,94.73684210526316,94.08911482498976
25020,true,-1.1466066753897053,13,633.3333333333333,94.73684210526316,94.1538875530171
25053,true,-1.0854545632506358,12,700.0,85.71428571428571,94.21218300824171
25092,true,-1.0383844937908577,12,700.0,85.71428571428571,93.36239327884611
25133,true,-1.00465496997964,12,700.0,85.71428571428571,92.59758252239007
25150,true,-0.9918890968498886,12,700.0,85.71428571428571,91.90925284157963
25182,true,-1.023770810013275,12,700.0,85.71428571428571,91.28975612885024
25214,true,-1.061994749070493,12,700.0,85.71428571428571,90.73220908739378
25252,true,-1.0701666910678398,12,700.0,85.71428571428571,90.23041675008298
25283,true,-1.032063463649763,12,700.0,85.71428571428571,89.77880364650325
25319,true,-0.9418883795227941,12,700.0,85.71428571428571,89.3723518532815
25347,true,-0.8073808259232464,12,700.0,85.71428571428571,89.00654523938192
25380,true,-0.6768849313646399,12,700.0,85.71428571428571,88.6773192868723
25419,true,-0.6259514732116429,12,700.0,85.71428571428571,88.38101592961364
25451,true,-0.6854153807684611,13,633.3333333333333,94.73684210526316,88.11434290808084
25484,true,-0.8117927559829354,13,633.3333333333333,94.73684210526316,88.77659282779908
25517,true,-0.9628207397648794,13,633.3333333333333,94.73684210526316,89.37261775554549
25563,true,-1.090405291330967,13,633.3333333333333,94.73684210526316,89.90904019051726
25588,true,-1.1293729804613974,13,633.3333333333333,94.73684210526316,90.39182038199185
25620,true,-1.0754135054214657,13,633.3333333333333,94.73684210526316,90.82632255431898
25656,true,-0.9724837216240587,13,633.3333333333333,94.73684210526316,91.2173745094134
25684,true,-0.8567578756631065,12,700.0,85.71428571428571,91.56932126899838
25720,true,-0.7519961215305386,12,700.0,85.71428571428571,90.98381771352712
25750,true,-0.6667354590964862,12,700.0,85.71428571428571,90.45686451360298
25783,true,-0.585519072446516,12,700.0,85.71428571428571,89.98260663367125
25820,true,-0.49761328660972026,12,700.0,85.71428571428571,89.5557745417327
25852,true,-0.39385880243014526,12,700.0,85.71428571428571,89.171625658988
25886,true,-0.2682406782317628,12,700.0,85.71428571428571,88.82589166451778
25915,true,-0.12395677657215742,12,700.0,85.71428571428571,88.51473106949457
25952,true,0.03533784085382763,12,700.0,85.71428571428571,88.23468653397369
25982,true,0.20953060585682692,12,700.0,85.71428571428571,87.98264645200489
26016,true,0.37251788292869037,12,700.0,85.71428571428571,87.75581037823297
26051,true,0.5286021327988237,12,700.0,85.71428571428571,87.55165791183823
26079,true,0.6651318483834245,13,700.0,85.71428571428571,87.36792069208298
26120,true,0.8106324970405865,13,700.0,85.71428571428571,87.20255719430325
26148,true,0.9225134373991466,13,700.0,85.71428571428571,87.0537300463015
26180,true,0.9666639179787353,13,700.0,85.71428571428571,86.91978561309992
26212,true,0.9514720469027509,14,700.0,85.71428571428571,86.7992356232185
26250,true,0.9312680167818144,14,700.0,85.71428571428571,86.69074063232522
26285,true,0.8804413555605777,13,700.0,85.71428571428571,86.59309514052127
26321,true,0.821527637373606,13,700.0,85.71428571428571,86.50521419789771
26350,true,0.815149158544898,13,700.0,85.71428571428571,86.42612134953652
26381,true,0.8427388342105928,13,700.0,85.71428571428571,86.35493778601143
26416,true,0.8581746570498865,13,700.0,85.71428571428571,86.29087257883886
26451,true,0.8571832955022671,13,700.0,85.71428571428571,86.23321389238355
26546,true,0.852827026141,13,700.0,85.71428571428571,86.18132107457376
26552,true,0.8472141242673672,13,700.0,85.71428571428571,86.13461753854496
26623,true,0.8696294685718158,13,700.0,85.71428571428571,86.09258435611903
26650,true,0.9014490161916342,13,700.0,85.71428571428571,86.0547544919357
26679,true,0.9425405572774537,13,700.0,85.71428571428571,86.0207076141707
26719,true,0.9907254065581128,13,700.0,85.71428571428571,85.9900654241822
26751,true,1.038972813521383,13,700.0,85.71428571428571,85.96248745319255
26786,true,1.0853423441700443,13,700.0,85.71428571428571,85.93766727930186
26819,true,1.1338598632235062,13,700.0,85.71428571428571,85.91532912280024
26854,true,1.17948770185356,13,700.0,85.71428571428571,85.8952247819488
26885,true,1.2314817516798655,13,700.0,85.71428571428571,85.87713087518249
26917,true,1.2663105187671135,13,700.0,85.71428571428571,85.8608463590928
26946,true,1.2336905317150695,13,700.0,85.71428571428571,85.8461902946121
26981,true,1.1501791087288211,13,700.0,85.71428571428571,85.83299983657946
27012,true,1.0555201703458863,13,700.0,85.71428571428571,85.82112842435009
27047,true,0.9620220276032114,12,700.0,85.71428571428571,85.81044415334365
27084,true,0.8834275012553405,12,700.0,85.71428571428571,85.80082830943786
27123,true,0.8383493963104627,12,700.0,85.71428571428571,85.79217404992265
27152,true,0.8343525268950884,12,700.0,85.71428571428571,85.78438521635896
27180,true,0.8438924137899164,12,700.0,85.71428571428571,85.77737526615164
27221,true,0.8445307159577169,12,700.0,85.71428571428571,85.77106631096504
27252,true,0.8372203177656843,12,700.0,85.71428571428571,85.76538825129711
27288,true,0.8369620033189449,12,700.0,85.71428571428571,85.76027799759598
27321,true,0.8439732560933919,12,700.0,85.71428571428571,85.75567876926495
27350,true,0.8504728665786274,12,700.0,85.71428571428571,85.75153946376702
27387,true,0.8643453395951326,12,700.0,85.71428571428571,85.74781408881888
27418,true,0.8998652145401138,13,666.6666666666666,90.0,85.74446125136556
27447,true,0.9317027060071439,13,666.6666666666666,90.0,86.170015126229
27484,true,0.9639214843598722,13,666.6666666666666,90.0,86.55301361360611
27517,true,0.9973584485660183,13,666.6666666666666,90.0,86.8977122522455
27546,true,1.0391752177603735,13,666.6666666666666,90.0,87.20794102702095
27586,true,1.093199546004854,13,666.6666666666666,90.0,87.48714692431886
27615,true,1.1548707562511709,13,666.6666666666666,90.0,87.73843223188697
27650,true,1.1973608038571228,13,666.6666666666666,90.0,87.96458900869828
27691,true,1.1759843326893815,14,700.0,85.71428571428571,88.16813010782846
27715,true,1.0782557771000256,14,700.0,85.71428571428571,87.92274566847419
27748,true,0.9294622191865187,13,666.6666666666666,90.0,87.70189967305535
27783,true,0.7845310998238517,13,666.6666666666666,90.0,87.93170970574982
27820,true,0.6563337731370211,1,300.0,200.0,88.13853873517485
27850,true,0.5695712912712736,1,300.0,200.0,88.13853873517485
27892,true,0.5312577256985378,1,300.0,200.0,88.13853873517485
27920,true,0.4946171836881774,1,300.0,200.0,88.13853873517485
27949,true,0.4625206281077112,1,300.0,200.0,88.13853873517485
27979,true,0.41928083346539324,1,300.0,200.0,88.13853873517485
28016,true,0.39380994736578145,13,666.6666666666666,90.0,88.13853873517485
28048,true,0.3820898014592444,13,666.6666666666666,90.0,88.32468486165736
28081,true,0.3989559138921379,13,666.6666666666666,90.0,88.49221637549162
28117,true,0.41780832679540936,13,666.6666666666666,90.0,88.64299473794246
28174,true,0.45140344931519394,13,666.6666666666666,90.0,88.77869526414821
28181,true,0.490226452889317,13,666.6666666666666,90.0,88.9008257377334
28215,true,0.5225457412860806,13,666.6666666666666,90.0,89.01074316396006
28254,true,0.5802271955113838,13,666.6666666666666,90.0,89.10966884756405
28333,true,0.6417546785343404,13,666.6666666666666,90.0,89.19870196280765
28351,true,0.7153846195898268,13,666.6666666666666,90.0,89.27883176652688
28422,true,0.7852370677502165,13,666.6666666666666,90.0,89.35094858987419
28457,true,0.8245993512906011,13,666.6666666666666,90.0,89.41585373088678
28527,true,0.7724575417913968,14,700.0,85.71428571428571,89.47426835779811
28558,true,0.7131415226870388,14,700.0,85.71428571428571,89.09827009344687
28620,true,0.6477681904114831,13,666.6666666666666,90.0,88.75987165553076
28659,true,0.5727901496645131,13,666.6666666666666,90.0,88.88388448997769
28727,true,0.5302486147445507,13,666.6666666666666,90.0,88.99549604097992
28752,true,0.5290512723118468,13,666.6666666666666,90.0,89.09594643688193
28826,true,0.519907606275126,13,666.6666666666666,90.0,89.18635179319374
28853,true,0.4936085843381477,13,666.6666666666666,90.0,89.26771661387437
28927,true,0.4800843747156023,13,666.6666666666666,90.0,89.34094495248694
28956,true,0.4787150205910393,13,666.6666666666666,90.0,89.40685045723825
29024,true,0.5067352211734146,13,666.6666666666666,90.0,89.46616541151442
29050,true,0.5669969422199586,13,666.6666666666666,90.0,89.51954887036298
29120,true,0.6313908186062349,13,666.6666666666666,90.0,89.56759398332669
29152,true,0.6758541300963543,13,666.6666666666666,90.0,89.61083458499402
29236,true,0.6165896367051857,13,666.6666666666666,90.0,89.64975112649462
29252,true,0.5495109785575778,13,666.6666666666666,90.0,89.68477601384517
29317,true,0.46979014242242556,13,666.6666666666666,90.0,89.71629841246065
29348,true,0.3719347158528876,13,666.6666666666666,90.0,89.74466857121459
29378,true,0.29608868043396797,13,666.6666666666666,90.0,89.77020171409313
29414,true,0.32881570419522177,13,666.6666666666666,90.0,89.79318154268383
29447,true,0.3758239593798294,13,666.6666666666666,90.0,89.81386338841544
29485,true,0.39367008980903506,13,666.6666666666666,90.0,89.8324770495739
29519,true,0.4234162611457748,13,666.6666666666666,90.0,89.8492293446165
29548,true,0.44762144995431186,12,666.6666666666666,90.0,89.86430641015485
29584,true,0.4652799433938526,12,666.6666666666666,90.0,89.87787576913937
29618,true,0.47983759479615173,12,666.6666666666666,90.0,89.89008819222543
29649,true,0.5139513914180895,12,666.6666666666666,90.0,89.90107937300289
29683,true,0.5794810704586268,12,666.6666666666666,90.0,89.9109714357026
29713,true,0.6415786684289344,12,666.6666666666666,90.0,89.91987429213235
29750,true,0.699515408420865,12,666.6666666666666,90.0,89.92788686291911
29785,true,0.755353431256168,12,666.6666666666666,90.0,89.9350981766272
29815,true,0.8005951025329523,12,666.6666666666666,90.0,89.9415883589645
29844,true,0.813392466220165,12,666.6666666666666,90.0,89.94742952306805
29882,true,0.7954684764814033,13,633.3333333333333,94.73684210526316,89.95268657076124
29910,true,0.7319558192839679,13,633.3333333333333,94.73684210526316,90.43110212421144
29950,true,0.6426346021362122,13,633.3333333333333,94.73684210526316,90.86167612231661
29981,true,0.5527567510089852,13,633.3333333333333,94.73684210526316,91.24919272061126
30017,true,0.4286240001524675,13,633.3333333333333,94.73684210526316,91.59795765907646
30051,true,0.33690582606428165,13,633.3333333333333,94.73684210526316,91.91184610369513
30084,true,0.29441782645162107,13,633.3333333333333,94.73684210526316,92.19434570385194
30163,true,0.2747235438465623,13,633.3333333333333,94.73684210526316,92.44859534399306
30199,true,0.2519620116947294,13,633.3333333333333,94.73684210526316,92.67742002012007
30257,true,0.26201649364170976,13,633.3333333333333,94.73684210526316,92.88336222863438
30291,true,0.2768258261911569,13,633.3333333333333,94.73684210526316,93.06871021629726
30357,true,0.30330165867744086,13,633.3333333333333,94.73684210526316,93.23552340519386
30387,true,0.3282916968983898,13,633.3333333333333,94.73684210526316,93.38565527520079
30418,true,0.36227215180929306,12,666.6666666666666,90.0,93.52077395820703
30446,true,0.40948238555765215,12,666.6666666666666,90.0,93.16869656238633
30491,true,0.45438738125480427,12,666.6666666666666,90.0,92.85182690614769
30519,true,0.5109717256932242,12,666.6666666666666,90.0,92.56664421553293
30552,true,0.5194366611635814,12,666.6666666666666,90.0,92.30997979397964
30582,true,0.4685403688271492,13,633.3333333333333,94.73684210526316,92.07898181458168
30620,true,0.39428409141578413,13,633.3333333333333,94.73684210526316,92.34476784364983
30652,true,0.3133141807724371,13,633.3333333333333,94.73684210526316,92.58397526981116
30730,true,0.20860797002632125,13,633.3333333333333,94.73684210526316,92.79926195335636
30759,true,0.08237168737437628,13,633.3333333333333,94.73684210526316,92.99301996854705
30819,true,0.024655234076135457,13,633.3333333333333,94.73684210526316,93.16740218221865
30850,true,0.041168248006215435,13,633.3333333333333,94.73684210526316,93.3243461745231
30893,true,0.0503639334239665,13,633.3333333333333,94.73684210526316,93.46559576759711
30917,true,0.057719551642804845,13,633.3333333333333,94.73684210526316,93.59272040136372
30950,true,0.12923441718382378,13,633.3333333333333,94.73684210526316,93.70713257175366
30983,true,0.19090413702133446,13,633.3333333333333,94.73684210526316,93.81010352510461
31013,true,0.2120198432962468,13,633.3333333333333,94.73684210526316,93.90277738312047
31050,true,0.25048119762567467,13,633.3333333333333,94.73684210526316,93.98618385533473
31081,true,0.2981363723185382,13,633.3333333333333,94.73684210526316,94.06124968032758
31113,true,0.3478510130539689,12,666.6666666666666,90.0,94.12880892282114
31146,true,0.3976247049397159,12,666.6666666666666,90.0,93.71592803053902
31180,true,0.4625804984924855,12,666.6666666666666,90.0,93.34433522748512
31212,true,0.522650186240952,12,666.6666666666666,90.0,93.0099017047366
31255,true,0.5546689367086515,12,666.6666666666666,90.0,92.70891153426295
31283,true,0.5282926140107236,13,633.3333333333333,94.73684210526316,92.43802038083666
31314,true,0.46429199481059413,13,633.3333333333333,94.73684210526316,92.66790255327932
31352,true,0.35236202256808724,13,633.3333333333333,94.73684210526316,92.8747965084777
31380,true,0.21683574765850722,13,633.3333333333333,94.73684210526316,93.06100106815624
31414,true,0.10607610714075122,13,633.3333333333333,94.73684210526316,93.22858517186694
31447,true,0.06796527994887924,13,633.3333333333333,94.73684210526316,93.37941086520657
31482,true,0.06151829430189082,13,633.3333333333333,94.73684210526316,93.51515398921222
31518,true,0.06236360662944662,13,633.3333333333333,94.73684210526316,93.63732280081732
31547,true,0.08666384235468172,13,633.3333333333333,94.73684210526316,93.7472747312619
31576,true,0.10410659868801986,13,633.3333333333333,94.73684210526316,93.84623146866203
31613,true,0.10137810176237849,13,633.3333333333333,94.73684210526316,93.93529253232214
31647,true,0.1118719638618586,13,633.3333333333333,94.73684210526316,94.01544748961624
31681,true,0.12844297758991274,13,633.3333333333333,94.73684210526316,94.08758695118092
31715,true,0.14185554295707448,12,666.6666666666666,90.0,94.15251246658914
31744,true,0.15941303379031524,12,666.6666666666666,90.0,93.73726121993023
31782,true,0.13446999874375365,12,666.6666666666666,90.0,93.36353509793722
31815,true,0.1012152532841526,12,666.6666666666666,90.0,93.02718158814349
31847,true,0.12090521727114378,12,666.6666666666666,90.0,92.72446342932915
31891,true,0.13576002818496136,12,666.6666666666666,90.0,92.45201708639624
31915,true,0.12769645498380555,12,666.6666666666666,90.0,92.20681537775661
31990,true,0.06360147940955585,12,666.6666666666666,90.0,91.98613383998095
32020,true,-0.021325281164848775,12,666.6666666666666,90.0,91.78752045598286
32092,true,-0.15337567762765048,13,633.3333333333333,94.73684210526316,91.60876841038457
32122,true,-0.2781618300601849,13,633.3333333333333,94.73684210526316,91.92157577987243
32183,true,-0.38143203116018753,13,633.3333333333333,94.73684210526316,92.2031024124115
32231,true,-0.3884719493935336,13,633.3333333333333,94.73684210526316,92.45647638169666
32247,true,-0.38782481825148807,13,633.3333333333333,94.73684210526316,92.68451295405332
32280,true,-0.395992619070654,13,633.3333333333333,94.73684210526316,92.8897458691743
32318,true,-0.4048194430816068,13,633.3333333333333,94.73684210526316,93.07445549278319
32352,true,-0.4229671461854423,13,633.3333333333333,94.73684210526316,93.24069415403119
32381,true,-0.41766726474864413,12,666.6666666666666,90.0,93.39030894915439
32414,true,-0.3989296658541832,12,666.6666666666666,90.0,93.05127805423895
32446,true,-0.37037494121693726,12,666.6666666666666,90.0,92.74615024881506
32480,true,-0.32834281119295383,12,666.6666666666666,90.0,92.47153522393356
32511,true,-0.27773975967909337,12,666.6666666666666,90.0,92.22438170154021
32550,true,-0.221780620841173,12,666.6666666666666,90.0,92.00194353138619
32591,true,-0.17275595885720918,12,666.6666666666666,90.0,91.80174917824758
32616,true,-0.15542578788361538,12,666.6666666666666,90.0,91.62157426042282
32681,true,-0.24019069046468644,12,666.6666666666666,90.0,91.45941683438053
32714,true,-0.34297562540473336,12,666.6666666666666,90.0,91.31347515094248
32791,true,-0.45318920342151614,12,666.6666666666666,90.0,91.18212763584823
32816,true,-0.5744117906841097,12,666.6666666666666,90.0,91.06391487226341
32887,true,-0.6503695880890916,12,666.6666666666666,90.0,90.95752338503708
32916,true,-0.6393340632770048,12,666.6666666666666,90.0,90.86177104653338
32988,true,-0.6297310976993344,12,666.6666666666666,90.0,90.77559394188005
33017,true,-0.6381416594544476,12,666.6666666666666,90.0,90.69803454769205
33091,true,-0.6201569977159807,12,666.6666666666666,90.0,90.62823109292285
33119,true,-0.6133133428273254,12,666.6666666666666,90.0,90.56540798363056
33151,true,-0.5934959652749114,12,633.3333333333333,94.73684210526316,90.5088671852675
33181,true,-0.5539880811129763,12,633.3333333333333,94.73684210526316,90.93166467726707
33211,true,-0.5031109686757702,12,633.3333333333333,94.73684210526316,91.31218242006668
33245,true,-0.46811001777211914,12,633.3333333333333,94.73684210526316,91.65464838858632
33280,true,-0.4472234539767328,12,633.3333333333333,94.73684210526316,91.96286776025401
33318,true,-0.47961191748362353,12,633.3333333333333,94.73684210526316,92.24026519475493
33350,true,-0.5756802292641794,12,633.3333333333333,94.73684210526316,92.48992288580575
33383,true,-0.6927065097516731,13,633.3333333333333,94.73684210526316,92.7146148077515
33410,true,-0.8078584079248117,13,633.3333333333333,94.73684210526316,92.91683753750267
33450,true,-0.9217087603670677,13,633.3333333333333,94.73684210526316,93.09883799427872
33483,true,-0.9912449674444304,13,633.3333333333333,94.73684210526316,93.26263840537717
33514,true,-0.9954889446168522,13,633.3333333333333,94.73684210526316,93.41005877536577
33590,true,-0.9782581803199548,13,633.3333333333333,94.73684210526316,93.54273710835551
33618,true,-0.9701326854011825,13,633.3333333333333,94.73684210526316,93.66214760804628
33683,true,-0.9684967576406507,13,633.3333333333333,94.73684210526316,93.76961705776797
33717,true,-0.9727341480787857,13,633.3333333333333,94.73684210526316,93.8663395625175
33785,true,-0.9760890636325996,13,633.3333333333333,94.73684210526316,93.95338981679207
33818,true,-0.9710767612043014,13,633.3333333333333,94.73684210526316,94.03173504563918
33890,true,-0.9496932965424207,13,633.3333333333333,94.73684210526316,94.10224575160159
33916,true,-0.9090267641697096,13,633.3333333333333,94.73684210526316,94.16570538696774
33984,true,-0.8968536164106808,13,633.3333333333333,94.73684210526316,94.22281905879728
34022,true,-0.9572927904357016,13,633.3333333333333,94.73684210526316,94.27422136344387
34092,true,-1.0695496270899412,12,633.3333333333333,94.73684210526316,94.3204834376258
34118,true,-1.2041433729830544,13,633.3333333333333,94.73684210526316,94.36211930438954
34154,true,-1.3435809053965215,13,633.3333333333333,94.73684210526316,94.3995915844769
34181,true,-1.4636449539810883,13,633.3333333333333,94.73684210526316,94.43331663655552
34209,true,-1.5054183454871861,13,633.3333333333333,94.73684210526316,94.46366918342628
34250,true,-1.5101005270794872,13,633.3333333333333,94.73684210526316,94.49098647560997
34289,true,-1.491910762701906,13,633.3333333333333,94.73684210526316,94.51557203857529
34313,true,-1.4779284851684054,13,633.3333333333333,94.73684210526316,94.53769904524407
34342,true,-1.457265004923073,13,633.3333333333333,94.73684210526316,94.55761335124598
34383,true,-1.44731351477418,13,633.3333333333333,94.73684210526316,94.5755362266477
34418,true,-1.4345155689991316,13,633.3333333333333,94.73684210526316,94.59166681450925
34449,true,-1.4220418750317378,13,633.3333333333333,94.73684210526316,94.60618434358464
34483,true,-1.4012374685261477,13,633.3333333333333,94.73684210526316,94.6192501197525
34523,true,-1.3711079690753252,13,633.3333333333333,94.73684210526316,94.63100931830355
34542,true,-1.3335255477578585,12,633.3333333333333,94.73684210526316,94.64159259699952
34579,true,-1.2793002304176468,12,633.3333333333333,94.73684210526316,94.65111754782588
34615,true,-1.2159730895058658,12,633.3333333333333,94.73684210526316,94.65969000356961
34650,true,-1.1544082378934206,12,633.3333333333333,94.73684210526316,94.66740521373896
34676,true,-1.1166805521265246,12,633.3333333333333,94.73684210526316,94.67434890289138
34715,true,-1.1558556258962085,13,633.3333333333333,94.73684210526316,94.68059822312856
34743,true,-1.231642612682748,13,633.3333333333333,94.73684210526316,94.68622261134202
34784,true,-1.312691425211483,13,633.3333333333333,94.73684210526316,94.69128456073413
34817,true,-1.386027939844439,13,633.3333333333333,94.73684210526316,94.69584031518704
34853,true,-1.4264788557252075,13,633.3333333333333,94.73684210526316,94.69994049419465
34884,true,-1.3867923866302192,13,633.3333333333333,94.73684210526316,94.7036306553015
34917,true,-1.309262492151447,13,633.3333333333333,94.73684210526316,94.70695180029766
34947,true,-1.2350314231988477,13,633.3333333333333,94.73684210526316,94.70994083079421
34981,true,-1.1733356072804497,13,633.3333333333333,94.73684210526316,94.7126309582411
35017,true,-1.1290667911837886,13,633.3333333333333,94.73684210526316,94.71505207294331
35050,true,-1.0876287381847476,13,633.3333333333333,94.73684210526316,94.7172310761753
35088,true,-1.0520140259700668,13,633.3333333333333,94.73684210526316,94.71919217908409
35118,true,-1.0099129752679232,13,633.3333333333333,94.73684210526316,94.720957171702
35149,true,-0.961379879072922,13,633.3333333333333,94.73684210526316,94.72254566505812
35181,true,-0.9000502364957867,13,633.3333333333333,94.73684210526316,94.72397530907863
35215,true,-0.83760195468966,13,633.3333333333333,94.73684210526316,94.72526198869708
35263,true,-0.7721104453083569,13,633.3333333333333,94.73684210526316,94.7264200003537
35275,true,-0.7200041619876743,13,633.3333333333333,94.73684210526316,94.72746221084465
35316,true,-0.6744749195468671,13,633.3333333333333,94.73684210526316,94.7284002002865
35347,true,-0.6500389489369525,13,633.3333333333333,94.73684210526316,94.72924439078417
35380,true,-0.6945965949710171,10,666.6666666666666,90.0,94.73000416223208
35416,true,-0.8130834765725012,10,666.6666666666666,90.0,94.25700374600888
35446,true,-0.9609612269716763,10,666.6666666666666,90.0,93.831303371408
35479,true,-1.117645136818311,10,666.6666666666666,90.0,93.4481730342672
35516,true,-1.2633267999979694,10,666.6666666666666,90.0,93.10335573084048
35556,true,-1.343762196543537,10,666.6666666666666,90.0,92.79302015775643
35580,true,-1.3680210229715328,10,666.6666666666666,90.0,92.51371814198079
35620,true,-1.3575026236803183,10,666.6666666666666,90.0,92.26234632778271
35647,true,-1.338529881674333,10,666.6666666666666,90.0,92.03611169500444
35726,true,-1.323867043039769,10,666.6666666666666,90.0,91.83250052550399
35750,true,-1.3214753796989385,10,666.6666666666666,90.0,91.6492504729536
35822,true,-1.3088714686963954,10,666.6666666666666,90.0,91.48432542565824
35856,true,-1.2846695761739113,10,666.6666666666666,90.0,91.33589288309241
35924,true,-1.242524809015066,10,666.6666666666666,90.0,91.20230359478317
35954,true,-1.183726543333023,12,666.6666666666666,90.0,91.08207323530486
36017,true,-1.128988536733715,12,666.6666666666666,90.0,90.97386591177438
36052,true,-1.0979269823160962,12,666.6666666666666,90.0,90.87647932059694
36115,true,-1.1554925176074562,13,633.3333333333333,94.73684210526316,90.78883138853725
36146,true,-1.2593258292872065,13,633.3333333333333,94.73684210526316,91.18363246020984
36184,true,-1.377489467613259,13,633.3333333333333,94.73684210526316,91.53895342471517
36212,true,-1.4853498746363414,13,633.3333333333333,94.73684210526316,91.85874229276997
36244,true,-1.5666442542525374,13,633.3333333333333,94.73684210526316,92.1465522740193
36278,true,-1.5825473301048874,13,633.3333333333333,94.73684210526316,92.40558125714368
36314,true,-1.5660103515415358,13,633.3333333333333,94.73684210526316,92.63870734195562
36347,true,-1.541346047722385,13,633.3333333333333,94.73684210526316,92.84852081828637
36391,true,-1.5166686070358537,13,633.3333333333333,94.73684210526316,93.03735294698406
36412,true,-1.4938962400312903,13,633.3333333333333,94.73684210526316,93.20730186281197
36452,true,-1.4575297829062777,13,633.3333333333333,94.73684210526316,93.3602558870571
36482,true,-1.4186738242118508,13,633.3333333333333,94.73684210526316,93.4979145088777
36515,true,-1.375990799404832,13,633.3333333333333,94.73684210526316,93.62180726851625
36550,true,-1.3278480990087473,13,633.3333333333333,94.73684210526316,93.73331075219095
36584,true,-1.28002668905404,13,633.3333333333333,94.73684210526316,93.83366388749816
36612,true,-1.2290170190435674,12,633.3333333333333,94.73684210526316,93.92398170927466
36648,true,-1.1870424969334863,12,633.3333333333333,94.73684210526316,94.00526774887351
36681,true,-1.147641663850635,12,633.3333333333333,94.73684210526316,94.07842518451247
36720,true,-1.1144968251510363,12,633.3333333333333,94.73684210526316,94.14426687658754
36746,true,-1.1350687713547245,13,633.3333333333333,94.73684210526316,94.2035243994551
36779,true,-1.215983753330363,13,633.3333333333333,94.73684210526316,94.25685617003592
36814,true,-1.3137935826750038,13,633.3333333333333,94.73684210526316,94.30485476355864
36851,true,-1.416953900656324,13,633.3333333333333,94.73684210526316,94.3480534977291
36879,true,-1.524856927478254,13,633.3333333333333,94.73684210526316,94.38693235848251
36911,true,-1.5722841380831483,13,633.3333333333333,94.73684210526316,94.42192333316058
36945,true,-1.57909147390248,13,633.3333333333333,94.73684210526316,94.45341521037084
36987,true,-1.5630713253919453,13,633.3333333333333,94.73684210526316,94.48175789986007
37019,true,-1.5470511390363697,13,633.3333333333333,94.73684210526316,94.50726632040038
37047,true,-1.5332353245288175,13,633.3333333333333,94.73684210526316,94.53022389888666
37076,true,-1.5300693727315036,13,633.3333333333333,94.73684210526316,94.55088571952432
37111,true,-1.524203110541123,13,633.3333333333333,94.73684210526316,94.5694813580982
37149,true,-1.5189056317511813,13,633.3333333333333,94.73684210526316,94.58621743281469
37194,true,-1.5020595492048585,13,633.3333333333333,94.73684210526316,94.60127990005954
37217,true,-1.4679439190061032,13,633.3333333333333,94.73684210526316,94.6148361205799
37295,true,-1.419996833869675,13,633.3333333333333,94.73684210526316,94.62703671904822
37315,true,-1.3469923005184512,13,633.3333333333333,94.73684210526316,94.63801725766972
37390,true,-1.2646247052812214,12,633.3333333333333,94.73684210526316,94.64789974242906
37412,true,-1.1943755792320019,12,633.3333333333333,94.73684210526316,94.65679397871247
37482,true,-1.1766465446669088,12,633.3333333333333,94.73684210526316,94.66479879136755
37520,true,-1.224315270774639,13,633.3333333333333,94.73684210526316,94.6720031227571
37588,true,-1.2990322811693034,13,633.3333333333333,94.73684210526316,94.67848702100771
37615,true,-1.3991249233892518,13,633.3333333333333,94.73684210526316,94.68432252943326
37689,true,-1.489473754119814,13,633.3333333333333,94.73684210526316,94.68957448701624
37716,true,-1.5290796705851903,13,633.3333333333333,94.73684210526316,94.69430124884094
37745,true,-1.5090600402734538,13,633.3333333333333,94.73684210526316,94.69855533448316
37781,true,-1.4763233299051706,13,633.3333333333333,94.73684210526316,94.70238401156116
37812,true,-1.4336221044722492,13,633.3333333333333,94.73684210526316,94.70582982093137
37843,true,-1.395035052072359,13,633.3333333333333,94.73684210526316,94.70893104936455
37884,true,-1.360187056920097,13,633.3333333333333,94.73684210526316,94.71172215495442
37919,true,-1.3257312364239624,13,633.3333333333333,94.73684210526316,94.71423414998529
37947,true,-1.2888081966428047,13,633.3333333333333,94.73684210526316,94.71649494551308
37977,true,-1.2359909698468812,13,633.3333333333333,94.73684210526316,94.71852966148809
38006,true,-1.1716186345798576,13,633.3333333333333,94.73684210526316,94.7203609058656
38042,true,-1.1024539737558712,13,633.3333333333333,94.73684210526316,94.72200902580536
38082,true,-1.0492594114424492,13,633.3333333333333,94.73684210526316,94.72349233375114
38117,true,-0.99623499126551,13,633.3333333333333,94.73684210526316,94.72482731090234
38146,true,-0.9650201182131184,13,633.3333333333333,94.73684210526316,94.72602879033842
38179,true,-0.9688703240011876,14,633.3333333333333,94.73684210526316,94.72711012183089
38214,true,-1.0257582460273227,13,633.3333333333333,94.73684210526316,94.72808332017412
38247,true,-1.1125464627831718,13,633.3333333333333,94.73684210526316,94.72895919868303
38284,true,-1.2186066307694432,13,633.3333333333333,94.73684210526316,94.72974748934104
38317,true,-1.326729004047877,13,633.3333333333333,94.73684210526316,94.73045695093325
38344,true,-1.417162438881519,13,633.3333333333333,94.73684210526316,94.73109546636624
38377,true,-1.4764065193179192,13,633.3333333333333,94.73684210526316,94.73167013025594
38414,true,-1.4926856513037592,13,633.3333333333333,94.73684210526316,94.73218732775666
38449,true,-1.4878477005719901,13,633.3333333333333,94.73684210526316,94.73265280550731
38481,true,-1.4727594474213106,13,633.3333333333333,94.73684210526316,94.7330717354829
38513,true,-1.4539548288849176,13,633.3333333333333,94.73684210526316,94.73344877246092
38542,true,-1.4208752479256361,13,633.3333333333333,94.73684210526316,94.73378810574114
38584,true,-1.3797867315933274,13,633.3333333333333,94.73684210526316,94.73409350569334
38611,true,-1.333470744505746,13,633.3333333333333,94.73684210526316,94.73436836565033
38647,true,-1.2680892580690397,13,633.3333333333333,94.73684210526316,94.73461573961161
38682,true,-1.1910922651808278,13,633.3333333333333,94.73684210526316,94.73483837617677
38715,true,-1.099487705533818,13,633.3333333333333,94.73684210526316,94.7350387490854
38749,true,-1.0165253380780825,13,633.3333333333333,94.73684210526316,94.73521908470317
38778,true,-0.9386896427592717,13,633.3333333333333,94.73684210526316,94.73538138675917
38812,true,-0.8769179979674675,13,633.3333333333333,94.73684210526316,94.73552745860957
38846,true,-0.8133346694110344,13,633.3333333333333,94.73684210526316,94.73565892327493
38880,true,-0.7572320721060635,13,633.3333333333333,94.73684210526316,94.73577724147376
38912,true,-0.7080505677837721,13,633.3333333333333,94.73684210526316,94.7358837278527
38945,true,-0.7013824903834234,12,600.0,100.0,94.73597956559374
38982,true,-0.7558318789812688,12,600.0,100.0,95.26238160903436
39011,true,-0.8519208437812722,12,600.0,100.0,95.73614344813093
39048,true,-0.9573035036132467,12,600.0,100.0,96.16252910331784
39086,true,-1.0532937223622127,12,600.0,100.0,96.54627619298606
39116,true,-1.1154839656148567,12,600.0,100.0,96.89164857368745
39199,true,-1.1116157435933758,12,600.0,100.0,97.20248371631871
39210,true,-1.0768829141097456,12,600.0,100.0,97.48223534468684
39289,true,-1.0380152260177056,12,600.0,100.0,97.73401181021816
39323,true,-1.0063951465485843,12,600.0,100.0,97.96061062919635
39387,true,-0.9559758335017818,12,600.0,100.0,98.16454956627672
39415,true,-0.8994455126576213,12,600.0,100.0,98.34809460964905
39493,true,-0.8305104534555596,12,600.0,100.0,98.51328514868415
39517,true,-0.7526993437247995,12,600.0,100.0,98.66195663381573
39586,true,-0.6535449155432786,12,600.0,100.0,98.79576097043416
39614,true,-0.5526740974415532,12,600.0,100.0,98.91618487339075
39690,true,-0.4776984635735744,12,600.0,100.0,99.02456638605167
39720,true,-0.46664526745607304,12,600.0,100.0,99.12210974744652
39785,true,-0.4976933099497103,13,600.0,100.0,99.20989877270186
39817,true,-0.5589963706581784,13,600.0,100.0,99.28890889543167
39892,true,-0.6360213994770163,13,600.0,100.0,99.3600180058885
39913,true,-0.6980487001702897,13,600.0,100.0,99.42401620529965
39984,true,-0.709305597877119,13,600.0,100.0,99.48161458476969
40017,true,-0.6942187586361115,13,600.0,100.0,99.53345312629273
40080,true,-0.658568762869777,13,600.0,100.0,99.58010781366346
40119,true,-0.6249376553160175,13,600.0,100.0,99.62209703229712
40190,true,-0.5860639911551289,13,600.0,100.0,99.65988732906742
40225,true,-0.5484175563955489,13,600.0,100.0,99.69389859616068
40285,true,-0.48657808182898066,13,600.0,100.0,99.7245087365446
40319,true,-0.4310401068159422,13,600.0,100.0,99.75205786289015
40397,true,-0.37015013283294707,13,600.0,100.0,99.77685207660114
40416,true,-0.34749931481076146,13,600.0,100.0,99.79916686894103
40483,true,-0.39923118381946665,14,600.0,100.0,99.81925018204693
40516,true,-0.4808710005444823,14,600.0,100.0,99.83732516384224
40595,true,-0.5523768292896136,14,600.0,100.0,99.85359264745802
40614,true,-0.6222656227556911,14,600.0,100.0,99.86823338271222
40690,true,-0.659585950595357,13,600.0,100.0,99.881410044441
40721,true,-0.6397325681074904,13,600.0,100.0,99.8932690399969
40796,true,-0.6195230513817478,13,600.0,100.0,99.90394213599721
40819,true,-0.612567582553794,13,600.0,100.0,99.9135479223975
40891,true,-0.5938464500886198,13,600.0,100.0,99.92219313015775
40916,true,-0.576402186352027,13,600.0,100.0,99.92997381714198
40983,true,-0.5275255074468532,13,600.0,100.0,99.9369764354278
41019,true,-0.4460195192707488,13,600.0,100.0,99.94327879188502
41087,true,-0.3674068081858195,13,600.0,100.0,99.94895091269652
41116,true,-0.3172528080235395,13,600.0,100.0,99.95405582142686
41183,true,-0.36302242642835836,14,600.0,100.0,99.95865023928418
41227,true,-0.4253128625867646,14,600.0,100.0,99.96278521535577
41292,true,-0.363754354255974,13,655.5419999999999,91.52731632755797,99.9665066938202
41315,true,-0.43653695378904445,12,566.6666666666666,105.88235294117648,99.12258765719398
41410,true,-0.47358397509245265,13,655.5419999999999,91.52731632755797,99.79856418559223
41429,true,-0.42338485684854277,12,566.6666666666666,105.88235294117648,98.9714393997888
41482,true,-0.36814008990353386,13,655.5419999999999,91.52731632755797,99.66253075392758
41514,true,-0.3290586792910517,13,655.5419999999999,91.52731632755797,98.84900931129063
41542,true,-0.29336001555265057,13,655.5419999999999,91.52731632755797,98.11684001291736
41582,true,-0.2547261037564681,13,659.4839999999999,90.98022089997636,97.45788764438143
41611,true,-0.21849877285501407,13,659.4839999999999,90.98022089997636,96.81012096994093
41646,true,-0.17518937114394362,13,659.4839999999999,90.98022089997636,96.22713096294447
41686,true,-0.0021287547549775354,12,720.0,83.33333333333333,95.70243995664767
41714,true,0.0437230411338021,12,720.0,83.33333333333333,94.46552929431623
41746,true,0.08310411162364062,12,720.0,83.33333333333333,93.35230969821794
41778,true,0.11848321617819124,11,680.0,88.23529411764706,92.35041206172947
41815,true,0.1445857773017849,11,680.0,88.23529411764706,91.93890026732123
41845,true,0.16279462575485582,11,680.0,88.23529411764706,91.56853965235382
41879,true,0.12246235329024557,12,644.184,93.1410901233188,91.23521509888315
41911,true,0.053758808822408355,12,644.184,93.1410901233188,91.42580260132672
41953,true,-0.0174474502071007,12,644.184,93.1410901233188,91.59733135352593
41981,true,-0.07565878967020012,12,644.184,93.1410901233188,91.75170723050522
42010,true,-0.11163642363763415,12,600.0,100.0,91.89064551978659
42048,true,-0.07403360859930785,12,600.0,100.0,92.70158096780793
42084,true,0.01008601423288269,12,600.0,100.0,93.43142287102714
42121,true,0.11204428266742639,12,644.184,93.1410901233188,94.08828058392443
42156,true,0.21099368175555355,12,600.0,100.0,93.99356153786387
42188,true,0.29247224508344516,12,600.0,100.0,94.59420538407748
42212,true,0.3502492934854047,12,600.0,100.0,95.13478484566974
42243,true,0.40433721606746076,12,600.0,100.0,95.62130636110277
42277,true,0.4598328475606763,12,600.0,100.0,96.0591757249925
42312,true,0.5270832930812048,12,600.0,100.0,96.45325815249325
42351,true,0.5953133036862255,12,600.0,100.0,96.80793233724393
42379,true,0.6506854673095859,12,600.0,100.0,97.12713910351954
42410,true,0.6903384942203559,12,600.0,100.0,97.41442519316759
42448,true,0.7128222125389527,12,600.0,100.0,97.67298267385083
42483,true,0.7317480418964237,12,600.0,100.0,97.90568440646574
42515,true,0.7499745076380862,12,600.0,100.0,98.11511596581917
42588,true,0.6895345066947982,13,600.0,100.0,98.30360436923726
42614,true,0.5755455594074022,13,600.0,100.0,98.47324393231354
42683,true,0.4333592335163132,13,600.0,100.0,98.62591953908219
42712,true,0.2743939225257179,13,600.0,100.0,98.76332758517397
42780,true,0.1434730840998668,13,600.0,100.0,98.88699482665658
42821,true,0.12684786267948311,13,600.0,100.0,98.99829534399092
42899,true,0.157417548897115,13,600.0,100.0,99.09846580959183
42912,true,0.2006605284310865,13,600.0,100.0,99.18861922863265
42986,true,0.24875223902483867,13,600.0,100.0,99.26975730576939
43016,true,0.29295433048554287,13,600.0,100.0,99.34278157519245
43086,true,0.3349404369537581,13,600.0,100.0,99.4085034176732
43115,true,0.3983130798926595,13,600.0,100.0,99.46765307590589
43146,true,0.4737700209221316,13,600.0,100.0,99.5208877683153
43178,true,0.5433571712294167,13,600.0,100.0,99.56879899148377
43212,true,0.5857713008735175,13,600.0,100.0,99.6119190923354
43247,true,0.5934948840865388,13,600.0,100.0,99.65072718310186
43280,true,0.5231012582045764,14,600.0,100.0,99.68565446479168
43315,true,0.33161730663243816,14,600.0,100.0,99.71708901831252
43344,true,0.11880582013085927,14,600.0,100.0,99.74538011648127
43378,true,-0.09623288091012228,14,600.0,100.0,99.77084210483315
43410,true,-0.2955813932195497,14,600.0,100.0,99.79375789434984
43446,true,-0.434093712163218,14,600.0,100.0,99.81438210491486
43479,true,-0.44218681260758785,14,600.0,100.0,99.83294389442337
43511,true,-0.4220927348704606,14,600.0,100.0,99.84964950498103
43544,true,-0.38865830740994056,14,600.0,100.0,99.86468455448293
43576,true,-0.37817454800236305,14,600.0,100.0,99.87821609903465
43611,true,-0.3812145954199764,14,600.0,100.0,99.89039448913118
43641,true,-0.38520094399953564,14,600.0,100.0,99.90135504021806
43684,true,-0.36102800336641394,14,600.0,100.0,99.91121953619626
43716,true,-0.3141353008142289,14,600.0,100.0,99.92009758257663
43781,true,-0.21153522394777724,14,600.0,100.0,99.92808782431896
43817,true,-0.0836446622973881,14,600.0,100.0,99.93527904188707
43890,true,0.06832098864418867,14,600.0,100.0,99.94175113769836
43915,true,0.20803013853702623,14,600.0,100.0,99.94757602392853
43944,true,0.29364477950332457,14,600.0,100.0,99.95281842153568
43976,true,0.33560717134139395,14,600.0,100.0,99.95753657938212
44018,true,0.36956016834218985,14,600.0,100.0,99.96178292144391
44051,true,0.39667905474124154,14,600.0,100.0,99.96560462929952
44083,true,0.41512671677227786,14,600.0,100.0,99.96904416636957
44113,true,0.47371096601784757,14,600.0,100.0,99.97213974973262
44142,true,0.5678840549648498,14,600.0,100.0,99.97492577475936
44177,true,0.6752757284727977,14,600.0,100.0,99.97743319728342
44215,true,0.7484521056937297,14,600.0,100.0,99.97968987755507
44250,true,0.7734902276681055,14,600.0,100.0,99.98172088979958
44275,true,0.7422116287021936,14,600.0,100.0,99.98354880081962
44310,true,0.6880558625178708,14,600.0,100.0,99.98519392073766
44345,true,0.632463180758208,13,600.0,100.0,99.9866745286639
44391,true,0.5973464238102508,13,600.0,100.0,99.98800707579751
44404,true,0.5921144047432279,13,600.0,100.0,99.98920636821776
44440,true,0.6214988229142762,13,600.0,100.0,99.99028573139599
44516,true,0.6558901172116123,13,600.0,100.0,99.99125715825639
44552,true,0.6935089951714417,13,600.0,100.0,99.99213144243075
44617,true,0.6908173293566051,13,600.0,100.0,99.99291829818767
44650,true,0.6646514041222531,13,600.0,100.0,99.99362646836892
44726,true,0.6455830323436658,13,600.0,100.0,99.99426382153203
44752,true,0.6249452142045016,13,600.0,100.0,99.99483743937883
44820,true,0.6161762527919734,13,600.0,100.0,99.99535369544094
44849,true,0.65542643034766,13,600.0,100.0,99.99581832589685
44891,true,0.7426988875046163,13,600.0,100.0,99.99623649330717
44918,true,0.8427177879717078,13,600.0,100.0,99.99661284397645
44948,true,0.9385354778855515,13,600.0,100.0,99.9969515595788
44983,true,1.0060401309728206,12,600.0,100.0,99.99725640362092
45015,true,1.0581054353345678,12,600.0,100.0,99.99753076325884
45041,true,1.110576893849867,12,600.0,100.0,99.99777768693295
45115,true,1.1564007634430027,12,600.0,100.0,99.99799991823966
45150,true,1.2077719075373352,12,600.0,100.0,99.9981999264157
45223,true,1.2411658263572463,12,600.0,100.0,99.99837993377413
45258,true,1.2291043170467333,12,600.0,100.0,99.99854194039672
45324,true,1.158915299167262,12,600.0,100.0,99.99868774635705
45354,true,1.0702599002742659,12,600.0,100.0,99.99881897172135
45412,true,0.9777110818424148,12,600.0,100.0,99.99893707454922
45448,true,0.9079042602404854,12,600.0,100.0,99.9990433670943
45486,true,0.894589183937768,12,600.0,100.0,99.99913903038487
45513,true,0.9227267723390753,12,600.0,100.0,99.99922512734638
45582,true,0.9577470577925737,12,600.0,100.0,99.99930261461174
45619,true,0.9785352850265951,12,600.0,100.0,99.99937235315056
45692,true,1.0031562831777308,12,600.0,100.0,99.9994351178355
45712,true,1.0300077301247939,11,600.0,100.0,99.99949160605196
45797,true,1.062586007080057,11,600.0,100.0,99.99954244544676
45813,true,1.1132533707513517,11,600.0,100.0,99.9995882009021
45880,true,1.090065409121138,11,600.0,100.0,99.99962938081188
45916,true,1.017436766091663,11,600.0,100.0,99.9996664427307
45980,true,0.9197970540847109,11,600.0,100.0,99.99969979845763
46014,true,0.8044413670327231,12,600.0,100.0,99.99972981861187
46087,true,0.6728514392344778,12,600.0,100.0,99.99975683675068
46111,true,0.6255304598243754,12,600.0,100.0,99.99978115307562
46180,true,0.6234224418109875,12,600.0,100.0,99.99980303776806
46214,true,0.6302851205057323,12,600.0,100.0,99.99982273399125
46275,true,0.6578866866589124,12,600.0,100.0,99.99984046059213
46315,true,0.6928391730562851,12,600.0,100.0,99.99985641453291
46351,true,0.7428294490665053,12,600.0,100.0,99.99987077307962
46378,true,0.8017418843042208,12,600.0,100.0,99.99988369577166
46411,true,0.8780142936992661,12,600.0,100.0,99.99989532619449
46444,true,0.9631902933668073,12,600.0,100.0,99.99990579357504
46485,true,1.0418439918909144,12,600.0,100.0,99.99991521421754
46511,true,1.0945753067773012,12,600.0,100.0,99.99992369279579
46549,true,1.0846756987550634,13,566.6666666666666,105.88235294117648,99.99993132351621
46578,true,1.0203928700836684,12,566.6666666666666,105.88235294117648,100.58817348528224
46613,true,0.9286293059667798,12,566.6666666666666,105.88235294117648,101.11759143087167
46645,true,0.830286029785043,12,566.6666666666666,105.88235294117648,101.59406758190215
46671,true,0.7393260126378038,12,566.6666666666666,105.88235294117648,102.02289611782959
46712,true,0.6896738432528764,12,566.6666666666666,105.88235294117648,102.40884180016428
46752,true,0.6796400382786487,12,566.6666666666666,105.88235294117648,102.75619291426551
46780,true,0.6740058145281864,12,566.6666666666666,105.88235294117648,103.06880891695661
46811,true,0.6744406774367349,12,566.6666666666666,105.88235294117648,103.35016331937861
46847,true,0.6779081947080385,12,566.6666666666666,105.88235294117648,103.6033822815584
46879,true,0.6931291553766812,12,566.6666666666666,105.88235294117648,103.83127934752021
46910,true,0.721305404497997,12,566.6666666666666,105.88235294117648,104.03638670688584
46939,true,0.7672854277576846,12,566.6666666666666,105.88235294117648,104.22098333031491
46979,true,0.8254976259794375,12,566.6666666666666,105.88235294117648,104.38712029140108
47010,true,0.8968476934973353,12,566.6666666666666,105.88235294117648,104.53664355637862
47044,true,0.9852562832134595,12,566.6666666666666,105.88235294117648,104.67121449485842
47081,true,1.066471824462269,12,566.6666666666666,105.88235294117648,104.79232833949023
47113,true,1.1425370416748422,12,566.6666666666666,105.88235294117648,104.90133079965885
47179,true,1.2102710820045104,12,566.6666666666666,105.88235294117648,104.99943301381062
47215,true,1.2672265045616768,12,566.6666666666666,105.88235294117648,105.0877250065472
47295,true,1.2176263301529673,13,566.6666666666666,105.88235294117648,105.16718780001014
47314,true,1.1436795038408718,12,600.0,100.0,105.23870431412678
47389,true,1.06906481116863,12,600.0,100.0,104.7148338827141
47430,true,0.984782427605893,12,600.0,100.0,104.2433504944427
47488,true,0.9027245241717594,12,600.0,100.0,103.81901544499843
47520,true,0.9113148877195272,12,600.0,100.0,103.43711390049859
47589,true,0.9377632893705936,12,600.0,100.0,103.09340251044873
47611,true,0.9579886701510816,12,600.0,100.0,102.78406225940385
47688,true,0.9919446900411799,12,600.0,100.0,102.50565603346347
47709,true,1.0260241735208808,12,600.0,100.0,102.25509043011712
47786,true,1.0611230003073615,12,600.0,100.0,102.02958138710541
47815,true,1.103529543000235,12,600.0,100.0,101.82662324839487
47884,true,1.1442900402367684,12,600.0,100.0,101.64396092355538
47914,true,1.1780557039401458,12,600.0,100.0,101.47956483119985
47984,true,1.1640833902866632,13,566.6666666666666,105.88235294117648,101.33160834807987
48010,true,1.1055576644277778,13,566.6666666666666,105.88235294117648,101.78668280738954
48085,true,1.0310794090623006,13,566.6666666666666,105.88235294117648,102.19624982076824
48116,true,0.9577459401419617,13,566.6666666666666,105.88235294117648,102.56486013280907
48146,true,0.8822031788000118,12,566.6666666666666,105.88235294117648,102.89660941364582
48177,true,0.8535562032062955,12,566.6666666666666,105.88235294117648,103.1951837663989
48260,true,0.8658420191219989,12,566.6666666666666,105.88235294117648,103.46390068387666
48284,true,0.8885814321253065,12,566.6666666666666,105.88235294117648,103.70574590960665
48351,true,0.9026580803916318,12,566.6666666666666,105.88235294117648,103.92340661276364
48387,true,0.9157741012294025,12,566.6666666666666,105.88235294117648,104.11930124560493
48449,true,0.9306413105925628,12,566.6666666666666,105.88235294117648,104.2956064151621
48476,true,0.9525947426189703,12,566.6666666666666,105.88235294117648,104.45428106776355
48543,true,0.9785196014518363,12,566.6666666666666,105.88235294117648,104.59708825510485
48580,true,1.0178858912785245,12,566.6666666666666,105.88235294117648,104.72561472371201
48629,true,1.0584573344736157,12,566.6666666666666,105.88235294117648,104.84128854545847
48639,true,1.0858459786481092,12,566.6666666666666,105.88235294117648,104.94539498503028
48713,true,1.0715062547787966,13,533.3333333333334,112.49999999999999,105.0390907806449
48743,true,1.000380979520287,13,533.3333333333334,112.49999999999999,105.78518170258042
48773,true,0.8950055040672567,13,533.3333333333334,112.49999999999999,106.45666353232238
48806,true,0.7802079047792745,13,533.3333333333334,112.49999999999999,107.06099717909015
48837,true,0.6732417034614571,13,533.3333333333334,112.49999999999999,107.60489746118114
48875,true,0.6030934417990466,13,533.3333333333334,112.49999999999999,108.09440771506303
48913,true,0.5859085998236822,13,533.3333333333334,112.49999999999999,108.53496694355673
48939,true,0.5987521680332009,12,533.3333333333334,112.49999999999999,108.93147024920106
49020,true,0.6139864934847026,12,533.3333333333334,112.49999999999999,109.28832322428096
49049,true,0.6201317633606891,12,533.3333333333334,112.49999999999999,109.60949090185287
49117,true,0.6182907378829725,12,533.3333333333334,112.49999999999999,109.89854181166758
49151,true,0.6165520250222585,12,533.3333333333334,112.49999999999999,110.15868763050082
49215,true,0.5606159365094641,12,574.464,104.4451871657754,110.39281886745074
49251,true,0.5634610342933399,12,577.712,103.85797767745866,109.79805569728322
49277,true,0.5749452105469288,12,577.712,103.85797767745866,109.20404789530077
49309,true,0.5966957893422773,12,574.464,104.4451871657754,108.66944087351656
49349,true,0.6236387575166304,12,574.464,104.4451871657754,108.24701550274244
49380,true,0.6499569668412164,12,574.464,104.4451871657754,107.86683266904575
49460,true,0.6619054733023404,12,577.712,103.85797767745866,107.52466811871872
49475,true,0.600876021575715,12,577.712,103.85797767745866,107.15799907459272
49506,true,0.4934355420925556,12,577.712,103.85797767745866,106.82799693487932
49545,true,0.4071741446632302,13,577.808,103.84072217760917,106.53099500913726
49575,true,0.31193722017656,12,577.808,103.84072217760917,106.26196772598445
49611,true,0.21263074508638624,12,577.808,103.84072217760917,106.01984317114692
49643,true,0.1968044374513056,12,577.808,103.84072217760917,105.80193107179315
49677,true,0.21623551823753928,12,577.808,103.84072217760917,105.60581018237475
49718,true,0.21021854965167108,12,577.808,103.84072217760917,105.4293013818982
49755,true,0.18665626499361565,12,583.056,102.90606734173046,105.2704434614693
49775,true,0.18471356634171343,12,577.808,103.84072217760917,105.03400584949543
49810,true,0.17668350671226563,12,577.712,103.85797767745866,104.9146774823068
49853,true,0.17725251519695462,12,577.712,103.85797767745866,104.809007501822
49880,true,0.16840763307365592,12,577.712,103.85797767745866,104.71390451938566
49910,true,0.1788235581645381,12,533.3333333333334,112.49999999999999,104.62831183519297
49943,true,0.2007093673879865,12,533.3333333333334,112.49999999999999,105.41548065167368
49976,true,0.22845044109223522,12,533.3333333333334,112.49999999999999,106.12393258650631
50010,true,0.25740743664317733,12,533.3333333333334,112.49999999999999,106.76153932785569
50045,true,0.2914046854732817,12,533.3333333333334,112.49999999999999,107.33538539507012
50078,true,0.3277953293531084,12,533.3333333333334,112.49999999999999,107.85184685556311
50107,true,0.35805570554290966,12,533.3333333333334,112.49999999999999,108.31666217000681
50143,true,0.38641581755868515,12,533.3333333333334,112.49999999999999,108.73499595300613
50174,true,0.4193978029333323,12,533.3333333333334,112.49999999999999,109.11149635770552
50210,true,0.44976106861616927,12,533.3333333333334,112.49999999999999,109.45034672193496
50245,true,0.4268465655305249,13,533.3333333333334,112.49999999999999,109.75531204974146
50277,true,0.3581156049080221,13,533.3333333333334,112.49999999999999,110.02978084476732
50316,true,0.27370293715020466,13,533.3333333333334,112.49999999999999,110.2768027602906
50349,true,0.17620382814740765,13,533.3333333333334,112.49999999999999,110.49912248426153
50381,true,0.08100580201030994,13,533.3333333333334,112.49999999999999,110.69921023583538
50407,true,0.020344109986382364,13,533.3333333333334,112.49999999999999,110.87928921225185
50445,true,0.005622738742687261,13,533.3333333333334,112.49999999999999,111.04136029102666
50474,true,0.004889251174120091,13,533.3333333333334,112.49999999999999,111.187224261924
50510,true,0.004957735126424723,13,533.3333333333334,112.49999999999999,111.31850183573161
50538,true,-0.009305175349567207,13,533.3333333333334,112.49999999999999,111.43665165215845
50578,true,-0.023546718561561875,13,533.3333333333334,112.49999999999999,111.54298648694261
50610,true,-0.03308757644148841,13,533.3333333333334,112.49999999999999,111.63868783824834
50645,true,-0.03988799542912602,13,533.3333333333334,112.49999999999999,111.7248190544235
50674,true,-0.037384264679047874,13,533.3333333333334,112.49999999999999,111.80233714898115
50709,true,-0.017546326657651434,13,533.3333333333334,112.49999999999999,111.87210343408304
50744,true,0.022736092435195587,13,533.3333333333334,112.49999999999999,111.93489309067475
50779,true,0.0631787896585081,13,533.3333333333334,112.49999999999999,111.99140378160727
50855,true,0.10575335884556125,13,533.3333333333334,112.49999999999999,112.04226340344655
50880,true,0.1355102632980163,13,533.3333333333334,112.49999999999999,112.08803706310191
50910,true,0.16807193086282268,13,533.3333333333334,112.49999999999999,112.12923335679172
50940,true,0.1862159277616513,13,533.3333333333334,112.49999999999999,112.16631002111255
50978,true,0.1883024045306172,13,533.3333333333334,112.49999999999999,112.1996790190013
51008,true,0.13829881314069326,14,566.6666666666666,105.88235294117648,112.22971111710116
51042,true,0.06017501403212577,14,566.6666666666666,105.88235294117648,111.5949752995087
51077,true,-0.042635650723354956,14,566.6666666666666,105.88235294117648,111.02371306367549
51109,true,-0.15514588165160603,14,566.6666666666666,105.88235294117648,110.5095770514256
51140,true,-0.2514948863484392,14,566.6666666666666,105.88235294117648,110.0468546404007
51177,true,-0.297483347682828,13,533.3333333333334,112.49999999999999,109.63040447047828
51210,true,-0.3055453190137314,13,533.3333333333334,112.49999999999999,109.91736402343045
51242,true,-0.30246639671420894,13,533.3333333333334,112.49999999999999,110.17562762108741
51280,true,-0.28933338002573805,13,533.3333333333334,112.49999999999999,110.40806485897868
51314,true,-0.2906367136446306,13,533.3333333333334,112.49999999999999,110.61725837308082
51346,true,-0.29056075556167116,13,533.3333333333334,112.49999999999999,110.80553253577274
51381,true,-0.2997924456246608,13,533.3333333333334,112.49999999999999,110.97497928219546
51411,true,-0.3045990128412086,13,533.3333333333334,112.49999999999999,111.12748135397592
51443,true,-0.30082616140541063,13,533.3333333333334,112.49999999999999,111.26473321857833
51482,true,-0.28055820039014634,13,533.3333333333334,112.49999999999999,111.3882598967205
51512,true,-0.254673328792677,13,533.3333333333334,112.49999999999999,111.49943390704846
51546,true,-0.2241847156748804,13,533.3333333333334,112.49999999999999,111.59949051634361
51580,true,-0.17988134728017258,13,533.3333333333334,112.49999999999999,111.68954146470925
51608,true,-0.13337879772061,13,533.3333333333334,112.49999999999999,111.77058731823833
51644,true,-0.09534906016509126,13,533.3333333333334,112.49999999999999,111.8435285864145
51678,true,-0.07354105570837532,13,533.3333333333334,112.49999999999999,111.90917572777305
51709,true,-0.06233842998014438,13,533.3333333333334,112.49999999999999,111.96825815499574
51740,true,-0.1188808517559039,13,600.0,100.0,112.02143233949617
51778,true,-0.225369551926633,13,600.0,100.0,110.81928910554656
51811,true,-0.3505938468830152,13,600.0,100.0,109.73736019499191
51845,true,-0.4709574588461578,13,600.0,100.0,108.76362417549272
51874,true,-0.5759755276197609,13,600.0,100.0,107.88726175794345
51909,true,-0.6218183406184323,13,600.0,100.0,107.09853558214911
51946,true,-0.6212564898315236,13,600.0,100.0,106.38868202393421
51978,true,-0.6042157407838431,13,600.0,100.0,105.74981382154078
52012,true,-0.5807187706062678,13,600.0,100.0,105.1748324393867
52045,true,-0.5675603458188618,13,600.0,100.0,104.65734919544803
52120,true,-0.5631068874099583,13,600.0,100.0,104.19161427590323
52149,true,-0.56175522605011,13,600.0,100.0,103.77245284831291
52181,true,-0.5478951191485351,13,600.0,100.0,103.39520756348162
52212,true,-0.5295478315597961,13,600.0,100.0,103.05568680713345
52244,true,-0.5030902188335347,12,633.3333333333333,94.73684210526316,102.7501181264201
52279,true,-0.47039467941448265,12,633.3333333333333,94.73684210526316,101.94879052430441
52308,true,-0.43367658669296816,12,633.3333333333333,94.73684210526316,101.22759568240029
52339,true,-0.40310450516025753,12,633.3333333333333,94.73684210526316,100.57852032468658
52374,true,-0.3674099387537808,12,633.3333333333333,94.73684210526316,99.99435250274423
52408,true,-0.3401612085796728,12,633.3333333333333,94.73684210526316,99.46860146299613
52439,true,-0.31773384274271166,12,633.3333333333333,94.73684210526316,98.99542552722284
52476,true,-0.3088343851826494,12,633.3333333333333,94.73684210526316,98.56956718502687
52507,true,-0.34159341271131893,13,633.3333333333333,94.73684210526316,98.1862946770505
52541,true,-0.4373730493021526,13,633.3333333333333,94.73684210526316,97.84134941987176
52576,true,-0.5539312650015518,13,633.3333333333333,94.73684210526316,97.5308986884109
52610,true,-0.6728222688019798,13,633.3333333333333,94.73684210526316,97.25149303009613
52640,true,-0.7846436908131693,12,666.6666666666666,90.0,97.00002793761283
52679,true,-0.8658964026111846,12,666.6666666666666,90.0,96.30002514385154
52725,true,-0.8904808510329758,12,666.6666666666666,90.0,95.67002262946639
52741,true,-0.881596337581044,12,666.6666666666666,90.0,95.10302036651976
52776,true,-0.8690615493290466,12,666.6666666666666,90.0,94.59271832986778
52814,true,-0.8585756565583154,12,666.6666666666666,90.0,94.133446496881
52845,true,-0.8438926679564247,12,666.6666666666666,90.0,93.72010184719291
52882,true,-0.8313549663932633,12,666.6666666666666,90.0,93.34809166247362
52910,true,-0.8208497843516227,12,666.6666666666666,90.0,93.01328249622627
52946,true,-0.8081718140434191,12,666.6666666666666,90.0,92.71195424660364
53016,true,-0.7899749715260498,12,666.6666666666666,90.0,92.44075882194328
53046,true,-0.7594305995659454,12,666.6666666666666,90.0,92.19668293974895
53119,true,-0.7172359146192662,12,666.6666666666666,90.0,91.97701464577406
53149,true,-0.6697664477824787,12,666.6666666666666,90.0,91.77931318119666
53212,true,-0.61829857336906,12,666.6666666666666,90.0,91.601381863077
53244,true,-0.5585300313854589,12,666.6666666666666,90.0,91.4412436767693
53325,true,-0.5820811175377401,13,666.6666666666666,90.0,91.29711930909238
53350,true,-0.6579163792798113,13,666.6666666666666,90.0,91.16740737818314
53424,true,-0.7457854270220139,13,666.6666666666666,90.0,91.05066664036482
53447,true,-0.8426037404788929,13,666.6666666666666,90.0,90.94559997632834
53526,true,-0.9388169643353024,12,666.6666666666666,90.0,90.85103997869551
53554,true,-0.96003642199193,12,666.6666666666666,90.0,90.76593598082596
53618,true,-0.9471962362422062,12,666.6666666666666,90.0,90.68934238274336
53652,true,-0.9317590859879772,12,666.6666666666666,90.0,90.62040814446902
53712,true,-0.9090690708831914,12,666.6666666666666,90.0,90.55836733002212
53745,true,-0.8937320852138271,12,666.6666666666666,90.0,90.50253059701991
53823,true,-0.8646201894864021,12,666.6666666666666,90.0,90.45227753731793
53845,true,-0.8236334785665633,12,666.6666666666666,90.0,90.40704978358613
53910,true,-0.7710532869545546,12,666.6666666666666,90.0,90.36634480522753
53950,true,-0.7137183296264595,12,666.6666666666666,90.0,90.32971032470478
54018,true,-0.6524246721353677,12,666.6666666666666,90.0,90.2967392922343
54055,true,-0.6073554230681282,12,666.6666666666666,90.0,90.26706536301087
54121,true,-0.6801419532876025,13,633.3333333333333,94.73684210526316,90.24035882670978
54143,true,-0.7809602289803479,13,633.3333333333333,94.73684210526316,90.69000715456512
54223,true,-0.8798499288296568,13,633.3333333333333,94.73684210526316,91.09469064963493
54255,true,-0.9746063080218619,13,633.3333333333333,94.73684210526316,91.45890579519775
54315,true,-1.0463000654520442,13,633.3333333333333,94.73684210526316,91.7866994262043
54346,true,-1.0100137671172718,13,633.3333333333333,94.73684210526316,92.08171369411018
54419,true,-0.9528631025948187,13,633.3333333333333,94.73684210526316,92.34722653522547
54443,true,-0.9038288079377423,13,633.3333333333333,94.73684210526316,92.58618809222925
54473,true,-0.8661026639969975,12,733.3333333333333,81.81818181818183,92.80125349353264
54507,true,-0.8399491679006132,12,733.3333333333333,81.81818181818183,91.70294632599757
54547,true,-0.8015041054547964,12,733.3333333333333,81.81818181818183,90.71446987521601
54585,true,-0.75507845680076,12,733.3333333333333,81.81818181818183,89.8248410695126
54608,true,-0.6943908927018185,12,733.3333333333333,81.81818181818183,89.02417514437953
54641,true,-0.6319510793899212,12,733.3333333333333,81.81818181818183,88.30357581175976
54673,true,-0.583833414885703,12,733.3333333333333,81.81818181818183,87.65503641240197
54707,true,-0.543052617456226,12,733.3333333333333,81.81818181818183,87.07135095297996